compound_id,canonical_smiles,task,branch,pair_id,target_uniprot,offtarget_uniprot,seed_record_id,seed_zinc_id,similarity_to_seed,MW,cLogP,TPSA,rotatable_bonds,HBD,HBA,QED,SA,detail_target_median,detail_offtarget_median,detail_dd_median,detail_dd_worst,detail_dd_sd,seed_detail_dd_median,dd_change_vs_seed,target_pose_stable,offtarget_pose_stable,ames,bbb,bioavailability,cyp1a2_inhibition,cyp2c19_inhibition,cyp2c9_inhibition,cyp2d6_inhibition,cyp3a4_inhibition,carcinogenicity,clintox,dili,hia,pampa,pgp_inhibition,herg,caco2,hepatocyte_clearance,microsome_clearance,half_life,solubility,vdss,cross_domain_shortlist,mmgbsa_baseline_complete,mmgbsa_dual_endpoint_improved,mmgbsa_status,final_selected
A6PX-P005-0146,CCN(C)C(=O)CNc1ccc(NC(=O)[C@]23COCC[C@H]2CN(C(=O)OC(C)(C)C)C3)cc1,05_o14843_partial,partial,O14843__O15529,O14843,O15529,05_o14843_partial::ZINC001466102363,ZINC001466102363,0.6153846153846154,460.5750000000002,2.788900000000001,100.20999999999998,6,2,6,0.6772207201099679,3.590541142803705,-6.873,-4.682,-2.2429999999999994,-1.7929999999999993,0.3029470067336679,-1.8019999999999996,-0.44099999999999984,True,False,0.24870116710662843,0.6170451998710632,0.5147425532341003,0.0062620168086141344,0.058648067712783816,0.03172332909889519,0.01919439248740673,0.5869869351387024,0.11657999902963638,0.30040830075740815,0.4606635391712189,0.9701529741287231,0.889238965511322,0.11930166259407997,0.5910702705383301,-4.726702622581316,49.500516357207495,54.5742730885522,29.364500433769923,-3.520716640607128,2.4163919525351454,True,True,True,dual_endpoint_improved,True
A6PX-P007-0261,NC(=O)CCCC(=O)N[C@H]1CCN2C(=O)c3cc(OCCO)ccc3CC[C@@H]12,07_galr2_full,full,O43603__O60755,O43603,O60755,07_galr2_full::ZINC000008296733,ZINC000008296733,0.3258426966292135,389.4520000000002,0.3588000000000009,121.96000000000001,8,3,5,0.5925316693619214,3.284621394917151,-6.309,-4.977,-1.4160000000000004,-1.13,0.1477317388602283,-1.1270000000000007,-0.2889999999999997,True,False,0.3784662842750549,0.29756139516830443,0.7908552289009094,0.0099295265506953,0.012610249547287821,0.006411883427063003,0.012234297953546048,0.07703675776720047,0.10709051489830017,0.16185462921857835,0.31896851360797884,0.9406393051147461,0.3424405425786972,0.09953925386071205,0.2778399743139744,-5.643778830078703,-1.0022319869406247,11.093909181964495,31.691707259235937,-1.8208145408639915,3.2035196769906045,True,False,False,seed_baseline_missing_or_failed,False
A6PX-P007-0129,COc1ccc([C@H]2CCN3C(=O)c4cc(-c5cccs5)ccc4NC(=O)[C@H]23)c(C)c1,07_galr2_partial,partial,O43603__O60755,O43603,O60755,07_galr2_partial::ZINC000008296733,ZINC000008296733,0.5316455696202531,418.51800000000003,4.682520000000004,58.64,3,1,4,0.6717557679498469,3.3243632119028037,-6.834,-5.543,-1.3250000000000002,-1.2299999999999995,0.07312242398121768,-1.1270000000000007,-0.1979999999999995,False,False,0.40724374949932096,0.7084609270095825,0.9196771502494812,0.19288840889930725,0.6958084583282471,0.7725101590156556,0.027347802743315698,0.8549594163894654,0.2781678155064583,0.20057377815246583,0.9645164489746094,0.9997988820075989,0.9428661704063416,0.9141371250152588,0.80248042345047,-4.825943687223848,83.90153601831052,92.39137013314178,64.35332239326485,-5.647306516483879,-3.88079705549501,False,False,False,not_evaluated_cross_domain_gate,False
A6PX-P008-0236,CNCc1ccc(S(=O)(=O)c2cc3ccccc3cc2C(=O)N2CCCC2)cc1,08_galr2_full,full,O43603__P30874,O43603,P30874,08_galr2_full::ZINC000003277145,ZINC000003277145,0.2702702702702703,408.52300000000025,3.628000000000002,66.48,5,1,4,0.7001540853163176,2.182944068879891,-7.553,-6.062,-1.5059999999999993,-1.367,0.0995467506026971,-0.7800000000000002,-0.7259999999999991,True,False,0.061346695944666865,0.6407868981361389,0.8140001773834229,0.08922626860439778,0.4611964255571365,0.3300016909837723,0.13505716621875763,0.8461714625358582,0.502077293395996,0.26063268184661864,0.8483229517936707,0.9871689319610596,0.8155940055847168,0.35153351426124574,0.7022917985916137,-5.0405408847939,28.112575191472104,11.468804481441486,103.77353553653488,-4.291999307298037,-5.538082003576147,True,True,False,not_dual_endpoint_improved,False
A6PX-P008-0141,O=C(C1=Cc2ccccc2CN1S(=O)(=O)c1ccc2c(c1)OCCO2)N1CCCC1,08_galr2_full,full,O43603__P30874,O43603,P30874,08_galr2_full::ZINC000003277145,ZINC000003277145,0.546875,426.4940000000003,2.6256000000000013,76.15,3,0,5,0.7542646509622875,2.6511302661599423,-8.005,-6.566,-1.4110000000000005,-1.3490000000000002,0.03795611501018872,-0.7800000000000002,-0.6310000000000002,True,True,0.05736686680465937,0.7719360828399658,0.8282623648643493,0.25897685885429383,0.9265664458274842,0.8998300790786743,0.056596285104751586,0.9204596519470215,0.1426448069512844,0.0466321986168623,0.9602133750915527,0.9996727228164672,0.9764912128448486,0.7615317285060883,0.6121932685375213,-4.546905879496255,52.15585411274795,45.86278681739249,21.79647551474225,-4.397920452312883,-1.9643266784676474,True,True,True,dual_endpoint_improved,True
A6PX-P008-0105,O=S(=O)(c1ccc2c(c1)OCCCO2)N1Cc2ccccc2C[C@H]1[C@H](O)C1CCCC1,08_galr2_full,full,O43603__P30874,O43603,P30874,08_galr2_full::ZINC000003277145,ZINC000003277145,0.5625,443.56500000000034,3.5146000000000024,76.07000000000001,4,1,5,0.7826293925824966,3.38330082552193,-8.365,-6.968,-1.4030000000000005,-1.168000000000001,0.16566431923219477,-0.7800000000000002,-0.6230000000000002,True,True,0.046018560975790025,0.7884105682373047,0.8768394947052002,0.2623678296804428,0.8639925599098206,0.8216505527496338,0.15042432993650437,0.9186911940574646,0.24871849715709687,0.03969632834196091,0.726228678226471,0.9999382615089416,0.9195278763771058,0.8169893026351929,0.8130837440490722,-4.808501045790308,82.79314551796175,113.72872530575765,-32.425354562047836,-5.885163561138524,0.11891625446496254,True,True,True,dual_endpoint_improved,True
A6PX-P008-0086,O=C([C@@H]1Cc2ccccc2NN1S(=O)(=O)c1ccc2c(c1)OCCO2)N1CCCC1,08_galr2_full,full,O43603__P30874,O43603,P30874,08_galr2_full::ZINC000003277145,ZINC000003277145,0.6833333333333333,429.49800000000033,2.0227,88.18,3,1,6,0.8033112104254442,3.101235459095215,-7.782,-6.41,-1.3719999999999999,-1.12,0.2641060393099709,-0.7800000000000002,-0.5919999999999996,True,False,0.23757783621549605,0.743639326095581,0.8116897940635681,0.16528598517179488,0.9509126424789429,0.8559579610824585,0.2268762022256851,0.9374385356903077,0.31770647764205934,0.12672919929027557,0.9438567161560059,0.9996915459632874,0.9598644852638245,0.5842119544744492,0.762471604347229,-4.692805268176833,57.323499833168036,46.83220621965387,3.670268683296309,-4.79584946055712,-5.153137355300631,True,True,True,dual_endpoint_improved,False
A6PX-P008-0088,O=S(=O)(c1ccc2c(c1)OCCO2)N1Cc2ccccc2C[C@H]1[C@@H](O)N1CCCC1,08_galr2_full,full,O43603__P30874,O43603,P30874,08_galr2_full::ZINC000003277145,ZINC000003277145,0.65,430.5260000000003,1.9876,79.31,4,1,6,0.7993123451333717,3.3998817116869002,-7.637,-6.3,-1.3230000000000004,-1.0229999999999997,0.14483400460143653,-0.7800000000000002,-0.5430000000000001,True,True,0.07685197927057744,0.6388654112815857,0.7447153687477112,0.17642021477222442,0.6397833108901978,0.3046595022082329,0.5614813387393951,0.8388293981552124,0.13389491960406302,0.2983060911297798,0.6925358176231384,0.9990625262260437,0.9236446499824524,0.6744752764701843,0.9040304303169251,-5.118763047115187,64.72438103540335,80.12697691874746,-4.762298309278978,-4.350786367796335,-1.207174341058419,True,True,False,not_dual_endpoint_improved,False
A6PX-P008-0109,Cc1cccc2c1CN(S(=O)(=O)c1ccc3c(c1)OCCO3)[C@H]([C@@H](O)N1CCCC1)C2,08_galr2_full,full,O43603__P30874,O43603,P30874,08_galr2_full::ZINC000003277145,ZINC000003277145,0.5217391304347826,444.55300000000034,2.2960200000000004,79.31,4,1,6,0.7797053695370331,3.5812271695150155,-7.801,-6.578,-1.2229999999999999,-1.218,0.057312011539176075,-0.7800000000000002,-0.4429999999999996,True,True,0.08378197029232978,0.6364365696907044,0.7891364693641663,0.14842960089445115,0.7375875234603881,0.41569972038269043,0.5923371315002441,0.9618785619735718,0.13790840581059455,0.26031368523836135,0.6899770855903625,0.999732780456543,0.9620700359344483,0.8748862147331238,0.9409749031066894,-5.097983813488554,70.07299460480615,101.14223248502836,-13.231159072218,-4.322407470222812,-2.3298030426018768,False,False,False,not_evaluated_cross_domain_gate,False
A6PX-P008-0100,O=C(C1=Cc2cccc(O)c2C[C@@H]1S(=O)(=O)c1ccc2c(c1)OCCO2)N1CCCC1,08_galr2_full,full,O43603__P30874,O43603,P30874,08_galr2_full::ZINC000003277145,ZINC000003277145,0.4305555555555556,441.50500000000034,2.5678000000000014,93.14,3,1,6,0.787071521184217,3.3191922542106074,-8.052,-7.013,-1.057999999999999,-1.0389999999999997,0.026386023236218088,-0.7800000000000002,-0.2779999999999987,True,True,0.2099907010793686,0.7501838445663452,0.7186624884605408,0.37702716588974,0.9476354241371154,0.9174111723899842,0.1825831040740013,0.9423139214515686,0.15435889214277268,0.12345563471317292,0.9071955919265747,0.9995420217514038,0.8837573766708374,0.6337274372577667,0.7537057518959045,-5.073388432932748,43.62053787369482,37.15388996245217,36.57239826703655,-4.042094587182326,-3.6886959116257003,True,True,True,dual_endpoint_improved,True
A6PX-P105-0145,Cc1c(O)ncc2ccc(N3CC[C@@]4(C=C(c5cc(F)ccc5F)C(=O)CN4C)C3)cc12,105_p29371_full,full,P21452__P29371,P29371,P21452,105_p29371_full::ZINC001165007821,ZINC001165007821,0.27472527472527475,435.47400000000016,3.6617200000000016,56.410000000000004,2,1,4,0.667650675883928,4.275343268850039,-8.868,-6.998,-1.9170000000000007,-1.5170000000000003,0.21726379255539915,-1.4479999999999995,-0.4690000000000012,True,False,0.44337040185928345,0.9033631682395935,0.9276824831962586,0.476739889383316,0.39964017271995544,0.3159488201141357,0.2835678279399872,0.8625885009765625,0.3110219717025757,0.6346802473068237,0.9221469402313233,0.9998224020004273,0.9276320338249207,0.9055567383766174,0.9216277837753296,-4.8368182672866835,83.21619866320484,25.711415781999243,79.61820118684184,-4.114426225100964,15.011115426799389,True,True,True,dual_endpoint_improved,True
A6PX-P105-0226,Cc1ccc2ccc(N3C[C@@H]4CN(c5cccc(F)c5)C(=O)CC[C@H]4C3)nc2c1C,105_p29371_full,full,P21452__P29371,P29371,P21452,105_p29371_full::ZINC001165007821,ZINC001165007821,0.3670886075949367,403.50100000000015,4.870140000000005,36.440000000000005,2,0,3,0.6125096306132032,3.2260233192373304,-8.866,-7.105,-1.7570000000000006,-1.7110000000000003,0.02763250903474994,-1.4479999999999995,-0.30900000000000105,True,False,0.471919047832489,0.9425064325332642,0.8919110655784607,0.43840348720550537,0.5285976111888886,0.35079637467861174,0.13756917268037797,0.57210853099823,0.22896284013986587,0.36556850373744965,0.7658751249313355,0.9997411370277405,0.9732435584068299,0.9519519686698914,0.9358741879463196,-4.9694874775027555,78.84505113806894,90.46537595387295,32.141530755478634,-4.513295053252345,5.59370310534842,True,True,True,dual_endpoint_improved,False
A6PX-P105-0157,CN1C(=O)C(c2cccc(F)c2)=C[C@@]12CCN(c1ccc3ccc(=O)n(C)c3c1)C2,105_p29371_full,full,P21452__P29371,P29371,P21452,105_p29371_full::ZINC001165007821,ZINC001165007821,0.3974358974358974,403.4570000000001,3.182100000000002,45.550000000000004,2,0,4,0.6603245375287687,3.8781118487850526,-8.603,-6.992,-1.7380000000000004,-1.46,0.1386634615014192,-1.4479999999999995,-0.2900000000000009,True,True,0.4906156361103058,0.9232943534851075,0.9075424075126648,0.3756831526756287,0.5554061710834504,0.3499681919813156,0.06284872554242611,0.814428198337555,0.22920693457126617,0.4349900305271149,0.9229732751846313,0.9998216271400452,0.9709911465644836,0.9155655145645142,0.898629903793335,-4.588049657345114,52.33781328256172,34.58616271274659,49.18170204064865,-3.984513451694974,-1.1333654737921428,True,True,True,dual_endpoint_improved,True
A6PX-P105-0133,Cc1c(O)ccc2ccc(N3CC[C@@]4(C=C(c5cccc(F)c5)N(C)CC4=O)C3)nc12,105_p29371_full,full,P21452__P29371,P29371,P21452,105_p29371_full::ZINC001165007821,ZINC001165007821,0.37349397590361444,417.48400000000015,4.140020000000003,56.67,2,1,5,0.679255879020278,4.032000055231324,-8.467,-6.858,-1.6139999999999999,-1.5990000000000002,0.011440668201153857,-1.4479999999999995,-0.16600000000000037,True,True,0.5052371323108673,0.7165095210075378,0.9093559265136719,0.53249272108078,0.3504196345806122,0.2875272184610367,0.10837044268846512,0.6018841743469239,0.17525568455457688,0.22073168754577638,0.8495550394058228,0.9999314427375794,0.9538895845413208,0.9358324766159057,0.7739340543746949,-5.05578651808476,69.93156246875417,78.55617817438664,-18.844543367555463,-4.37493430032258,8.690092049261082,True,True,False,not_dual_endpoint_improved,False
A6PX-P105-0010,CN1CC(=O)N(C2CCCCC2)C[C@@]12CCN(c1ccc3ccc(=O)n(C)c3n1)C2,105_p29371_partial,partial,P21452__P29371,P29371,P21452,105_p29371_partial::ZINC001165007821,ZINC001165007821,0.5970149253731343,409.5340000000001,1.989099999999999,61.68000000000001,2,0,6,0.7592140405400459,3.9422274017683225,-7.655,-6.059,-1.596,-1.3810000000000002,0.14713485877475338,-1.4479999999999995,-0.14800000000000058,True,False,0.3431581646203995,0.9442492604255677,0.7131585478782654,0.08244068808853626,0.22083766311407088,0.1725792407989502,0.062075579166412355,0.7145383596420288,0.06991911679506302,0.5235710918903351,0.7818470954895019,0.9994962453842163,0.9842393875122071,0.6209580302238464,0.8742616772651672,-4.750078386749605,51.78317825575525,69.98335051495248,13.05142238494517,-2.2978976447625783,9.974594609321263,True,True,False,not_dual_endpoint_improved,False
A6PX-P105-0014,CN1CC(=O)N(c2ccc(O)cc2)C[C@@]12CCN(c1ccc3ccc(=O)n(C)c3n1)C2,105_p29371_partial,partial,P21452__P29371,P29371,P21452,105_p29371_partial::ZINC001165007821,ZINC001165007821,0.7096774193548387,419.4850000000001,1.5665999999999993,81.91000000000001,2,1,7,0.6791317507481466,3.8864958594271304,-7.817,-6.019,-1.5759999999999996,-1.5409999999999995,0.1269076654720103,-1.4479999999999995,-0.1280000000000001,True,False,0.2937733232975006,0.3852773368358612,0.6965639352798462,0.08508542627096176,0.04300411026924848,0.0668495699763298,0.022755278367549182,0.12964040860533715,0.09413456544280052,0.3421338438987732,0.8887866497039795,0.9798260569572449,0.8227325916290283,0.22200435400009155,0.77108815908432,-5.1367839538293305,40.79362721774665,39.775108952501576,-22.02581997610243,-3.2147352198904096,1.8105691268954254,True,True,True,dual_endpoint_improved,False
A6PX-P105-0012,CN1CC(=O)N(C2=NCCC=C2)C[C@@]12CCN(c1ccc3ccc(=O)n(C)c3n1)C2,105_p29371_partial,partial,P21452__P29371,P29371,P21452,105_p29371_partial::ZINC001165007821,ZINC001165007821,0.6176470588235294,406.4900000000001,1.0148,74.04,1,0,7,0.7069146968203028,4.4208857201940805,-7.596,-6.044,-1.5510000000000002,-1.5099999999999998,0.03890444133457741,-1.4479999999999995,-0.10300000000000065,True,False,0.20264267027378083,0.651034927368164,0.6110426545143127,0.13893645405769348,0.09418058693408966,0.1199981689453125,0.07152259331196546,0.3368490278720856,0.07276831679046154,0.3746222615242004,0.8951012015342712,0.9968683838844299,0.961313259601593,0.6307341814041137,0.8256519436836243,-5.111281278830768,28.1665922849328,70.31905136466112,-12.16667787737891,-2.01332469055124,3.8580004139630653,True,True,False,not_dual_endpoint_improved,False
A6PX-P105-0036,CN1CC(=O)N(c2ccc(F)cc2)C[C@@]12CCN(c1ccc3ccc(=O)n(C)c3n1)C2,105_p29371_partial,partial,P21452__P29371,P29371,P21452,105_p29371_partial::ZINC001165007821,ZINC001165007821,0.7966101694915254,421.4760000000001,2.0000999999999998,61.68000000000001,2,0,6,0.6335563817919249,3.8344783769096464,-7.656,-6.277,-1.468,-1.3739999999999997,0.05616641938620161,-1.4479999999999995,-0.020000000000000462,True,False,0.38442228436470033,0.8513776183128356,0.8355550289154052,0.10587997287511826,0.12819844484329224,0.12990992963314058,0.05381126515567303,0.5162301421165466,0.1833535462617874,0.6023897051811218,0.9178487539291382,0.9980790138244628,0.9750635266304016,0.7088879704475403,0.9294650912284851,-4.718521190625916,49.55667803765136,40.0859887662801,-5.011546656173887,-2.52233536279477,3.342777573250536,True,True,True,dual_endpoint_improved,True
A6PX-P106-0225,Cn1cc(CC(=O)NCc2ccc3ccc(O)cc3c2)c2ccccc2c1=O,106_p29371_full,full,P25103__P29371,P29371,P25103,106_p29371_full::ZINC000012805649,ZINC000012805649,0.24390243902439024,372.42400000000004,3.2562000000000024,71.33,4,2,4,0.5776208564050369,2.2064760062011235,-10.662,-5.843,-4.795999999999999,-4.789,0.19588942459118858,-2.8810000000000002,-1.9149999999999991,True,False,0.42256755828857423,0.4412281572818756,0.7454994201660157,0.44439070820808413,0.5080162584781647,0.4047173738479614,0.24828801453113555,0.5339991331100464,0.3379853218793869,0.21377163082361222,0.7043418169021607,0.9960647344589233,0.720356571674347,0.6381702065467835,0.7358181238174438,-5.388068219095242,64.76506834491826,50.28825702876157,-18.383440241927637,-4.815020130929101,-5.878788110649078,True,True,False,not_dual_endpoint_improved,False
A6PX-P106-0224,Cc1cc(CNC(=O)CN2C(=O)N(C)[C@@](C)(O)c3ccccc32)nc2nc(N)n(C)c12,106_p29371_full,full,P25103__P29371,P29371,P25103,106_p29371_full::ZINC000012805649,ZINC000012805649,0.1836734693877551,423.47700000000015,1.2121200000000008,129.60999999999999,4,3,7,0.5784235130511801,3.5584835166032036,-9.914,-5.211,-4.661,-3.003,0.8044055085727732,-2.8810000000000002,-1.7799999999999994,True,False,0.1322702169418335,0.8243789434432983,0.7719272971153259,0.003226018673740327,0.09094903729856015,0.09624552838504315,0.05169003643095493,0.38513087928295137,0.13510962277650834,0.3785557091236115,0.6549029111862182,0.9959539294242858,0.6722518742084503,0.29308115839958193,0.7371775388717652,-5.483204493461469,-0.9789299972302488,62.88349751551998,16.464338001161117,-2.676104131695251,-0.8596681081327343,False,False,False,not_evaluated_cross_domain_gate,False
A6PX-P106-0219,Cc1cc(CNC(=O)Cc2cn(C)c(=O)c3ccccc23)nc2cc(C)n(C)c12,106_p29371_full,full,P25103__P29371,P29371,P25103,106_p29371_full::ZINC000012805649,ZINC000012805649,0.2558139534883721,388.4710000000001,2.900940000000001,68.92,4,1,5,0.5844660131588159,2.6523213317776353,-10.575,-6.359,-4.303000000000001,-3.475999999999999,0.41681037521742337,-2.8810000000000002,-1.4220000000000006,True,False,0.3034696221351624,0.7575991868972778,0.8408965229988098,0.15720222294330596,0.30467180609703065,0.25608387142419814,0.15745168179273605,0.7993816137313843,0.3001565247774124,0.4678838670253754,0.759355652332306,0.9956977963447571,0.914129114151001,0.7125131130218506,0.7575337052345276,-5.179424608148145,34.17085907974333,58.49372250099259,33.36178110598678,-3.1375183645657776,-2.7764541510308,True,True,False,not_dual_endpoint_improved,False
A6PX-P106-0264,Cc1sc2nc(CNC(=O)Cn3c(=O)n(C)c(=O)c4ccccc43)cc(=O)n2c1C,106_p29371_full,full,P25103__P29371,P29371,P25103,106_p29371_full::ZINC000012805649,ZINC000012805649,0.24719101123595505,425.47000000000014,0.7028399999999995,107.47,4,1,9,0.5180292692643165,2.6140338103100156,-10.09,-5.656,-4.196999999999999,-3.490000000000001,0.4190643016159791,-2.8810000000000002,-1.315999999999999,True,False,0.11885065287351608,0.7011437892913819,0.8468172430992127,0.02947453558444977,0.18933733254671098,0.19646365195512772,0.02006494658999145,0.678159773349762,0.25960888862609866,0.23484033346176147,0.9494660258293152,0.9835748672485352,0.7468224167823792,0.6712854683399201,0.3594025671482086,-5.32271648301918,41.47408061027675,40.448241887558275,39.03020585895236,-2.827522340171194,-7.844120490494717,False,False,False,not_evaluated_cross_domain_gate,False
A6PX-P106-0220,Cc1cc(CNC(=O)Cc2cn(C)c(=O)c3ccoc23)nc2nn(C)c(C)c12,106_p29371_full,full,P25103__P29371,P29371,P25103,106_p29371_full::ZINC000012805649,ZINC000012805649,0.24175824175824176,379.42000000000013,1.8889399999999998,94.95,4,1,7,0.5842367936005414,3.048460799100533,-9.698,-5.739,-4.018000000000001,-2.8440000000000003,0.5550861794952803,-2.8810000000000002,-1.1370000000000005,True,False,0.1875466838479042,0.6633117973804474,0.8884767055511474,0.05828031413257122,0.07043827082961798,0.054196001030504704,0.027754471311345695,0.30622545182704924,0.14015547186136246,0.18951770067214965,0.8666072487831116,0.9974744081497192,0.9004997134208679,0.30781722664833067,0.48156734704971316,-5.554025036693359,26.80945371211548,37.962038606529354,60.81675085141546,-2.25924687413391,-1.8870940899285173,False,False,False,not_evaluated_cross_domain_gate,False
A6PX-P106-0254,Cc1nc(CCN(C)C(=O)c2[nH+]n(C)c(=O)c3ccccc23)nc2[nH]c(O)c(C)c12,106_p29371_full,full,P25103__P29371,P29371,P25103,106_p29371_full::ZINC000012805649,ZINC000012805649,0.3333333333333333,406.4460000000002,1.8419399999999995,117,4,2,7,0.5340908926814882,2.9807750522006575,-8.891,-5.196,-3.7029999999999994,-2.9210000000000003,0.3996506808034568,-2.8810000000000002,-0.8219999999999992,False,False,0.1478399932384491,0.536378014087677,0.9336321592330933,0.18525669276714324,0.1255461283028126,0.15100329220294953,0.0237678948789835,0.7623029828071595,0.1307786822319031,0.17732644826173782,0.9207195281982422,0.9989512205123902,0.9102222442626953,0.5459299981594086,0.7564114212989808,-5.438131794152757,6.613502199583769,38.21075096792709,29.445517463562147,-2.98258332500019,-1.8363311181260342,False,False,False,not_evaluated_cross_domain_gate,False
A6PX-P106-0212,Cc1cc(NC(=O)Cc2cn(C)c(=O)c3ccoc23)cc2nc(C)n(C)c12,106_p29371_full,full,P25103__P29371,P29371,P25103,106_p29371_full::ZINC000012805649,ZINC000012805649,0.20652173913043478,364.4050000000001,2.8162400000000014,82.06,3,1,6,0.6059783457926161,2.85861150029956,-10.266,-6.468,-3.638000000000001,-3.4460000000000006,0.1439012006744749,-2.8810000000000002,-0.7570000000000006,True,False,0.5442207455635071,0.6584116458892822,0.8890315413475036,0.0981017779558897,0.09774568825960159,0.09999081864953041,0.08483706265687943,0.24291882812976837,0.254016375541687,0.2489446818828583,0.854024076461792,0.9973604440689087,0.8724371910095214,0.5340831398963928,0.756689476966858,-5.090523168404914,33.780939302803475,26.47768739407305,68.90693903408805,-3.041938416278534,-2.021689024484128,True,True,False,not_dual_endpoint_improved,False
A6PX-P106-0228,Cc1[nH]c2nc(CNC(=O)c3cn(C)c(=O)c4ccc[nH+]c34)cc(C)c2c1C,106_p29371_full,full,P25103__P29371,P29371,P25103,106_p29371_full::ZINC000012805649,ZINC000012805649,0.2696629213483146,375.43200000000013,2.6650600000000004,92.67,3,2,5,0.5757283235652313,2.78105961566858,-10.211,-6.667,-3.5040000000000004,-2.819,0.3522905997421258,-2.8810000000000002,-0.6230000000000002,True,True,0.293471223115921,0.6320588290691376,0.9140028357505798,0.4840226948261261,0.23962925970554352,0.21922361850738525,0.053994286060333255,0.6781714916229248,0.18978748321533204,0.31336397528648374,0.8369921445846558,0.9988527417182922,0.8695253014564515,0.44540119767189024,0.7093752741813659,-5.503467029233894,6.107769033318318,18.05740173985112,38.815858665221754,-3.435110577582248,-0.3498464804688973,False,False,False,not_evaluated_cross_domain_gate,False
A6PX-P106-0207,CC1=CN(N=C(O)NCc2cc(C)c3c(C)n(C)nc3n2)c2ccccc2N1O,106_p29371_full,full,P25103__P29371,P29371,P25103,106_p29371_full::ZINC000012805649,ZINC000012805649,0.2087912087912088,393.4510000000002,2.8764400000000014,98.55,3,3,7,0.6329364370718695,3.3697555198118234,-10.386,-6.963,-3.4189999999999996,-3.1839999999999993,0.16260449631612964,-2.8810000000000002,-0.5379999999999994,True,False,0.6729652583599091,0.8298123121261597,0.9540507316589355,0.159356789290905,0.27204033732414246,0.2505509346723557,0.045507255103439094,0.7615153312683105,0.46237425208091737,0.681197464466095,0.9506696462631226,0.9994722247123718,0.9357173681259155,0.3332886636257172,0.6252892792224884,-5.455724549677158,-20.575330116242256,22.678206388402735,57.35720468707062,-3.69833845485619,-7.999649911305042,True,True,False,not_dual_endpoint_improved,False
A6PX-P106-0247,Cc1cc(N=C(O)C(O)=CC2=c3ccccc3=C(O)N(C)N2)cc2[nH+]c(C)n(C)c12,106_p29371_full,full,P25103__P29371,P29371,P25103,106_p29371_full::ZINC000012805649,ZINC000012805649,0.34146341463414637,405.45800000000014,1.979139999999999,102.03999999999999,4,2,7,0.5405629796281981,3.1649353983748796,-10.24,-6.863,-3.3290000000000006,-3.0279999999999996,0.3373665991502752,-2.8810000000000002,-0.4480000000000004,True,False,0.33060445785522463,0.5634230375289917,0.8416950225830078,0.030608225660398603,0.08756200633943081,0.15110282450914383,0.05177792124450207,0.3349870204925537,0.41554221212863923,0.34722413420677184,0.8501540422439575,0.9961806178092957,0.7905075788497925,0.7127859115600585,0.8920410871505737,-5.2755895482965425,6.36907212195663,33.59571425019755,68.92935192711698,-2.7105770929170583,-6.032047361368248,False,False,False,not_evaluated_cross_domain_gate,False
A6PX-P106-0210,Cc1nc2cc(CNC(=O)c3cn(C)c(=O)c4ccccc34)ccc2n1C,106_p29371_full,full,P25103__P29371,P29371,P25103,106_p29371_full::ZINC000012805649,ZINC000012805649,0.25,360.4170000000001,2.6636200000000008,68.92,3,1,5,0.6106614482221694,2.2559196865343782,-10.236,-6.953,-3.3280000000000003,-3.120000000000001,0.12172190526861704,-2.8810000000000002,-0.44700000000000006,True,True,0.6166082501411438,0.7628870487213135,0.9105093240737915,0.2760141223669052,0.24648887366056443,0.19348356425762175,0.13537291064858437,0.6820265054702759,0.2776597172021866,0.44464620351791384,0.7906900882720947,0.9987570166587829,0.9261547088623047,0.7917130351066589,0.8304232478141784,-5.242775485599121,14.29175938426079,28.67845388023693,19.331279519993547,-3.2383897807188204,-7.553395526892868,True,True,False,not_dual_endpoint_improved,False
A6PX-P106-0200,COC(=O)c1ccccc1OCC(O)=NCc1cc(C)n2c(C)c(C)nc2c1,106_p29371_full,full,P25103__P29371,P29371,P25103,106_p29371_full::ZINC000012805649,ZINC000012805649,0.17391304347826086,381.4320000000001,2.7413600000000002,81.93,6,1,6,0.6641670903631143,2.448226479573906,-7.992,-4.782,-3.229,-2.635,0.5435788811203028,-2.8810000000000002,-0.34799999999999986,False,False,0.32801833748817444,0.8518250823020935,0.9209957838058471,0.6998058199882508,0.7434271097183227,0.40966808795928955,0.2953342445194721,0.8324484705924988,0.07558473981916905,0.23899133801460265,0.7663874506950379,0.9997127056121826,0.9863251924514771,0.7096127390861511,0.74025799036026,-4.7620328086147055,91.64765566525281,96.85790037387855,-4.542232948025668,-3.8059791134590752,2.175341821765268,False,False,False,not_evaluated_cross_domain_gate,False
A6PX-P106-0196,Cc1nn2c(c1C)C(=O)N=C(CCC(=O)Nc1c(C)n(C)c(=O)c3ccccc13)C2=O,106_p29371_full,full,P25103__P29371,P29371,P25103,106_p29371_full::ZINC000012805649,ZINC000012805649,0.23863636363636365,419.4410000000002,2.3141599999999993,115.41999999999999,4,1,7,0.6967609143966834,3.099854110842217,-10.137,-6.701,-3.211000000000001,-2.9379999999999997,0.2365036997596446,-2.8810000000000002,-0.33000000000000096,True,False,0.20554552376270294,0.7886292934417725,0.840615975856781,0.0420932874083519,0.09013740681111812,0.22280363589525223,0.050413778424263,0.28393970131874086,0.2163228288292885,0.2890571266412735,0.9578436851501465,0.9942237615585328,0.9213045597076416,0.519953978061676,0.7224344372749328,-4.9572430746479075,16.756852855978355,38.688382809920384,97.89651103129961,-4.429665782543114,0.800736360000089,False,False,False,not_evaluated_cross_domain_gate,False
A6PX-P106-0231,CCc1[nH+]n(CC(=O)NCc2nn3[nH]c(C)c(C)c3c2C)c2ccccc12,106_p29371_full,full,P25103__P29371,P29371,P25103,106_p29371_full::ZINC000012805649,ZINC000012805649,0.21348314606741572,364.4530000000001,2.816160000000001,80.01,5,2,5,0.571388768864179,3.0477338565748635,-8.549,-5.48,-3.108999999999999,-2.9640000000000004,0.14530504311810885,-2.8810000000000002,-0.22799999999999887,True,False,0.19391259849071502,0.7356789350509644,0.8508711457252502,0.09461761489510537,0.332079553604126,0.15388771444559096,0.043701034411787985,0.7004326343536377,0.24055891036987304,0.2625838354229927,0.7364682674407959,0.9977766990661621,0.8524225950241089,0.40518725514411924,0.5827791810035705,-5.669988464274313,24.235985194354,64.99843017873522,38.22778608087842,-3.460545804425178,0.611077126950717,False,False,False,not_evaluated_cross_domain_gate,False
A6PX-P106-0227,Cc1cc(OCC(=O)Nc2cn(C)c(=O)c3cccnc23)cc2nc(C)n(C)c12,106_p29371_full,full,P25103__P29371,P29371,P25103,106_p29371_full::ZINC000012805649,ZINC000012805649,0.22580645161290322,391.4310000000001,2.4545400000000006,91.03999999999999,4,1,7,0.5770351777138193,2.6837982548545583,-9.28,-6.511,-3.1049999999999995,-2.4579999999999993,0.45216000117952393,-2.8810000000000002,-0.2239999999999993,True,False,0.5711282968521119,0.7214577317237854,0.9311804056167603,0.09400898814201356,0.06879740841686725,0.06856418773531914,0.05308634042739868,0.39261615872383115,0.26587180346250533,0.3154985815286636,0.8842713713645936,0.9973865270614624,0.9088207602500915,0.7905914068222046,0.8181334376335144,-5.069449610063467,27.915121132921662,28.35637278626004,11.542011501372127,-2.991078767250001,-8.639533546282454,False,False,False,not_evaluated_cross_domain_gate,False
A6PX-P106-0236,Cc1cc(CC(=O)NCc2cc(C)c3c(n2)nc(C)n3C)c2ccccc2c1O,106_p29371_full,full,P25103__P29371,P29371,P25103,106_p29371_full::ZINC000012805649,ZINC000012805649,0.21839080459770116,388.4710000000001,3.6112600000000024,80.03999999999999,4,2,5,0.5596616052763497,2.7257760326323357,-9.579,-6.501,-3.009999999999999,-2.689000000000001,0.22982166999654274,-2.8810000000000002,-0.12899999999999867,True,False,0.45692700147628784,0.49609397649765014,0.835924756526947,0.24091907143592833,0.2977609157562256,0.34753386974334716,0.1849482998251915,0.6143765449523926,0.2272269010543823,0.22179983407258988,0.5379896223545074,0.9968522787094116,0.8355120539665222,0.7603679299354553,0.7965902328491211,-5.643976097605448,31.325193575652765,75.13203638201995,-30.47971266886045,-3.8310691200143636,-0.4831957769505212,False,False,False,not_evaluated_cross_domain_gate,False
A6PX-P106-0199,Cc1sc2nc(CNC(=O)CN3C=C(O)N(C)c4ccccc43)nnc(=O)c2c1C,106_p29371_full,full,P25103__P29371,P29371,P25103,106_p29371_full::ZINC000012805649,ZINC000012805649,0.2727272727272727,424.48600000000016,1.1625399999999997,108.39,4,1,8,0.6694912497277203,2.876599307463465,-9.582,-6.678,-2.904000000000001,-1.9109999999999996,0.47731354707594714,-2.8810000000000002,-0.023000000000000576,True,False,0.27587309181690217,0.8615375995635987,0.7702406406402588,0.020326424017548562,0.2232977032661438,0.10406926348805427,0.04243994541466236,0.5705739796161652,0.1516226463019848,0.18848093897104262,0.9518365502357483,0.9934292316436768,0.8531273365020752,0.6058377921581268,0.3214334636926651,-5.18505237512413,90.40846561629263,68.1599634291415,62.807918725823285,-2.262502904637202,0.6883194481512398,False,False,False,not_evaluated_cross_domain_gate,False
A6PX-P106-0230,Cc1nn2c(C)c(CNC(=O)Cc3nn(C)c(=O)c4ccoc34)nc2s1,106_p29371_full,full,P25103__P29371,P29371,P25103,106_p29371_full::ZINC000012805649,ZINC000012805649,0.29411764705882354,372.4100000000001,1.1064399999999994,107.32,4,1,9,0.5748965984115328,3.1792893419399517,-7.988,-5.205,-2.8950000000000005,-2.628,0.15029378637263155,-2.8810000000000002,-0.014000000000000234,False,False,0.2791759744286537,0.5887582540512085,0.8762139678001404,0.02702307589352131,0.10137698724865914,0.07610056027770043,0.012359772343188524,0.1294463872909546,0.10728504359722138,0.09149465411901474,0.9223356366157531,0.997558331489563,0.8017256855964661,0.30259508490562437,0.2883383870124817,-5.765288907898478,29.732967948772114,31.53113832290229,43.75936987898261,-1.7644607608701772,-4.396556299650756,False,False,False,not_evaluated_cross_domain_gate,False
A6PX-P106-0019,Cc1ccc(COC(=O)Cc2nn(C)c(=O)c3ccccc23)cc1,106_p29371_partial,partial,P25103__P29371,P29371,P25103,106_p29371_partial::ZINC000012805649,ZINC000012805649,0.5555555555555556,322.36400000000003,2.527820000000001,61.19,4,0,5,0.6926016644791742,1.987749319827122,-9.21,-4.942,-4.268000000000001,-3.8280000000000003,0.26908280427324843,-2.8810000000000002,-1.3870000000000005,True,False,0.2936983659863472,0.9256114482879638,0.9209819197654724,0.8841699838638306,0.9546513080596923,0.8432960271835327,0.042149735242128374,0.758742606639862,0.2830704987049103,0.10354314297437668,0.8984497666358948,0.9999386668205261,0.9852241277694702,0.46390403509140016,0.5631790876388549,-4.6780478829605965,101.07298439267997,84.075087663831,-0.10429034554505243,-3.846154641277863,-1.3878517552136116,True,True,False,not_dual_endpoint_improved,False
A6PX-P106-0066,Cn1nc(CC(=O)OCc2cnc3c(c2O)CCNCC3)c2ccccc2c1=O,106_p29371_partial,partial,P25103__P29371,P29371,P25103,106_p29371_partial::ZINC000012805649,ZINC000012805649,0.49333333333333335,394.43100000000015,0.595899999999999,106.08000000000001,4,2,7,0.6278586245567295,2.855618582318259,-9.085,-4.877,-4.208000000000001,-3.431000000000001,0.4441563788677237,-2.8810000000000002,-1.3270000000000008,False,False,0.17981468737125397,0.5659277379512787,0.8228770852088928,0.09079220443964005,0.16419628411531448,0.13039305433630943,0.14707028567790986,0.5369061410427094,0.20835781693458558,0.4405309230089188,0.736099100112915,0.9843662261962891,0.48083674907684326,0.4729600608348846,0.6717394411563873,-5.9008319202073425,51.9743009387593,13.230166097494859,47.687951500642214,-2.3546080216920444,1.6414971165046068,False,False,False,not_evaluated_cross_domain_gate,False
A6PX-P106-0027,Cn1nc(CC(=O)OC[C@H]2C=Cc3c(ccc(O)c3O)C2)c2ccccc2c1=O,106_p29371_partial,partial,P25103__P29371,P29371,P25103,106_p29371_partial::ZINC000012805649,ZINC000012805649,0.44155844155844154,392.4110000000001,1.7680999999999996,98.49000000000001,4,1,7,0.6797276626074404,3.0426837522904897,-9.851,-5.851,-4.188999999999999,-3.5199999999999996,0.33282728253555205,-2.8810000000000002,-1.307999999999999,True,True,0.17218205630779265,0.7801266193389893,0.9106872081756592,0.17488468512892724,0.5109675347805023,0.5415200769901276,0.036087533086538316,0.32770335078239443,0.15993896573781968,0.1056478887796402,0.8990463256835938,0.999859607219696,0.9136700868606568,0.7913884401321412,0.3710801929235458,-5.049742978363533,82.7495205947748,52.718034658450755,21.6552722774013,-2.9083301795524124,0.09510510697554339,True,True,False,not_dual_endpoint_improved,False
A6PX-P106-0044,COc1ccc(COC(=O)Cc2nn(C)c(=O)c3ccccc23)cc1C,106_p29371_partial,partial,P25103__P29371,P29371,P25103,106_p29371_partial::ZINC000012805649,ZINC000012805649,0.5,352.3900000000001,2.5364200000000006,70.42,5,0,6,0.6601123398832317,2.132013683351964,-9.029,-4.746,-4.019,-3.1499999999999995,0.6211124428528757,-2.8810000000000002,-1.138,True,False,0.3932541161775589,0.9038798451423645,0.9555152654647827,0.7961350083351135,0.9297643423080444,0.8364470481872559,0.03170570954680443,0.9243983745574951,0.20927145034074784,0.11367309838533401,0.9172513484954834,0.999965238571167,0.9913330316543579,0.6682088851928711,0.6437636852264405,-4.466846219068619,87.28879460235935,82.81682416263956,-8.451581060398166,-4.159251802349652,0.5864828850204961,False,False,False,not_evaluated_cross_domain_gate,False
A6PX-P106-0004,Cc1cc(COC(=O)Cc2nn(C)c(=O)c3ccccc23)cnc1O,106_p29371_partial,partial,P25103__P29371,P29371,P25103,106_p29371_partial::ZINC000012805649,ZINC000012805649,0.5217391304347826,339.3510000000001,1.2161199999999999,94.05000000000001,4,1,6,0.7213241471337791,2.5202916757370826,-9.007,-5.069,-3.9459999999999997,-3.8129999999999997,0.10900254839018941,-2.8810000000000002,-1.0649999999999995,True,False,0.1348507896065712,0.7048607349395752,0.9078287839889526,0.3251575484871864,0.4288553386926651,0.3677771627902985,0.02779249902814627,0.5543527424335479,0.23770372569561005,0.20777052789926528,0.924628210067749,0.9989770650863647,0.8123016357421875,0.18445536643266677,0.4188640058040619,-5.095174994881562,70.89512820534569,41.62382784077334,4.248122398850211,-3.4009631449911986,-4.045323513494,False,False,False,not_evaluated_cross_domain_gate,False
A6PX-P106-0006,Cn1nc(CC(=O)OCc2ccc3c(c2)CCNC3)c2ccccc2c1=O,106_p29371_partial,partial,P25103__P29371,P29371,P25103,106_p29371_partial::ZINC000012805649,ZINC000012805649,0.4666666666666667,363.41700000000014,1.8650999999999993,73.22,4,1,6,0.7165929625003572,2.4328768494119863,-9.247,-5.424,-3.911999999999999,-3.207,0.34139550215093456,-2.8810000000000002,-1.0309999999999988,True,False,0.4563084006309509,0.843460476398468,0.8189322352409363,0.5560777842998504,0.7057693004608154,0.3774960786104202,0.45285524725914,0.8324642419815064,0.21454859673976898,0.46030246615409853,0.7157394528388977,0.9991274237632751,0.8948712944984436,0.703176748752594,0.7918120861053467,-5.470588835059263,59.95670407683993,39.231163159033564,44.5969467830908,-2.495950327402364,-0.34203395424513605,True,True,False,not_dual_endpoint_improved,False
A6PX-P106-0017,CNC(=O)c1ccc(COC(=O)Cc2nn(C)c(=O)c3ccccc23)cc1,106_p29371_partial,partial,P25103__P29371,P29371,P25103,106_p29371_partial::ZINC000012805649,ZINC000012805649,0.4927536231884058,365.389,1.5789999999999997,90.29,5,1,6,0.6934914785290034,2.1046613869392363,-8.844,-5.075,-3.8759999999999994,-3.3569999999999993,0.2505074849181158,-2.8810000000000002,-0.9949999999999992,True,True,0.2723585516214371,0.754600179195404,0.8876493215560913,0.3376740783452988,0.3869504928588867,0.39368381500244143,0.03461466170847416,0.2991472601890564,0.3044483304023743,0.2530904352664948,0.9477591872215271,0.9940602540969848,0.8153798103332519,0.4799865484237671,0.4966788351535797,-5.192099160782279,79.81104529399194,58.75542878376617,69.00178558019675,-3.077645787149394,-5.379266068233761,True,True,True,dual_endpoint_improved,True
A6PX-P106-0002,Cc1cc(COC(=O)Cc2nn(C)c(=O)c3ccccc23)ccc1O,106_p29371_partial,partial,P25103__P29371,P29371,P25103,106_p29371_partial::ZINC000012805649,ZINC000012805649,0.5147058823529411,338.36300000000006,2.233420000000001,81.42,4,1,6,0.7379148310393594,2.2075762911216987,-8.933,-5.234,-3.699,-3.3939999999999992,0.349388354445626,-2.8810000000000002,-0.8179999999999996,True,False,0.3022182434797287,0.6419468760490418,0.822450590133667,0.8133129477500916,0.8311618089675903,0.8061281085014343,0.12443050891160964,0.7564638733863831,0.15630695074796677,0.10276278257369995,0.808081591129303,0.9998056292533875,0.920737874507904,0.39876362681388855,0.5534812867641449,-4.9891109336290524,127.00253355680097,91.23077625628639,-24.319490360256133,-4.092199058150927,-5.2143444442694715,True,True,True,dual_endpoint_improved,True
A6PX-P106-0001,Cn1nc(CC(=O)OCc2ccc(O)cc2)c2ccccc2c1=O,106_p29371_partial,partial,P25103__P29371,P29371,P25103,106_p29371_partial::ZINC000012805649,ZINC000012805649,0.5396825396825397,324.33600000000007,1.9249999999999992,81.41999999999999,4,1,6,0.7416482736359302,2.0746889125873036,-8.565,-4.873,-3.6919999999999993,-2.6050000000000004,0.5240968951974005,-2.8810000000000002,-0.810999999999999,False,True,0.28284314572811126,0.621749997138977,0.7661445736885071,0.7421562910079956,0.742863118648529,0.6614971816539764,0.09092291221022605,0.36676872968673707,0.16507360935211182,0.08431439734995365,0.813748574256897,0.9994587540626526,0.8522338509559632,0.35777199268341064,0.43920978903770447,-4.979763004523161,128.37392299535946,85.71343606913639,-13.810847093485787,-3.6629333563354676,-5.113314220106345,False,False,False,not_evaluated_cross_domain_gate,False
A6PX-P106-0018,Cn1nc(CC(=O)OCc2ccccc2)c2ccccc2c1=O,106_p29371_partial,partial,P25103__P29371,P29371,P25103,106_p29371_partial::ZINC000012805649,ZINC000012805649,0.5573770491803278,308.33700000000005,2.2194000000000003,61.19,4,0,5,0.6934126303411174,1.9258775352115975,-8.738,-5.059,-3.6789999999999994,-2.7359999999999998,0.5068940279343956,-2.8810000000000002,-0.7979999999999992,False,True,0.33742969334125517,0.941349446773529,0.9107240438461304,0.9087435483932496,0.916402006149292,0.6703774988651275,0.03229723460972309,0.3427648901939392,0.281883105635643,0.07282451316714286,0.9134389400482178,0.9998985409736634,0.9803211927413941,0.3576532393693924,0.42389827966690063,-4.622870775951553,105.08122182330044,81.89110177817584,0.4188436531323777,-3.4699571448114646,-2.462827852840025,False,False,False,not_evaluated_cross_domain_gate,False
A6PX-P106-0127,Cn1nc(CC(=O)OCc2nc3ccccn3n2)c2ccccc2c1=O,106_p29371_partial,partial,P25103__P29371,P29371,P25103,106_p29371_partial::ZINC000012805649,ZINC000012805649,0.5147058823529411,349.3500000000001,1.2620999999999998,91.38,4,0,8,0.5152659333111482,2.5337285663867366,-8.189,-5.107,-3.4010000000000007,-2.8680000000000003,0.29245208534428724,-2.8810000000000002,-0.5200000000000005,False,False,0.27898869663476944,0.8943669915199279,0.9148367643356323,0.4714497983455658,0.533773010969162,0.34749011099338534,0.02027227059006691,0.33076818883419035,0.21112559884786605,0.22112018391489982,0.9585921168327332,0.9988743543624878,0.9424138903617859,0.5243416130542755,0.2605218380689621,-5.087983584121442,81.08484097593276,66.5502265148167,-12.832895579357077,-2.7051596623618233,-3.642099417424105,False,False,False,not_evaluated_cross_domain_gate,False
A6PX-P106-0039,COc1ccc(COC(=O)Cc2nn(C)c(=O)c3ccccc23)cc1,106_p29371_partial,partial,P25103__P29371,P29371,P25103,106_p29371_partial::ZINC000012805649,ZINC000012805649,0.5151515151515151,338.36300000000006,2.2279999999999998,70.42,5,0,6,0.6673171684750945,1.9920384517779404,-8.145,-5.045,-3.3199999999999994,-2.455,0.4764523993946184,-2.8810000000000002,-0.43899999999999917,True,False,0.38919478952884673,0.8885848164558411,0.9468773365020752,0.8139914631843567,0.9078173160552978,0.7751951336860656,0.031146248802542686,0.7896512389183045,0.2272977575659752,0.09390304759144782,0.9277684450149536,0.9999115228652954,0.9839884161949157,0.5728835225105285,0.5414303541183472,-4.461612811951831,88.4373669391645,75.71558487040002,-10.279744978937202,-3.9108138371612355,-1.2463151679427047,False,False,False,not_evaluated_cross_domain_gate,False
A6PX-P106-0040,COc1cccc(COC(=O)Cc2nn(C)c(=O)c3ccccc23)c1,106_p29371_partial,partial,P25103__P29371,P29371,P25103,106_p29371_partial::ZINC000012805649,ZINC000012805649,0.4927536231884058,338.3630000000001,2.2279999999999998,70.42,5,0,6,0.6673171684750944,2.045595764887368,-8.152,-4.868,-3.283999999999999,-2.8919999999999995,0.3431824911358714,-2.8810000000000002,-0.4029999999999987,True,False,0.3543762505054474,0.9051403164863586,0.9388026833534241,0.8837577939033509,0.9447600960731506,0.803374183177948,0.0509051151573658,0.8688715934753418,0.1651243433356285,0.0977758027613163,0.9180118799209595,0.9999517679214478,0.9882810354232788,0.6154492974281311,0.59659423828125,-4.495885315039897,97.16341110511061,83.77732724111192,-11.325136599403042,-3.660294341075383,-1.0887640010044415,False,False,False,not_evaluated_cross_domain_gate,False
A6PX-P106-0067,COc1ccc(CCOC(=O)Cc2nn(C)c(=O)c3ccccc23)cn1,106_p29371_partial,partial,P25103__P29371,P29371,P25103,106_p29371_partial::ZINC000012805649,ZINC000012805649,0.43243243243243246,353.37800000000004,1.6654999999999995,83.31,6,0,7,0.6269731690817977,2.3132089073430784,-7.764,-4.617,-3.1470000000000002,-2.665,0.2598473911099872,-2.8810000000000002,-0.266,False,False,0.24509426057338715,0.9046473979949952,0.9280095100402832,0.7410022854804993,0.7604704260826111,0.578781932592392,0.04032875597476959,0.8358524441719055,0.09867328628897667,0.20084273368120192,0.9081774234771729,0.9998572826385498,0.9873148202896118,0.25173419415950776,0.5580534994602203,-4.55746618588321,102.10941634850997,98.3749707606006,-28.540289288230657,-2.79460100878945,-2.1813768843069417,False,False,False,not_evaluated_cross_domain_gate,False
A6PX-P106-0072,Cn1nc(CC(=O)OCCc2ccc(O)c(C(=O)O)c2)c2ccccc2c1=O,106_p29371_partial,partial,P25103__P29371,P29371,P25103,106_p29371_partial::ZINC000012805649,ZINC000012805649,0.44594594594594594,382.3720000000001,1.6656999999999993,118.72000000000001,6,2,7,0.6224867335764762,2.314653698508817,-8.418,-5.089,-3.119999999999999,-2.8200000000000003,0.21894951219148423,-2.8810000000000002,-0.238999999999999,True,False,0.21310362517833709,0.4100896716117859,0.8712306022644043,0.09097770415246487,0.18737880438566207,0.4026376038789749,0.030926852114498617,0.08225033730268479,0.27039376497268675,0.23315126597881317,0.9362724304199219,0.9688517689704895,0.23683032840490342,0.15548031479120256,0.18196578174829484,-5.38486089036561,62.95403088254761,40.73142676664263,10.810345145633452,-3.3930468534058265,1.4285871564618275,False,False,False,not_evaluated_cross_domain_gate,False
A6PX-P106-0011,COc1cc(COC(=O)Cc2nn(C)c(=O)c3ccccc23)ccc1O,106_p29371_partial,partial,P25103__P29371,P29371,P25103,106_p29371_partial::ZINC000012805649,ZINC000012805649,0.4788732394366197,354.3620000000001,1.9336,90.64999999999999,5,1,7,0.7042975731431166,2.174030121708128,-7.995,-4.997,-3.1180000000000003,-2.827,0.24829060035011863,-2.8810000000000002,-0.2370000000000001,True,False,0.27756702303886416,0.6629701793193817,0.8022173643112183,0.700717568397522,0.7783079624176026,0.6981352090835571,0.0631331205368042,0.7463134765625,0.07188277579843998,0.0639340702444315,0.8381630897521972,0.9996538519859314,0.9045672535896301,0.615027904510498,0.5506633043289184,-5.136297710047101,128.1842181037287,84.26328143056391,-11.320230620940908,-3.7792036067824926,-4.5971772154257575,False,False,False,not_evaluated_cross_domain_gate,False
A6PX-P106-0014,CC(=O)Nc1ccc(COC(=O)Cc2nn(C)c(=O)c3ccccc23)cc1,106_p29371_partial,partial,P25103__P29371,P29371,P25103,106_p29371_partial::ZINC000012805649,ZINC000012805649,0.4927536231884058,365.389,2.1777999999999995,90.29,5,1,6,0.7000717140857139,2.0757466096113006,-8.189,-5.126,-3.0900000000000007,-3.0629999999999997,0.15195686522460475,-2.8810000000000002,-0.20900000000000052,False,False,0.3995368331670761,0.8781075119972229,0.879859185218811,0.2828440457582474,0.4386424720287323,0.533801257610321,0.05709041692316532,0.2184448480606079,0.4533773183822632,0.3263920247554779,0.962984299659729,0.9956112861633301,0.8307304620742798,0.4306251108646393,0.5959226489067078,-5.057641709614483,94.79258943992136,62.69783023910524,57.72716265843836,-3.8065701616157233,-6.1023218658062275,False,False,False,not_evaluated_cross_domain_gate,False
A6PX-P106-0068,COc1cccc(CCOC(=O)Cc2nn(C)c(=O)c3ccccc23)n1,106_p29371_partial,partial,P25103__P29371,P29371,P25103,106_p29371_partial::ZINC000012805649,ZINC000012805649,0.4583333333333333,353.37800000000004,1.6654999999999995,83.31,6,0,7,0.6269731690817977,2.364797057031229,-7.708,-4.898,-3.058,-2.535,0.2671191993598863,-2.8810000000000002,-0.1769999999999996,False,False,0.30294770300388335,0.9209589958190918,0.9398691534996033,0.7120863318443298,0.7408006668090821,0.5829340159893036,0.032453860715031625,0.7671805262565613,0.11567843928933144,0.18207493275403977,0.9178429126739502,0.999848198890686,0.9887887597084045,0.320514178276062,0.5346567451953887,-4.489681856667598,95.86252251214978,94.4981601509985,-31.29190596756236,-2.7538196064267586,-1.247291464372549,False,False,False,not_evaluated_cross_domain_gate,False
A6PX-P106-0013,Cn1nc(CC(=O)OCCc2ccc(N)nc2)c2ccccc2c1=O,106_p29371_partial,partial,P25103__P29371,P29371,P25103,106_p29371_partial::ZINC000012805649,ZINC000012805649,0.4383561643835616,338.367,1.2390999999999994,100.1,5,1,7,0.7026251696653726,2.345113424692352,-8.08,-5.122,-2.958,-2.6610000000000005,0.22875945639227424,-2.8810000000000002,-0.07699999999999996,True,False,0.3672634422779083,0.94134441614151,0.9242201924324036,0.3364385634660721,0.4182498395442963,0.23138487339019775,0.039989155158400534,0.5101373791694641,0.27495610266923903,0.3551255762577057,0.8857459425926208,0.9993191957473755,0.8670231580734253,0.14550258368253707,0.5933485388755798,-5.218793929247417,75.4581240897694,44.90960417113882,1.8048195210115665,-2.6768461670698835,-6.153655852056885,False,False,False,not_evaluated_cross_domain_gate,False
A6PX-P106-0078,CNc1nc(N)nc(CCOC(=O)Cc2nn(C)c(=O)c3ccccc23)n1,106_p29371_partial,partial,P25103__P29371,P29371,P25103,106_p29371_partial::ZINC000012805649,ZINC000012805649,0.4533333333333333,369.38500000000005,0.07079999999999981,137.90999999999997,6,2,10,0.5779487644210419,2.611255718923042,-7.711,-4.756,-2.955,-1.6179999999999994,0.6823112681662726,-2.8810000000000002,-0.07399999999999984,False,False,0.28385438174009325,0.9403195261955262,0.9389129042625427,0.25339385420084,0.22654303908348083,0.12723930850625037,0.027087575197219847,0.5209236860275268,0.16016045361757278,0.3363986760377884,0.9568526744842529,0.9988460421562195,0.7972802996635437,0.07015332207083702,0.546338427066803,-5.583736498928782,64.64125495878845,50.05984412262194,25.305981182103814,-2.9515470986712455,-7.987689662934495,False,False,False,not_evaluated_cross_domain_gate,False
A6PX-P106-0007,Cn1nc(CC(=O)OCc2ccc(CN)cc2)c2ccccc2c1=O,106_p29371_partial,partial,P25103__P29371,P29371,P25103,106_p29371_partial::ZINC000012805649,ZINC000012805649,0.5230769230769231,337.3790000000001,1.6780999999999997,87.21,5,1,6,0.7158314608550004,2.115202915483252,-7.666,-4.957,-2.938999999999999,-2.636,0.29302597533703767,-2.8810000000000002,-0.05799999999999894,False,False,0.419961541891098,0.8199991345405578,0.8956767678260803,0.7166393518447876,0.7906113743782044,0.6047865927219391,0.1520822212100029,0.7902582883834839,0.29091804325580595,0.30371458232402804,0.7673190355300903,0.999303936958313,0.9038477301597595,0.460878974199295,0.6562182903289795,-5.288328473036163,63.591582259690405,31.413842703236206,23.921260255366555,-2.20325551363442,0.0750655106380231,False,False,False,not_evaluated_cross_domain_gate,False
A6PX-P107-0278,Cc1cc(CNC(=O)C(C)(C)N2C(=O)c3ccccc3C2O)nc2ccc(O)cc12,107_p30550_full,full,P28336__P30550,P30550,P28336,107_p30550_full::ZINC000769849083,ZINC000769849083,0.2804878048780488,405.4540000000002,2.7905200000000008,102.76000000000002,4,3,5,0.6194230816949914,3.2544549535185308,-8.726,-7.201,-1.5250000000000012,-1.3319999999999999,0.2518787186105429,-1.4210000000000003,-0.10400000000000098,True,False,0.1992260694503784,0.11398072615265846,0.746922242641449,0.03542229607701301,0.29350338578224183,0.3272928684949875,0.08175899386405945,0.4780270576477051,0.15435552820563317,0.08742872402071952,0.6940391421318054,0.9970152735710144,0.7346373319625854,0.34686645269393923,0.484561151266098,-5.637510009697047,41.39069004950265,73.20629132476147,-11.77776686854298,-3.9727960021383337,-0.23957610208042723,True,True,True,dual_endpoint_improved,True
A6PX-P107-0038,Cc1ccc2nc(COC(=O)C(C)(C)N3CCc4ccccc4[C@H]3O)cc(=O)n2c1,107_p30550_partial,partial,P28336__P30550,P30550,P28336,107_p30550_partial::ZINC000769849083,ZINC000769849083,0.6119402985074627,407.4700000000002,2.37392,84.13999999999999,4,1,7,0.6687898283588384,3.3405430377234833,-7.727,-5.913,-1.838,-1.4460000000000006,0.2278322969983742,-1.4210000000000003,-0.4169999999999998,True,True,0.2574284873902798,0.6698527276515961,0.8494708180427551,0.0363841138780117,0.42918379604816437,0.4627506732940674,0.14883012175559998,0.547945910692215,0.14203718788921832,0.3589295446872711,0.49624667763710023,0.9992586016654968,0.9749837160110474,0.7918407440185546,0.7831819891929627,-5.046099573169913,85.20759789550752,82.51675784490591,3.634651114333578,-3.420955130412439,-0.5535991320098401,True,True,True,dual_endpoint_improved,True
A6PX-P107-0065,Cc1ccc2nc(COC(=O)C(C)(C)Oc3ccccc3F)cc(=O)n2c1,107_p30550_partial,partial,P28336__P30550,P30550,P28336,107_p30550_partial::ZINC000769849083,ZINC000769849083,0.6451612903225806,370.38000000000005,3.0428200000000007,69.9,5,0,6,0.6458686462183664,2.4494262695303295,-7.353,-5.5,-1.6639999999999997,-1.572,0.23821045783554978,-1.4210000000000003,-0.24299999999999944,True,False,0.2680796399712563,0.9569348216056823,0.9407683968544006,0.502432668209076,0.8056079149246216,0.654427421092987,0.037289686314761636,0.38523241877555847,0.17496727630496026,0.06969290748238563,0.7941343307495117,0.9999514579772949,0.994916296005249,0.5422715574502945,0.5989419877529144,-4.274808697420008,123.1261530980258,95.58401646872419,-14.736008960978376,-4.451039023012079,1.9410787710017394,True,True,True,dual_endpoint_improved,True
A6PX-P107-0013,Cc1ccc2nc(COC(=O)C(C)(C)Oc3cccc(O)c3)cc(=O)n2c1,107_p30550_partial,partial,P28336__P30550,P30550,P28336,107_p30550_partial::ZINC000769849083,ZINC000769849083,0.639344262295082,368.38900000000007,2.6093200000000003,90.13,5,1,7,0.6964393390857455,2.5151511926072523,-7.304,-5.713,-1.6479999999999997,-1.2329999999999997,0.35323111729039713,-1.4210000000000003,-0.22699999999999942,True,False,0.17866972833871841,0.4520401060581207,0.7724532723426819,0.5381894648075104,0.7447267770767212,0.679048490524292,0.18001168072223664,0.6700139820575715,0.07327922731637955,0.0953486792743206,0.6462506055831909,0.9993929743766785,0.957506537437439,0.3972022235393524,0.46859451532363894,-5.097978556219727,144.14657987372595,102.78071039055976,-47.58021277721597,-4.482137799406539,-2.4142652686891615,False,False,False,not_evaluated_cross_domain_gate,False
A6PX-P107-0010,Cc1ccc2nc(COC(=O)C(C)(C)Nc3ccccc3C)cc(=O)n2c1,107_p30550_partial,partial,P28336__P30550,P30550,P28336,107_p30550_partial::ZINC000769849083,ZINC000769849083,0.6557377049180327,365.43300000000005,3.245240000000001,72.69999999999999,5,1,6,0.7028807846991426,2.504214577222637,-7.301,-5.671,-1.593,-1.1450000000000005,0.35684668354288435,-1.4210000000000003,-0.1719999999999997,True,False,0.25697300881147384,0.8610229611396789,0.906107759475708,0.3379890024662018,0.8496435046195984,0.7128626585006714,0.12896665930747986,0.8393563628196716,0.28464961647987364,0.31370078921318056,0.7967113614082336,0.9997325658798217,0.9886309385299683,0.406969940662384,0.7385239481925965,-4.936719399654814,123.15824094576215,88.74145458660101,22.095424142894675,-4.425309420571115,1.32139445590659,True,True,True,dual_endpoint_improved,False
A6PX-P107-0014,Cc1ccc2nc(COC(=O)C(C)(C)c3cccc(=O)c(O)c3)cc(=O)n2c1,107_p30550_partial,partial,P28336__P30550,P30550,P28336,107_p30550_partial::ZINC000769849083,ZINC000769849083,0.6451612903225806,380.4000000000001,2.08972,97.97,4,1,7,0.6962275354596194,2.671755596610714,-7.9,-6.296,-1.5620000000000003,-1.548,0.1782825472856689,-1.4210000000000003,-0.14100000000000001,True,False,0.16082351207733153,0.5428192853927613,0.8905048727989197,0.06127002313733101,0.32939199209213255,0.4054710865020752,0.051192672178149226,0.47672411799430847,0.16690092533826828,0.17031908929347991,0.8548658847808838,0.997760558128357,0.9609961748123169,0.3907973259687424,0.3790114462375641,-4.8092402955300475,91.01709938860525,85.96181825955395,-43.276332860814975,-4.436811872006018,0.966674545125843,False,False,False,not_evaluated_cross_domain_gate,False
A6PX-P110-0005,COc1c(O)c(O)nc2cc(C(=O)N3CCC(N4CCCCCC4)CC3)ccc12,108_p30872_full,full,O43603__P30872,P30872,O43603,108_p30872_full::ZINC000023844941,ZINC000023844941,0.3170731707317073,399.4910000000003,2.722900000000001,85.86999999999999,3,2,5,0.8289040058105562,2.4600873496954616,-9.146,-5.163,-4.129999999999999,-3.875000000000001,0.20576199843508466,-4.047,-0.0829999999999993,True,False,0.0813530208542943,0.714490270614624,0.6171342730522156,0.03699037190526724,0.035348978638648984,0.03480051662772894,0.30221608728170396,0.051744215190410614,0.036101380549371245,0.5049898087978363,0.34432336390018464,0.9649372696876526,0.6667110919952393,0.16178676187992097,0.7471117496490478,-5.0712859460024395,14.47691097620399,-4.353890651674619,-11.978557503159347,-3.3847495339867804,0.13495488212839674,True,False,False,seed_baseline_missing_or_failed,False
A6PX-P110-0049,COn1c(=O)c(O)cc2cc(C(=O)N3CCN(Cc4c(C)cccc4C)CC3)ccc21,108_p30872_full,full,O43603__P30872,P30872,O43603,108_p30872_full::ZINC000023844941,ZINC000023844941,0.41025641025641024,421.4970000000002,2.3403399999999994,75.00999999999999,4,1,6,0.7000074633938138,2.5809217407376757,-9.458,-5.392,-4.091,-4.026,0.12057178590182467,-4.047,-0.04400000000000048,True,False,0.16745958626270294,0.6962209820747376,0.7679819822311401,0.06038661450147629,0.499214643239975,0.504608291387558,0.3071929454803467,0.6778522968292237,0.2905918523669243,0.60529865026474,0.8464241862297058,0.9885611772537232,0.8966338753700256,0.8961034536361694,0.8718381643295288,-4.878724870756715,21.684442102040855,51.451165552471295,0.37988568910927467,-3.442079276445886,-4.305883998973656,True,False,False,seed_baseline_missing_or_failed,False
A6PX-P108-0038,c1cncc([C@H]2c3nc4ccccc4n3[C@@H](N3CCOCC3)c3nc4ccccc4n32)c1,109_ssr1_partial,partial,P30872__P30874,P30872,P30874,109_ssr1_partial::ZINC000071767231,ZINC000071767231,0.6956521739130435,422.49200000000025,3.611200000000002,61,2,0,7,0.43497545704277646,3.5548055950846997,-8.672,-3.767,-4.905000000000001,-3.257999999999999,0.8976313274390553,-3.8020000000000005,-1.1030000000000006,True,False,0.3308835864067078,0.6407940566539765,0.8081825971603394,0.18647838681936263,0.4928963422775269,0.6767363905906677,0.08094214852899313,0.7377635359764099,0.05681949183344841,0.6294938385486603,0.8855626940727234,0.9975271344184875,0.9362954735755921,0.831857419013977,0.9312610268592835,-5.025438413085318,44.16925485093874,21.921224081505674,7.2727920940990645,-3.466079652267883,0.8885642410944762,True,True,True,dual_endpoint_improved,True
A6PX-P108-0039,c1ccc([C@H]2c3nc4ccccc4n3[C@@H](N3CCOCC3)c3nc4ccccc4n32)nc1,109_ssr1_partial,partial,P30872__P30874,P30872,P30874,109_ssr1_partial::ZINC000071767231,ZINC000071767231,0.7272727272727273,422.49200000000025,3.611200000000002,61,2,0,7,0.43497545704277646,3.5704474220077778,-8.531,-4.089,-4.359000000000001,-3.3689999999999998,0.48743295835313516,-3.8020000000000005,-0.5570000000000004,True,False,0.372756826877594,0.6358461558818818,0.8112081527709961,0.09860253855586051,0.36040239632129667,0.4631153404712677,0.057121824473142624,0.497677081823349,0.09148738216608762,0.6258364200592041,0.8721176981925964,0.9910331845283509,0.9242583632469177,0.8321616411209106,0.910490357875824,-5.005836573637307,42.71336175171482,21.3014804366995,4.0749900540785156,-3.648667881862682,2.4599431182396096,True,True,True,dual_endpoint_improved,True
A6PX-P108-0021,c1ccc2c(c1)nc1n2[C@@H](C2CCCC2)c2nc3ccccc3n2[C@H]1N1CCOCC1,109_ssr1_partial,partial,P30872__P30874,P30872,P30874,109_ssr1_partial::ZINC000071767231,ZINC000071767231,0.7619047619047619,413.5250000000002,4.358100000000004,48.11,2,0,6,0.48998974373761295,3.5651425624946356,-8.591,-4.373,-4.206,-3.898999999999999,0.2014265788486388,-3.8020000000000005,-0.4039999999999999,True,False,0.5711295068264007,0.8676681280136108,0.8721328020095825,0.09872363582253456,0.4619192510843277,0.4906678944826126,0.09580233357846737,0.5404567301273346,0.06743088942021132,0.49196617603302,0.7331180572509766,0.9990112543106079,0.9139680862426758,0.9013054966926575,0.9236019611358642,-5.00310038660757,40.204368892557625,36.45009642815692,-7.013876761899094,-4.333032104676373,3.3670813223649816,True,True,True,dual_endpoint_improved,True
A6PX-P011-0206,O=C1CCC(=O)Nc2ccc(cc2)Cc2ccc(cc2)NC(=O)CCNCCN1,10_o95136_full,full,O95136__P21453,O95136,P21453,10_o95136_full::ZINC000004962925,ZINC000004962925,0.43902439024390244,394.4750000000002,2.0440999999999994,99.32999999999998,0,4,4,0.5495019956527606,4.5998522841585885,-6.77,-4.906,-1.8239999999999998,-1.8000000000000007,0.03623380864453635,-1.295,-0.5289999999999999,True,False,0.14309153631329535,0.5999786972999572,0.6703763008117676,0.009693669446278363,0.02171308472752571,0.01687131067737937,0.02178514739498496,0.011110100988298654,0.2072056919336319,0.1277926504611969,0.5193921029567719,0.28141183257102964,0.2047312945127487,0.0832961767911911,0.30024508386850357,-5.673910397200149,-22.585737626982603,-22.981293491390044,78.26155686889017,-3.081158880758725,0.4932834743541311,False,False,False,not_evaluated_cross_domain_gate,False
A6PX-P011-0118,CN1CCN=C(O)CCC(=O)Nc2ccc(cc2)Cc2ccc(cc2)NC(=O)CC1,10_o95136_full,full,O95136__P21453,O95136,P21453,10_o95136_full::ZINC000004962925,ZINC000004962925,0.4,408.50200000000024,2.3863000000000003,90.53999999999999,0,3,4,0.624338767691836,4.5290489880154725,-6.985,-5.299,-1.6900000000000004,-1.67,0.015520595635763863,-1.295,-0.39500000000000046,True,False,0.13187542855739592,0.554885333776474,0.657402765750885,0.005317538476083428,0.010385128343477846,0.004569086659466847,0.024037945363670588,0.006194897880777717,0.17537049800157548,0.1673225298523903,0.4113916546106339,0.20710446834564208,0.2872744262218475,0.08541278541088104,0.3198870927095413,-5.4085312151623,-16.983476311207905,-16.88812168831069,86.5999805739317,-3.0783639312900988,-0.495209092653738,True,True,False,not_dual_endpoint_improved,False
A6PX-P011-0025,O=C1CCC(=O)Nc2ccc(cc2)Cc2ccc(cc2)CCCCC(O)=CCN1,10_o95136_full,full,O95136__P21453,O95136,P21453,10_o95136_full::ZINC000004962925,ZINC000004962925,0.47619047619047616,392.49900000000014,3.797900000000002,75.27000000000001,0,2,3,0.7160745311971842,4.494047888554193,-6.954,-5.324,-1.6610000000000005,-1.5739999999999998,0.04173727350941852,-1.295,-0.36600000000000055,True,False,0.12372559905052186,0.7509095072746277,0.8177587151527405,0.02837928005028516,0.1221830889582634,0.08272906318306923,0.051682944595813754,0.07897850517183543,0.376522034406662,0.12369882017374038,0.6784552454948425,0.9138723969459533,0.7134245753288269,0.7252061605453491,0.3892144292593002,-5.0241571665211895,47.675002430377184,29.4048973958351,61.12821816988712,-4.991779722397053,0.3751804231984889,True,True,False,not_dual_endpoint_improved,False
A6PX-P011-0012,O=C1CCCCc2ccc(cc2)Cc2ccc(cc2)CC=CC=C(O)CCN1,10_o95136_full,full,O95136__P21453,O95136,P21453,10_o95136_full::ZINC000004962925,ZINC000004962925,0.37777777777777777,375.5120000000001,4.568000000000004,46.17,0,1,2,0.7331797181158834,4.578087281998498,-6.889,-5.329,-1.5730000000000004,-1.5590000000000002,0.01309792180292567,-1.295,-0.27800000000000047,True,False,0.08776611015200615,0.8000007510185242,0.8084007501602173,0.0702147064730525,0.5098136097192765,0.24812954813241958,0.1156080648303032,0.24633308351039887,0.3978565111756325,0.05616366416215897,0.6350382804870606,0.9919897437095642,0.8283785462379456,0.9339679598808288,0.5235424011945724,-5.020775623636686,53.671200105298226,68.61157600848757,33.86012756904299,-5.109000438616961,-5.002171596179026,True,True,False,not_dual_endpoint_improved,False
A6PX-P011-0006,O=C1CCCOc2ccc(cc2)Cc2ccc(cc2)OC2CCN(CCN1)CC2,10_o95136_full,full,O95136__P21453,O95136,P21453,10_o95136_full::ZINC000004962925,ZINC000004962925,0.2909090909090909,394.51500000000027,3.4094000000000015,50.80000000000001,0,1,4,0.7440395905689039,4.94239086000952,-6.562,-5.034,-1.524,-1.5220000000000002,0.012283683848458545,-1.295,-0.2290000000000001,True,False,0.2003049910068512,0.7971282839775086,0.744776725769043,0.04403478810563684,0.11416014879941941,0.030830506049096585,0.6342823505401611,0.057873936370015144,0.07015862315893173,0.355040916800499,0.28078301846981046,0.9448325634002686,0.8088524460792541,0.5351524531841279,0.7941404581069946,-5.279862902012894,9.34518416998057,22.598089321407414,20.59690571672156,-3.2050491385431643,0.4511901299146331,True,True,False,not_dual_endpoint_improved,False
A6PX-P011-0029,CN1CCOc2ccc(cc2)Cc2ccc(cc2)N=C(O)CCC(=O)NCCC1=O,10_o95136_full,full,O95136__P21453,O95136,P21453,10_o95136_full::ZINC000004962925,ZINC000004962925,0.3333333333333333,409.4860000000002,2.3532,87.74000000000001,0,2,4,0.6992692230495207,4.572401939714935,-6.825,-5.308,-1.5150000000000006,-1.5139999999999993,0.020038851153585727,-1.295,-0.22000000000000064,True,False,0.18792494386434555,0.5499143779277802,0.8676177740097046,0.009216493973508478,0.04487726110965014,0.03066684165969491,0.015157955698668957,0.07571771182119846,0.2432923823595047,0.13272723704576492,0.7062371134757995,0.7852442383766174,0.6248009741306305,0.27947244644165037,0.302747318148613,-5.199198490913851,12.606656144912275,10.792828373536477,28.822587118496063,-3.319818561388425,-5.383646752485596,False,False,False,not_evaluated_cross_domain_gate,False
A6PX-P011-0020,CCN1C(=O)CC=C(O)CCCC(=O)NCC(O)=Nc2ccc(cc2)Cc2ccc1cc2,10_o95136_full,full,O95136__P21453,O95136,P21453,10_o95136_full::ZINC000004962925,ZINC000004962925,0.40384615384615385,435.5240000000002,3.2182000000000013,95.58000000000001,1,2,4,0.7189931965045395,4.555369519234484,-6.617,-5.165,-1.447,-1.4400000000000004,0.01790716802475087,-1.295,-0.15200000000000014,True,False,0.09092433080077171,0.5666830480098725,0.7484408974647522,0.010374745912849903,0.05517476573586464,0.05342361945658922,0.0203046434558928,0.08572839051485062,0.36115149557590487,0.11444450169801712,0.7228900790214539,0.7034494161605835,0.6075508236885071,0.3777471721172333,0.27470889538526533,-5.080750694329956,40.42710223939348,24.261972427067054,78.137646249656,-4.546475329386761,1.488172497851839,False,False,False,not_evaluated_cross_domain_gate,False
A6PX-P011-0010,O=C1CCCOCCOCCCNc2ccc(cc2)Oc2ccc(nc2)N1,10_o95136_full,full,O95136__P21453,O95136,P21453,10_o95136_full::ZINC000004962925,ZINC000004962925,0.26785714285714285,371.4370000000002,3.4414000000000016,81.71000000000001,0,2,6,0.7382526384367747,4.910934807991868,-6.298,-4.975,-1.3159999999999998,-1.314,0.009463379711052261,-1.295,-0.020999999999999908,True,True,0.27023370414972303,0.7511244535446167,0.9406028866767884,0.08358571454882621,0.12993548512458802,0.15462761968374253,0.018784568924456835,0.040639950335025786,0.2560919255018234,0.2640941172838211,0.8414358496665955,0.9797664046287536,0.829854154586792,0.12254531905055047,0.4700784295797348,-5.040070050984949,30.290809835043024,16.356652944952963,37.71085063227463,-3.586032488167624,5.63011193276124,True,True,False,not_dual_endpoint_improved,False
A6PX-P111-0020,Cc1[nH]c(C(F)(F)F)cc1-c1n[nH+]c(SCC2=[NH+]c3c4c(cnc3=N2)=CC=C4)n1C,110_p30872_full,full,P30872__P31391,P30872,P31391,110_p30872_full::ZINC000002803815,ZINC000002803815,0.24489795918367346,429.43100000000015,2.7952200000000005,84.10999999999999,4,1,7,0.646774866158334,3.947332856267603,-9.047,-5.992,-2.875000000000001,-2.6830000000000007,0.350182174811276,-2.115,-0.7600000000000007,True,False,0.2976635336875916,0.9326606035232544,0.9530874609947204,0.9202520728111268,0.7640379786491394,0.8265069007873536,0.13494263365864753,0.836108124256134,0.2016417056322098,0.12903297320008278,0.948468017578125,0.9999651908874512,0.9625455379486084,0.8172802448272705,0.716008985042572,-5.430003022230548,-23.07087558624479,23.18225686230769,-41.641729736931936,-4.168771247312266,-13.101725331000358,False,False,False,not_evaluated_cross_domain_gate,False
A6PX-P111-0111,CCn1c(-c2cc(C(F)(F)F)[nH+]n2C)n[nH+]c1SCc1nc2cccc(OC)c2[nH]1,110_p30872_full,full,P30872__P31391,P30872,P31391,110_p30872_full::ZINC000002803815,ZINC000002803815,0.4939759036144578,437.45100000000014,3.8945000000000016,86.44,6,1,8,0.46073330244599947,2.773183373397531,-7.975,-5.543,-2.4319999999999995,-1.6220000000000008,0.5858993087553522,-2.115,-0.3169999999999993,True,False,0.5065778076648713,0.7768426299095154,0.9235605955123901,0.8323368787765503,0.9204035520553588,0.8406156539916992,0.2089255101978779,0.9655313730239868,0.15540523454546928,0.10159991830587387,0.8821595311164856,0.9999379754066468,0.930940592288971,0.9325588941574097,0.8346515774726868,-5.0533586845192655,24.19381166488508,60.13831662634453,-16.18700209716703,-4.567448890235421,-7.362314934039199,False,False,False,not_evaluated_cross_domain_gate,False
A6PX-P111-0205,CCn1c(CCn2cc3c4cccc-4c(C)ccc3n2)nnc1-c1cc(C(F)(F)F)nn1C,110_p30872_full,full,P30872__P31391,P30872,P31391,110_p30872_full::ZINC000002803815,ZINC000002803815,0.367816091954023,453.47200000000015,4.722920000000004,66.35,5,0,7,0.3862027715051792,2.9504410453981205,-9.093,-6.721,-2.4250000000000007,-2.0949999999999998,0.19497920116999368,-2.115,-0.3100000000000005,True,False,0.6854650318622589,0.9688886284828186,0.9200081586837768,0.19625835567712785,0.3631858050823212,0.306250137090683,0.09152325280010701,0.8992183566093445,0.4436083137989044,0.5146623432636261,0.7420272469520569,0.9998084664344787,0.9645847082138062,0.9794698119163513,0.8534023761749268,-4.957479196833839,-14.77919638300051,20.35042832100067,0.4586818369615518,-5.014787297793836,-0.9978094888054784,False,False,False,not_evaluated_cross_domain_gate,False
A6PX-P111-0118,CCn1c(-c2cc(C(C)(C)O)[nH+]n2C)n[nH+]c1SCc1nc2ccc(F)c(C)c2[nH]1,110_p30872_full,full,P30872__P31391,P30872,P31391,110_p30872_full::ZINC000002803815,ZINC000002803815,0.4186046511627907,429.5250000000002,3.5420200000000017,97.44,6,2,8,0.4551513996243988,2.972268842747459,-8.134,-5.575,-2.3779999999999992,-2.3679999999999994,0.20415897944711867,-2.115,-0.262999999999999,True,False,0.2720810204744339,0.5220053732395172,0.9373014211654663,0.2226816713809967,0.6330149054527283,0.6567676544189454,0.09400692060589791,0.9365259289741517,0.27358528077602384,0.12238408774137496,0.7819814205169677,0.9998188495635987,0.9134700655937195,0.8792430520057678,0.8049050688743591,-5.501636176741895,15.40221127821805,43.98198286261511,5.520578959844046,-3.7710751698828373,-1.8273706124838873,False,False,False,not_evaluated_cross_domain_gate,False
A6PX-P111-0143,CCn1c(CCc2nc3ccn4cccc4n3n2)nnc1-c1cc(C(F)(F)F)nn1C,110_p30872_full,full,P30872__P31391,P30872,P31391,110_p30872_full::ZINC000002803815,ZINC000002803815,0.38372093023255816,429.41000000000014,2.7979000000000003,83.13,5,0,9,0.4291241350865912,3.39283674556044,-8.257,-5.893,-2.372,-1.6840000000000002,0.331623615296351,-2.115,-0.2569999999999997,True,False,0.5523739099502564,0.9664134383201599,0.9473693132400512,0.12455248013138771,0.19251758120954038,0.1278087455779314,0.026344207301735877,0.6004996657371521,0.3221164673566818,0.4003119707107544,0.828091311454773,0.9993123888969422,0.9757597923278809,0.9169402360916138,0.6557664394378662,-5.0247637565045205,-16.06050329543779,5.174669149821659,-6.194685924495535,-3.8613394516700454,-6.57350886133717,False,False,False,not_evaluated_cross_domain_gate,False
A6PX-P111-0024,CCn1c(CCC2=Nc3c4c(ccc3=N2)=CC=N4)nnc1-c1cc(C(F)(F)F)nn1C,110_p30872_full,full,P30872__P31391,P30872,P31391,110_p30872_full::ZINC000002803815,ZINC000002803815,0.34831460674157305,426.4060000000001,2.5097000000000005,85.60999999999999,5,0,8,0.6283843421817326,3.793078703602397,-8.338,-5.978,-2.3599999999999994,-1.5250000000000012,0.5208921833418754,-2.115,-0.24499999999999922,True,False,0.7277277886867524,0.9661328554153442,0.9606170535087586,0.46439049243927,0.24640057981014252,0.256654380261898,0.05628202073276043,0.561504352092743,0.30599449276924134,0.33602021634578705,0.9261485457420349,0.9996761679649353,0.971000361442566,0.9490115523338318,0.7937594175338745,-5.190541580736747,-41.5866370754771,4.9801858168690005,-5.538074126619905,-3.984787264807463,-5.430501072331795,True,True,True,dual_endpoint_improved,False
A6PX-P111-0004,CCn1c(-c2cc(C(C)C)[nH]c2C)n[nH+]c1CCC1=CN=C2C=CC=CC=C2N1,110_p30872_full,full,P30872__P31391,P30872,P31391,110_p30872_full::ZINC000002803815,ZINC000002803815,0.18095238095238095,388.5190000000002,2.82102,72.28,5,1,5,0.7294916166313621,3.939255282967008,-9.102,-6.808,-2.330000000000001,-1.952,0.19051509126575797,-2.115,-0.21500000000000075,True,True,0.31431336104869845,0.7941391587257385,0.8960159540176391,0.32244452834129333,0.47138232588768003,0.3489929050207138,0.11110230460762978,0.9197397947311401,0.17461356446146964,0.18015550971031188,0.6573402047157287,0.999865984916687,0.9687834501266479,0.7798095226287842,0.5859435439109802,-5.424013310934144,2.2380175008263152,21.72291038658304,-18.07159234501689,-3.0116886168866923,2.6435206051770654,True,True,True,dual_endpoint_improved,True
A6PX-P111-0117,CCn1c(SCc2nc3cccccc-3n2)nnc1-c1cc(C(F)(F)F)nn1C,110_p30872_full,full,P30872__P31391,P30872,P31391,110_p30872_full::ZINC000002803815,ZINC000002803815,0.5694444444444444,419.43600000000015,3.9044000000000025,74.31,5,0,8,0.45691783244786827,2.7236555406581857,-8.185,-5.863,-2.322,-1.951999999999999,0.18060084901978393,-2.115,-0.20699999999999985,True,False,0.5406093657016754,0.9687466025352478,0.948967444896698,0.7675439596176148,0.8285040020942688,0.8337033987045288,0.08027749247848988,0.6692675232887269,0.2567216128110886,0.13840522170066832,0.8799243330955505,0.9999721050262451,0.9804995775222778,0.9483075261116027,0.7703094124794007,-4.973335803464313,6.904492336670197,34.373129338301325,-37.66441560525885,-5.118491606144883,-4.959351748753035,True,True,False,not_dual_endpoint_improved,False
A6PX-P111-0090,CCn1c(-c2cc(C(F)(F)F)[nH+]n2C)n[nH+]c1CCc1nc2ccc(F)c(F)c2[nH]1,110_p30872_full,full,P30872__P31391,P30872,P31391,110_p30872_full::ZINC000002803815,ZINC000002803815,0.37209302325581395,425.3650000000001,3.657000000000002,77.21000000000001,5,1,6,0.495414977647188,2.9936119382062163,-8.42,-5.761,-2.274,-2.2520000000000007,0.19112997322938816,-2.115,-0.1589999999999998,True,False,0.5497815132141113,0.865185558795929,0.930304491519928,0.2788917437195778,0.2957202807068825,0.3299544334411621,0.10973564460873604,0.7717957377433777,0.401742285490036,0.3756972014904022,0.7445071935653687,0.9993198275566101,0.8828479051589966,0.8466948747634888,0.8759855628013611,-5.036925067072487,-19.38387556675023,0.7855171473044088,-5.864429807404461,-4.632610801374202,-5.115549028113287,True,True,True,dual_endpoint_improved,True
A6PX-P111-0069,CCn1c(SCC2=Cc3c4c(ccc3=N2)=CC=C4)nnc1-c1ccc(C(F)(F)F)nc1C,110_p30872_full,full,P30872__P31391,P30872,P31391,110_p30872_full::ZINC000002803815,ZINC000002803815,0.32608695652173914,453.4930000000001,4.260920000000004,55.96,5,0,6,0.5420013249384594,3.5568335936216338,-8.491,-6.163,-2.273999999999999,-1.4849999999999994,0.4470140440249676,-2.115,-0.15899999999999892,True,False,0.5832576096057892,0.9584073781967163,0.916015899181366,0.8130720138549805,0.762660551071167,0.7355057716369628,0.10881852507591247,0.8462414145469666,0.32977033853530885,0.12408124506473542,0.8514126181602478,0.9999817609786987,0.9670365214347839,0.9507817387580871,0.7903254866600037,-4.966233900467925,10.125074742898487,35.36791624140687,-22.790737818482075,-5.749170687969636,-6.370136168154575,False,False,False,not_evaluated_cross_domain_gate,False
A6PX-P111-0009,CCn1c(-c2[nH]c(C(F)(F)F)nc2C)n[nH+]c1CCC1=[NH+]c2c3c(ccc2=N1)=CC=C3,110_p30872_full,full,P30872__P31391,P30872,P31391,110_p30872_full::ZINC000002803815,ZINC000002803815,0.21212121212121213,425.4180000000001,3.1186200000000017,84.11,5,1,6,0.6818199424902402,3.9375051022037963,-8.558,-6.322,-2.2359999999999998,-2.0569999999999995,0.08461809630464569,-2.115,-0.12099999999999955,True,False,0.7326962232589722,0.924520206451416,0.9435294508934021,0.5958753287792206,0.5796411514282227,0.6970728516578675,0.311666776239872,0.8103956460952759,0.3753261387348175,0.29204908907413485,0.893463921546936,0.9999224305152893,0.9285888671875,0.8997223019599915,0.8822007894515991,-5.290250545051393,-35.12018933238534,17.643242378729262,-49.047070510558314,-3.919476671234203,-5.934398577993845,True,True,True,dual_endpoint_improved,False
A6PX-P111-0077,CCn1nc[nH+]c1CNC(=O)CSc1[nH+]nc(-c2cc(C(F)(F)F)[nH]c2C)n1CC,110_p30872_full,full,P30872__P31391,P30872,P31391,110_p30872_full::ZINC000002803815,ZINC000002803815,0.28125,442.47100000000006,2.6402200000000002,106.31,8,2,8,0.5197415649897543,2.9447383515519068,-6.623,-4.938,-2.1769999999999996,-1.4980000000000002,0.3452255301490122,-2.115,-0.06199999999999939,True,False,0.40376893281936643,0.6864245176315308,0.9442803144454956,0.04468697570264339,0.20037645399570464,0.05895046321675181,0.028056324319913985,0.7891747117042541,0.3313927292823792,0.19746213853359224,0.83576420545578,0.9981921792030335,0.8478945016860961,0.3673138231039047,0.2760883629322052,-5.49798850194197,23.140063328646715,52.003730272201594,-23.956643372941187,-3.5926436444573353,-2.028764695410538,True,True,True,dual_endpoint_improved,True
A6PX-P111-0059,CCn1c(C[C@H](C)NCC(C)C)nnc1SCC1=Nc2c3c(ccc2=C1)=CC=N3,110_p30872_full,full,P30872__P31391,P30872,P31391,110_p30872_full::ZINC000002803815,ZINC000002803815,0.1619047619047619,408.57500000000016,2.9826000000000015,70.89,8,2,6,0.5623402112905791,4.261957241745495,-7.311,-5.415,-2.128,-1.7490000000000006,0.25820448399583495,-2.115,-0.0129999999999999,True,False,0.3142179012298584,0.8403789043426514,0.8657193541526794,0.31712993383407595,0.29216777384281156,0.14659933745861053,0.5112603664398193,0.758377981185913,0.18334513455629348,0.3642576664686203,0.6460203051567077,0.9974791169166565,0.8430920958518981,0.7075162649154663,0.7580020904541016,-5.9085987495056305,27.84254835679035,12.331176250834961,66.82689064903265,-2.842899431363455,13.391408280290012,True,True,False,not_dual_endpoint_improved,False
A6PX-P109-0228,COc1ccc([C@@H]2Cc3cccn3[C@H](c3cccc(O)c3)[C@@H]2NC(=O)CN2CCCCC2)cc1,111_ssr1_full,full,P30872__P32745,P30872,P32745,111_ssr1_full::ZINC000021775530,ZINC000021775530,0.38636363636363635,459.5900000000003,4.102300000000004,66.73,6,2,5,0.5824814977438482,3.6733214999960007,-8.11,-3.978,-4.186,-3.9969999999999994,0.098388120330771,-3.248,-0.9379999999999997,True,False,0.16998504102230072,0.6744199991226196,0.43350968360900877,0.1543048806488514,0.5661661446094512,0.511038962006569,0.6056146860122681,0.862131905555725,0.0357490474358201,0.35911694914102554,0.2415289804339409,0.9973883628845215,0.8093560218811036,0.7825899839401245,0.866553521156311,-5.535849973371913,53.03077488651324,65.76062066061569,2.014975312430475,-5.19920467538559,4.701502777937775,False,False,False,not_evaluated_cross_domain_gate,False
A6PX-P109-0101,CCN1C[C@H](c2ccccc2)[C@H](NC(=O)CN2CCOCC2)[C@H](c2ccc(OC)cc2)C1,111_ssr1_full,full,P30872__P32745,P30872,P32745,111_ssr1_full::ZINC000021775530,ZINC000021775530,0.5694444444444444,437.5840000000003,2.7151000000000005,54.040000000000006,7,1,5,0.7219711667003332,3.3324993978822963,-7.359,-3.893,-3.627,-2.577,0.5455946806518146,-3.248,-0.37899999999999956,True,False,0.16198699474334716,0.7295710921287537,0.6936333537101745,0.011193887400440871,0.1473073586821556,0.03063678089529276,0.469862288236618,0.7969077467918396,0.02764124209061265,0.5837051928043365,0.12199133038520812,0.991584062576294,0.9284409403800964,0.44068326354026793,0.8495880126953125,-4.964580300794165,31.36314395180647,27.686304739214012,-9.96646061898771,-3.012672258770465,-1.0843879022795146,True,True,False,not_dual_endpoint_improved,False
A6PX-P109-0287,COc1ccc([C@@H]2Cn3cccc3[C@@H](c3ccccc3O)[C@@H]2N=C(O)CN2CCNCC2)cc1,111_ssr1_full,full,P30872__P32745,P30872,P32745,111_ssr1_full::ZINC000021775530,ZINC000021775530,0.39325842696629215,460.5780000000003,2.5216,78.76,6,3,6,0.5269950803517791,3.7102599615344616,-7.633,-3.993,-3.3220000000000005,-3.117,0.3438588211590463,-3.248,-0.07400000000000029,True,False,0.1651325449347496,0.5344674825668335,0.4038802295923233,0.054098963551223275,0.5439155101776123,0.36161812841892244,0.36381711065769196,0.8096036911010742,0.0536614878103137,0.3293651282787323,0.3385875701904297,0.9875577211380004,0.7100517749786377,0.5002677381038666,0.8704821705818176,-5.792575406131814,29.107641106004984,48.984608392607285,26.969063399012885,-3.689466203464373,3.0409451447329894,False,False,False,not_evaluated_cross_domain_gate,False
A6PX-P109-0057,COc1ccc([C@@H]2Nc3ncnn3[C@@H](c3ccccc3)[C@@H]2c2ccc(O)cc2)cc1,111_ssr1_partial,partial,P30872__P32745,P30872,P32745,111_ssr1_partial::ZINC000021775530,ZINC000021775530,0.5352112676056338,398.4660000000001,4.532300000000004,72.2,4,2,6,0.5283424489606589,3.529839615136348,-8.263,-4.785,-3.4779999999999998,-3.317,0.11090636691471857,-3.248,-0.22999999999999954,True,False,0.4280533790588379,0.3471312165260315,0.8603459477424622,0.17893712483346463,0.6090957604348659,0.6800872981548309,0.0884308921173215,0.5324978202581405,0.2143731102347374,0.21708142757415771,0.8542304992675781,0.9737849831581116,0.6962329149246216,0.5397454977035523,0.8354655027389526,-5.482861433418914,66.34332678736394,69.72423660920249,-11.940342716705416,-6.184175169815672,3.534616061526878,True,True,True,dual_endpoint_improved,True
A6PX-P109-0003,COc1ccc([C@@H]2Nc3ncnn3[C@@H](c3ccccc3)[C@@H]2CN2CCOCC2)cc1,111_ssr1_partial,partial,P30872__P32745,P30872,P32745,111_ssr1_partial::ZINC000021775530,ZINC000021775530,0.6811594202898551,405.5020000000003,2.9913000000000016,64.44,5,1,7,0.7041194233370751,3.693344305951152,-7.581,-4.187,-3.394,-3.04,0.22075778581966243,-3.248,-0.1459999999999999,True,False,0.2882812052965164,0.7186770856380462,0.9274444580078125,0.04492944958619773,0.15319319423288108,0.1466787226498127,0.13141828943043948,0.7875109076499939,0.10717113167047501,0.6674868345260621,0.6970471143722534,0.9967014193534851,0.8099065780639648,0.38064969778060914,0.8755095958709717,-5.03308015619681,50.760044461764295,56.62692311735716,-19.637107868100117,-3.846842397962964,8.565642190083896,True,True,False,not_dual_endpoint_improved,False
A6PX-P109-0046,CCCNC(=O)NC[C@@H]1[C@H](c2ccc(OC)cc2)Nc2ncnn2[C@H]1c1ccccc1,111_ssr1_partial,partial,P30872__P32745,P30872,P32745,111_ssr1_partial::ZINC000021775530,ZINC000021775530,0.5384615384615384,420.5170000000002,3.3683000000000014,93.1,7,3,6,0.5449783950085977,3.7001113839026543,-7.571,-4.437,-3.3099999999999996,-2.9939999999999998,0.2120487365363603,-3.248,-0.06199999999999939,True,False,0.1859928101301193,0.577672153711319,0.9294205784797669,0.06269883876666427,0.30906289294362066,0.5029791176319123,0.05727402986958623,0.8198919057846069,0.21042843014001847,0.35593541860580447,0.8159902811050415,0.9935248494148254,0.7252717733383178,0.40221878290176394,0.7395245432853699,-5.323445743791642,38.75111572798234,75.65894307650937,56.24878458474351,-4.600608669003269,3.5752288497103613,False,False,False,not_evaluated_cross_domain_gate,False
A6PX-P115-0003,C[C@@H]1CN(C(O)=CCC[C@H](C)NC(=O)C2=Cc3ccccc3C(O)N2)Cc2ccccc21,112_p30874_full,full,O43603__P30874,P30874,O43603,112_p30874_full::ZINC000008819026,ZINC000008819026,0.19480519480519481,433.55200000000013,3.4425000000000017,81.67,6,3,4,0.6518809836336674,3.8423437084104783,-9.069,-5.855,-2.9650000000000007,-2.2620000000000005,0.40477346201987513,-2.6030000000000006,-0.3620000000000001,True,False,0.3186038792133331,0.45704044699668883,0.5988932013511657,0.12132791727781296,0.5780656516551972,0.39754250049591067,0.5119740545749665,0.8592654943466187,0.26222827434539797,0.2180812530219555,0.6052618205547333,0.9952242255210877,0.8468422174453736,0.9290417551994323,0.837377417087555,-5.394489095592252,28.25953639360619,82.23441539035102,91.2528684177618,-3.5098563125641773,0.9569499934982947,True,True,False,not_dual_endpoint_improved,False
A6PX-P115-0007,O=C(CCCC(=O)N1Cc2ccccc2C2(CC2)C1)NC(=O)c1cc2cccnc2c(=O)[nH]1,112_p30874_full,full,O43603__P30874,P30874,O43603,112_p30874_full::ZINC000008819026,ZINC000008819026,0.2125,444.4910000000002,2.4238,112.22999999999999,5,2,5,0.6277250149042497,3.219339042667724,-8.774,-6.009,-2.6310000000000002,-2.1159999999999997,0.40427575847296193,-2.6030000000000006,-0.02799999999999958,True,False,0.3050018042325974,0.8594381809234619,0.6744819164276123,0.34432220458984375,0.45288191437721254,0.4565908372402191,0.26188156604766843,0.8654852509498596,0.09873955249786377,0.4494034111499786,0.843837833404541,0.998309874534607,0.7898386597633362,0.5025400578975677,0.5685599267482757,-5.403292972860697,78.76963934166456,41.89472363270786,32.87618298455136,-4.665068336955484,-2.5661415499822113,True,True,False,not_dual_endpoint_improved,False
A6PX-P114-0042,CNC(=O)c1ccc(NC(=O)c2ccc(C(=O)Nc3ccc(C(=O)N(C)C)cc3)cc2)cc1,117_ssr2_full,full,P30874__P41145,P30874,P41145,117_ssr2_full::ZINC000004758069,ZINC000004758069,0.4473684210526316,444.4910000000001,3.252600000000002,107.61000000000001,6,3,4,0.5423983893646583,1.7762148634036006,-7.965,-6.07,-1.8949999999999996,-1.835,0.12730104302618878,-1.7379999999999995,-0.15700000000000003,True,False,0.227128067612648,0.36691880226135254,0.6708101511001587,0.029997839545831084,0.06347141936421394,0.08781959246844054,0.02819782868027687,0.08235354218631982,0.5357577383518219,0.2086906462907791,0.8980647206306458,0.44763925671577454,0.4965092599391937,0.2921860426664352,0.6943028450012207,-5.391577491379982,-4.333226450911146,-24.777708007465982,150.98376025136722,-5.0207026313756735,-1.652167852705519,True,True,False,not_dual_endpoint_improved,False
A6PX-P119-0057,C[C@@]1(CC(=O)Nc2ccc(N3CCOCC3)nc2)CCc2c(cncc2-n2cccc2)C1=O,118_p30939_full,full,P28221__P30939,P30939,P28221,118_p30939_full::ZINC000008231416,ZINC000008231416,0.27956989247311825,445.5230000000002,3.267900000000002,89.35,5,1,7,0.6484628599007188,3.427173924009786,-6.923,-5.415,-1.471,-1.088,0.20847222037160412,0.22299999999999986,-1.694,True,False,0.18673967719078063,0.8530343770980835,0.9033369541168212,0.14741967618465424,0.2731640666723251,0.46568593978881834,0.06305250972509384,0.9394279956817627,0.07010257169604302,0.4859865248203278,0.906646466255188,0.9998997211456299,0.9609761834144592,0.6236716747283936,0.6818588435649872,-4.763387507015523,63.62872443105255,51.811319166532826,-5.9570421039942065,-3.074925412918935,0.5435185268233061,True,False,False,seed_baseline_missing_or_failed,False
A6PX-P119-0054,O=C1C[C@H]2CCc3c(ccnc3-c3ccco3)[C@@]2(O)CN1c1cnc(N2CCOCC2)nc1,118_p30939_full,full,P28221__P30939,P30939,P28221,118_p30939_full::ZINC000008231416,ZINC000008231416,0.1782178217821782,447.4950000000002,2.1551,104.82000000000001,3,1,8,0.6513586882443217,3.9414477945975896,-7.117,-5.721,-1.4370000000000003,-1.3549999999999995,0.03865517070486495,0.22299999999999986,-1.6600000000000001,True,False,0.2742494285106659,0.8604460120201111,0.8591074228286744,0.06524921171367168,0.1713644802570343,0.2228810429573059,0.018244479224085806,0.26522032991051675,0.04694789983332157,0.5421466052532196,0.8392792820930481,0.9996214866638183,0.9346106886863709,0.23295447826385499,0.7589846134185791,-4.908485234519887,20.69719975334612,37.93633228629968,7.169679337248449,-2.2847824340351606,0.14923700409263735,True,False,False,seed_baseline_missing_or_failed,False
A6PX-P119-0016,CCCCc1cccc(O[C@H](C)C(=O)Nc2ccc(N3CCCCC3)nc2)c1,118_p30939_full,full,P28221__P30939,P30939,P28221,118_p30939_full::ZINC000008231416,ZINC000008231416,0.21739130434782608,381.52000000000015,4.8205000000000044,54.46000000000001,8,1,4,0.7121380739816604,2.4904097608811657,-6.972,-5.447,-1.3229999999999995,-1.1080000000000005,0.2690431605193154,0.22299999999999986,-1.5459999999999994,True,False,0.3693904995918274,0.9387700200080872,0.8730141758918762,0.7075743436813354,0.9542507886886596,0.8353270888328552,0.602849942445755,0.7630150318145752,0.21669003665447234,0.3483923554420471,0.604760491847992,0.9999748229980469,0.9848322391510009,0.9571286797523498,0.8918461561203003,-4.821861614831505,90.76715573583012,88.60203822693371,7.985365155213662,-5.201869584565932,7.411748489309258,False,False,False,not_evaluated_cross_domain_gate,False
A6PX-P010-0032,Cc1cc(O[C@@H](C)C(=O)N[C@H]2CCN(c3ccc(F)cc3)C2=O)ccc1NC(=O)C(C)C,11_o95136_full,full,O95136__Q9H228,O95136,Q9H228,11_o95136_full::ZINC000743929159,ZINC000743929159,0.3835616438356164,441.5030000000002,3.417620000000002,87.74000000000001,7,2,4,0.6893356962747119,2.9921207174623223,-6.786,-5.094,-1.7369999999999992,-1.186,0.3039089776012985,-0.8980000000000006,-0.8389999999999986,True,False,0.3012116938829422,0.463421893119812,0.8426634550094605,0.02250092402100563,0.48014581203460693,0.36586929857730865,0.10023709312081337,0.6984362721443176,0.5516056001186371,0.13904456794261932,0.8655418992042542,0.9928229451179504,0.865419578552246,0.7280756652355194,0.7177406430244446,-4.981632884350352,37.731156794974126,42.73833265173787,12.900493642124541,-3.7386078946202197,3.7760145763793247,True,False,False,seed_baseline_missing_or_failed,False
A6PX-P118-0024,Oc1c(C2=CC[C@H]3Cc4cccc5c(F)ccc(c45)N[C@@H]23)cnc2nccn12,121_5ht1f_full,full,P30939__P47898,P30939,P47898,121_5ht1f_full::ZINC000731871688,ZINC000731871688,0.13978494623655913,372.4030000000001,2.6982,59.290000000000006,0,1,5,0.5156529177622468,4.025837537126288,-13.879,-7.625,-6.260000000000001,-6.254,0.019014614262602498,0.2610000000000001,-6.521000000000001,True,True,0.8411760449409484,0.9325077295303345,0.9410771250724792,0.8894815802574157,0.4631804883480072,0.2662754938006401,0.38653622567653656,0.852672028541565,0.13726457953453064,0.463034525513649,0.949576997756958,0.9999436378479004,0.9184427380561828,0.5192555665969849,0.8627303242683411,-5.030953603092219,53.27839538983486,33.56772270421631,0.8665723563475538,-4.585582460044649,-0.023906438999927816,True,False,False,seed_baseline_missing_or_failed,False
A6PX-P118-0018,O=C(c1cnc2ccccn2c1=O)N1CC[C@@H](Nc2cccc3c(F)ccc(O)c23)C1,121_5ht1f_full,full,P30939__P47898,P30939,P47898,121_5ht1f_full::ZINC000731871688,ZINC000731871688,0.1827956989247312,418.42800000000017,3.019000000000001,86.94,3,2,6,0.5341850778586341,3.0503948471233118,-10.746,-6.195,-4.651000000000001,-4.126999999999999,0.38224948223204536,0.2610000000000001,-4.912000000000001,True,False,0.5138711094856262,0.611290055513382,0.8317578554153442,0.2934724122285843,0.4145340025424957,0.3834410160779953,0.1897406116127968,0.6703425049781799,0.19652024507522584,0.5153780937194824,0.9459220409393311,0.9985711336135864,0.8227424025535583,0.4266127169132233,0.8285893678665162,-5.263359696102431,58.4994909766386,22.034458097532017,-6.608718246557979,-5.160069894046487,-6.638866159187236,True,False,False,seed_baseline_missing_or_failed,False
A6PX-P118-0025,O=C(CNC(=O)c1cnc2ccccc2c1O)Nc1cccc2ccccc12,121_5ht1f_full,full,P30939__P47898,P30939,P47898,121_5ht1f_full::ZINC000731871688,ZINC000731871688,0.4838709677419355,371.39600000000013,3.049800000000001,91.06,4,3,3,0.5148870112963027,1.9630075446626645,-10.457,-6.543,-3.8840000000000003,-3.107,0.5216552714410371,0.2610000000000001,-4.1450000000000005,False,True,0.48680734634399414,0.8317999958992004,0.7920436143875123,0.6150435447692871,0.6165891051292419,0.604045307636261,0.17199997901916503,0.5029342472553253,0.3496473699808121,0.29051318764686584,0.9570088386535645,0.9955149292945862,0.7235253810882568,0.542597359418869,0.7240957736968994,-5.360203396892512,82.16483358871486,25.442255928520837,57.64837448911844,-6.1376211596519825,0.3317662698003927,False,False,False,not_evaluated_cross_domain_gate,False
A6PX-P118-0005,O=C(NC[C@H](O)[C@@H]1Oc2ccc(Cl)c3cccc1c23)NC(=O)c1ccccc1,121_5ht1f_full,full,P30939__P47898,P30939,P47898,121_5ht1f_full::ZINC000731871688,ZINC000731871688,0.20987654320987653,396.83000000000015,3.427200000000002,87.66000000000001,4,3,4,0.6301381544558022,3.2943146665821956,-10.331,-6.47,-3.8609999999999998,-2.902,0.4689271443056657,0.2610000000000001,-4.122,False,False,0.2165260687470436,0.8311148047447204,0.9271433234214783,0.8549877166748047,0.8103860497474671,0.72292240858078,0.1658718466758728,0.49178369641304015,0.30877716541290284,0.3204942852258682,0.9567901611328125,0.9995516657829284,0.8622652411460876,0.6306941151618958,0.6403503298759461,-5.2531842772783595,23.65889832481082,15.108765439980573,81.35577003586778,-4.650306346926993,-1.341298661641634,False,False,False,not_evaluated_cross_domain_gate,False
A6PX-P118-0009,O=C(NC=C1Cc2cccc3cccc(c23)N1)c1cnc2ccccc2c1,121_5ht1f_full,full,P30939__P47898,P30939,P47898,121_5ht1f_full::ZINC000731871688,ZINC000731871688,0.2,351.40900000000016,4.446600000000003,54.35,3,1,3,0.5928958232937338,2.5186534618380207,-11.428,-7.643,-3.785000000000001,-3.734,0.02731300056749568,0.2610000000000001,-4.046000000000001,True,True,0.697574770450592,0.9681707620620728,0.8919702768325806,0.8936357498168945,0.7542690992355346,0.5484591543674469,0.15901539996266364,0.6936653256416321,0.2856482923030853,0.36006495654582976,0.9315685749053955,0.9997841715812683,0.9307206869125366,0.8482334971427917,0.7980799674987793,-4.990248905874887,57.5952392566865,54.24007728817237,16.710890701847195,-5.487536586944286,-10.983609954785004,True,False,False,seed_baseline_missing_or_failed,False
A6PX-P118-0064,O=C(CNC(=O)c1cnc2cccn2c1O)Nc1cccc2cccc(O)c12,121_5ht1f_full,full,P30939__P47898,P30939,P47898,121_5ht1f_full::ZINC000731871688,ZINC000731871688,0.33783783783783783,376.3720000000001,1.8548999999999993,115.7,4,4,5,0.43496890590460396,2.6154221600472773,-9.293,-5.835,-3.4579999999999993,-2.9640000000000004,0.6018925707023355,0.2610000000000001,-3.7189999999999994,True,False,0.453460556268692,0.3879124641418457,0.683589494228363,0.39533706903457644,0.27985080033540727,0.32965668439865115,0.11075179427862167,0.23893607407808304,0.15663555264472961,0.13492654412984847,0.9425039291381836,0.9817569851875305,0.3632965683937073,0.22250753939151763,0.6051504135131835,-5.690880767369299,65.13786538540015,16.90527118970426,-11.207795723947509,-5.29604248244848,-6.270776890332895,False,False,False,not_evaluated_cross_domain_gate,False
A6PX-P118-0015,Cc1ccc2c3c(cccc13)[C@H]([C@H](O)CNC(=O)c1cnc3ccccn3c1=O)O2,121_5ht1f_full,full,P30939__P47898,P30939,P47898,121_5ht1f_full::ZINC000731871688,ZINC000731871688,0.2111111111111111,401.4220000000002,2.3805199999999997,92.92999999999999,4,2,6,0.5477648047887564,3.544971083101373,-9.737,-6.362,-3.375,-3.149,0.3073871970152449,0.2610000000000001,-3.636,True,False,0.51014723777771,0.39995238184928894,0.8826291680335998,0.23001230955123902,0.3568893879652023,0.3497388482093811,0.09071073159575463,0.4445884108543396,0.25963092893362044,0.4472919702529907,0.9283841133117676,0.9981076717376709,0.8598967313766479,0.8653917789459229,0.6764064908027649,-5.3345706040618115,16.452333158978483,43.24101788622422,36.025929195580716,-4.027963423876378,-4.484006394714752,True,False,False,seed_baseline_missing_or_failed,False
A6PX-P118-0070,Nc1c(C(=O)NCC(=O)Nc2cccc3cccc(O)c23)cnc2ccccc12,121_5ht1f_full,full,P30939__P47898,P30939,P47898,121_5ht1f_full::ZINC000731871688,ZINC000731871688,0.38028169014084506,386.4110000000001,3.044300000000001,117.34,4,4,5,0.4300065928601894,2.249547405302504,-9.889,-6.581,-3.3080000000000007,-2.9859999999999998,0.4252912727374808,0.2610000000000001,-3.569000000000001,True,False,0.7045936465263367,0.4790772795677185,0.737470293045044,0.3275776982307434,0.5756001174449921,0.4510428965091705,0.16391251236200333,0.6363975644111634,0.2512768566608429,0.1983081057667732,0.92622891664505,0.9934193134307862,0.6196060717105866,0.2795493543148041,0.7552647709846496,-5.565132828005152,58.79766125405057,40.745679690320706,-21.30790786104606,-5.3043312901959165,-9.932321835485084,False,False,False,not_evaluated_cross_domain_gate,False
A6PX-P118-0030,O=C(NC[C@H](O)Cc1coc2cccc(O)c12)c1cnc2ccccc2c1,121_5ht1f_full,full,P30939__P47898,P30939,P47898,121_5ht1f_full::ZINC000731871688,ZINC000731871688,0.18604651162790697,362.3850000000001,3.020000000000002,95.59,5,3,5,0.5071650918296542,2.9015592102721737,-8.599,-5.43,-3.2170000000000005,-1.476,0.8886447859271758,0.2610000000000001,-3.4780000000000006,False,False,0.41586185693740846,0.2000049829483032,0.6208322644233704,0.7475006580352783,0.6803055286407471,0.463238924741745,0.24225837886333465,0.4780564486980438,0.10549475103616715,0.10856781899929047,0.7396745800971984,0.999192726612091,0.711002779006958,0.36218624711036684,0.6792046070098877,-5.533988998141398,53.678409350914514,33.58903840495748,46.14759330967608,-4.601229334507076,-4.875048554005635,False,False,False,not_evaluated_cross_domain_gate,False
A6PX-P118-0008,Nc1c(CNC=C2Cc3cccc4cccc(c34)N2)nc2cnccn12,121_5ht1f_full,full,P30939__P47898,P30939,P47898,121_5ht1f_full::ZINC000731871688,ZINC000731871688,0.11363636363636363,342.40600000000006,2.8831000000000007,80.6,4,2,6,0.5974800128079073,3.1096926263267965,-9.234,-5.608,-3.1660000000000004,-2.6220000000000008,0.6905265301846764,0.2610000000000001,-3.4270000000000005,True,False,0.8578498244285584,0.9735504150390625,0.898749852180481,0.9031916856765747,0.7216103076934814,0.44205424189567566,0.8178385853767395,0.9492734909057617,0.11405742540955544,0.3072950005531311,0.8407593131065368,0.9999098896980285,0.8059779286384583,0.7218903422355651,0.9321482181549072,-5.53743510415329,15.936390375068317,17.627700954885448,-19.267461849804732,-2.734544633341776,-6.4648591845498675,True,False,False,seed_baseline_missing_or_failed,False
A6PX-P118-0032,Cc1cnc2ccccc(NC(=O)CNC(=O)c3cnc4ccccc4c3O)c1-2,121_5ht1f_full,full,P30939__P47898,P30939,P47898,121_5ht1f_full::ZINC000731871688,ZINC000731871688,0.3150684931506849,386.4110000000001,2.1751199999999997,107.18,3,3,3,0.5021970972186269,2.735213763041152,-9.725,-6.599,-3.1259999999999994,-1.5930000000000009,0.7694322582268041,0.2610000000000001,-3.3869999999999996,True,True,0.39358291029930115,0.5906100869178772,0.8016548871994018,0.5035670399665833,0.5226111650466919,0.5236361026763916,0.17998919785022735,0.632256031036377,0.28939562737941743,0.33521968126296997,0.9416840553283692,0.99435795545578,0.7251089334487915,0.5561088383197784,0.7268577337265014,-5.645389495457925,37.71505813785497,24.96677490930555,40.10077552438567,-4.055099995106134,-3.7760790109330706,False,False,False,not_evaluated_cross_domain_gate,False
A6PX-P118-0002,Cc1ccc(O)c(C(=O)NCCc2cnc3ccccc3c2O)c2cccc1-2,121_5ht1f_full,full,P30939__P47898,P30939,P47898,121_5ht1f_full::ZINC000731871688,ZINC000731871688,0.24096385542168675,372.4240000000001,2.738520000000001,79.03,4,2,3,0.7390970841040743,2.8165150446626637,-8.753,-5.663,-3.09,-2.1019999999999994,0.5196436813390074,0.2610000000000001,-3.351,False,True,0.3897671282291412,0.9108946561813355,0.7832973599433899,0.9051106810569763,0.9540903210639954,0.9002794742584228,0.49160675406455995,0.9533209204673767,0.21601176410913467,0.2036592647433281,0.8285287261009217,0.9999498128890991,0.9204609751701355,0.8291994094848633,0.8146107077598572,-5.149858142456475,49.3065315008615,25.888120855089152,45.278220341790096,-4.407632213034381,-8.049045945272256,False,False,False,not_evaluated_cross_domain_gate,False
A6PX-P118-0049,Cc1nn(C)c2ccnc(C[C@@H](O)CNC(=O)c3cnc4ccccc4c3O)c12,121_5ht1f_full,full,P30939__P47898,P30939,P47898,121_5ht1f_full::ZINC000731871688,ZINC000731871688,0.2857142857142857,391.43100000000015,1.4516199999999992,112.89999999999999,5,3,6,0.47662107599670955,3.1050252157051244,-7.695,-4.696,-2.9990000000000006,-1.4900000000000002,0.9203575392204927,0.2610000000000001,-3.2600000000000007,False,True,0.23841422945261,0.3438139021396637,0.8290781021118164,0.15100524723529815,0.1358743503689766,0.10657103955745698,0.06184588074684143,0.4642815887928009,0.24774311780929564,0.42539570331573484,0.8047435402870178,0.9961093425750732,0.5294308841228486,0.3489526093006134,0.682887202501297,-5.8846776394264255,27.181508905102863,21.26192082838551,40.432730320072906,-2.9024554754108216,-1.751078331905709,False,False,False,not_evaluated_cross_domain_gate,False
A6PX-P118-0003,O=C(NCC(O)=Cc1cccc2c1CCCC2)c1ccc2ccccc2c1O,121_5ht1f_full,full,P30939__P47898,P30939,P47898,121_5ht1f_full::ZINC000731871688,ZINC000731871688,0.21794871794871795,373.4520000000002,3.9658000000000033,66.4,5,2,3,0.7112308590852917,2.312369937825057,-9.809,-6.772,-2.940999999999999,-1.6850000000000005,0.8301776249025796,0.2610000000000001,-3.201999999999999,False,True,0.5080128908157349,0.673526120185852,0.7952609658241272,0.9317251443862915,0.9123896956443787,0.8073877453804016,0.49417555928230283,0.5894999027252197,0.4103026956319809,0.07606067135930061,0.7809744238853454,0.9997983813285828,0.8730709195137024,0.8691869616508484,0.697651481628418,-5.0591386845267845,92.68276576558885,83.35764538711116,8.087370057676102,-5.632908292793726,-2.1984011483291717,False,False,False,not_evaluated_cross_domain_gate,False
A6PX-P118-0033,O=C(NC[C@H](O)Cn1ccc2c(F)ccc(O)c21)c1cn2ccccc2n1,121_5ht1f_full,full,P30939__P47898,P30939,P47898,121_5ht1f_full::ZINC000731871688,ZINC000731871688,0.17045454545454544,368.3680000000001,1.9245999999999994,91.79,5,3,6,0.5019189518530062,3.2134208409491887,-7.871,-5.082,-2.7890000000000006,-2.3209999999999997,0.2651490147068254,0.2610000000000001,-3.0500000000000007,False,False,0.6613788187503815,0.21605662554502486,0.6567794024944306,0.36019434630870817,0.24258310794830323,0.17973571121692658,0.43575854003429415,0.4189892798662186,0.1846136137843132,0.24723201394081115,0.7290799379348755,0.9979172229766846,0.5280446708202362,0.17672365605831147,0.7692052721977234,-5.4364161834049,54.08993851140341,30.94257521628311,-32.678386506139944,-3.005157960418908,-8.814077989505012,False,False,False,not_evaluated_cross_domain_gate,False
A6PX-P118-0006,Cc1[nH+]n(C)c2cccc(NC(=O)CNC(=O)C3=CNc4ccccc4N3O)c12,121_5ht1f_full,full,P30939__P47898,P30939,P47898,121_5ht1f_full::ZINC000731871688,ZINC000731871688,0.2875,392.4190000000002,1.9167199999999995,111.85000000000001,4,3,7,0.6280272688090391,3.3621060787445245,-8.633,-5.833,-2.770999999999999,-2.2509999999999994,0.5516037224916701,0.2610000000000001,-3.031999999999999,False,False,0.6245846748352051,0.8574393153190613,0.9139783024787903,0.09727961458265781,0.2047927588224411,0.12338171750307084,0.06990100927650929,0.3678603500127792,0.28727604150772096,0.49649720191955565,0.9397406697273254,0.9983720302581787,0.7495262265205384,0.40752277970314027,0.5923505604267121,-5.527487295502391,10.002405580505467,43.78970570792641,29.128823652843842,-3.671568459456472,-8.71142851750487,False,False,False,not_evaluated_cross_domain_gate,False
A6PX-P118-0007,Cc1ccccc1CCC[C@@H](O)CNC(=O)c1cnc2ccccc2c1O,121_5ht1f_full,full,P30939__P47898,P30939,P47898,121_5ht1f_full::ZINC000731871688,ZINC000731871688,0.2564102564102564,364.44500000000016,2.950120000000001,82.19,7,3,3,0.6027623094841067,2.6061555062838533,-7.265,-4.754,-2.6549999999999994,-1.2300000000000004,0.8641436351800676,0.2610000000000001,-2.9159999999999995,False,False,0.2719403147697449,0.7098136663436889,0.8109623789787292,0.849410331249237,0.9108107328414917,0.8284570455551148,0.7427997469902039,0.884904420375824,0.27483598291873934,0.4410129189491272,0.6352963447570801,0.9997209191322327,0.898425304889679,0.8420047879219055,0.9169248342514038,-5.487890320350937,71.66119571570815,48.37089788398653,29.474564913892145,-4.15301212964471,7.92006860581338,False,False,False,not_evaluated_cross_domain_gate,False
A6PX-P118-0014,Cc1ccc(C)c2c(NC(=O)CNC(=O)c3cnc4ccccc4c3)cccc12,121_5ht1f_full,full,P30939__P47898,P30939,P47898,121_5ht1f_full::ZINC000731871688,ZINC000731871688,0.38028169014084506,383.4510000000002,4.373340000000003,71.09,4,2,3,0.5495634069813989,2.1345242357010203,-9.822,-7.207,-2.6149999999999993,-1.7249999999999996,0.6970922145280031,0.2610000000000001,-2.8759999999999994,False,True,0.6215664386749268,0.8754815816879272,0.8446476817131042,0.523024171590805,0.672159218788147,0.42352007031440736,0.2083302542567253,0.7959712028503418,0.4703594267368317,0.3565260738134384,0.9446912407875061,0.9988002777099609,0.8888561964035034,0.8193387508392334,0.826525890827179,-5.144549698660712,84.935886689722,83.87270075685818,102.50571966822774,-5.116172812926311,1.9274621001115606,False,False,False,not_evaluated_cross_domain_gate,False
A6PX-P118-0041,Cc1cccc2c1ccn2C[C@@H](O)CNC(=O)c1cnc2ncccc2c1O,121_5ht1f_full,full,P30939__P47898,P30939,P47898,121_5ht1f_full::ZINC000731871688,ZINC000731871688,0.20689655172413793,376.4160000000001,1.9771199999999987,100.01000000000002,5,3,5,0.4957918125206465,2.951509846351252,-7.921,-5.375,-2.5460000000000003,-2.0199999999999996,0.7471175721843698,0.2610000000000001,-2.8070000000000004,True,False,0.36529378592967987,0.2212900012731552,0.7090872287750244,0.4502507269382477,0.35359489619731904,0.2101730078458786,0.3525658190250397,0.6342138290405274,0.2514046162366867,0.4828954517841339,0.8120748400688171,0.9948098063468933,0.623498409986496,0.40409978926181794,0.7488908767700195,-5.7771508868613966,37.20424137188748,29.828106226289282,38.31077141532835,-3.2657826571362216,3.6553445298972926,False,False,False,not_evaluated_cross_domain_gate,False
A6PX-P118-0026,Cc1cccc2c(NC(=O)CNC(=O)c3cnc4cccn4c3O)cccc12,121_5ht1f_full,full,P30939__P47898,P30939,P47898,121_5ht1f_full::ZINC000731871688,ZINC000731871688,0.33783783783783783,374.40000000000015,2.45772,95.47,4,3,4,0.5119915599742454,2.494844660047278,-8.409,-6.216,-2.159,-1.7169999999999996,0.21681943332336884,0.2610000000000001,-2.42,True,False,0.5799027502536773,0.7375312447547913,0.8269772052764892,0.4038311719894409,0.37172345221042635,0.35225710868835447,0.11403848081827164,0.47565904855728147,0.39127024412155154,0.32809616923332213,0.9584806680679321,0.9918840289115906,0.6471037149429322,0.557469767332077,0.6676986217498779,-5.423958339904371,61.711805534321186,33.303011209009355,77.99529988437777,-5.20600925871077,1.2336422859510487,True,False,False,seed_baseline_missing_or_failed,False
A6PX-P118-0027,Cc1ccc(O)c2c(NC(=O)CNC(=O)c3cnc4ccccn34)cccc12,121_5ht1f_full,full,P30939__P47898,P30939,P47898,121_5ht1f_full::ZINC000731871688,ZINC000731871688,0.36,374.40000000000015,2.8700200000000016,95.73,4,3,5,0.5117822754901221,2.420286583124202,-7.842,-6.04,-1.8019999999999996,-1.2429999999999994,0.6413653838145271,0.2610000000000001,-2.0629999999999997,False,False,0.7800541281700134,0.40202325880527495,0.8215969681739808,0.47380303144454955,0.48115267157554625,0.4153967261314392,0.46457715034484864,0.6119595885276794,0.25287569016218187,0.20825694650411605,0.9245962619781494,0.9985625982284546,0.7204919934272767,0.4360705971717834,0.7649207592010498,-5.4471934972503675,74.1938707370692,70.01431136199159,-26.16216486723827,-4.800996752725939,-5.823073207579211,False,False,False,not_evaluated_cross_domain_gate,False
A6PX-P123-0049,Cc1ccc([C@@H]2C(=O)Nc3ccccc3C(=O)C[C@@H]3C(=O)N(C)CC(=O)N32)cn1,122_p31391_partial,partial,P30874__P31391,P31391,P30874,122_p31391_partial::ZINC000077313164,ZINC000077313164,0.671875,392.4150000000002,1.3254199999999994,99.68,1,1,5,0.7892070769186674,3.8649256271806296,-7.596,-4.845,-2.7510000000000003,-2.1470000000000002,0.3118535981300627,-2.3069999999999995,-0.44400000000000084,True,False,0.052052049711346624,0.7620717644691467,0.9062891840934754,0.0004997434851247817,0.0498660959303379,0.021314749121665956,0.0007236052973894402,0.07008379548788071,0.11727105975151061,0.12654670625925063,0.960894250869751,0.9984700679779053,0.91872718334198,0.3395170420408249,0.06668411754071712,-4.706600310989081,69.54727864319864,37.42082554099977,6.870302404829793,-3.732457914031033,1.9901668415505545,True,True,True,dual_endpoint_improved,True
A6PX-P122-0082,O=C1CCc2c(cc(C3CCN(C(=O)Cc4cccnc4)CC3)n2Cc2ccccc2)C1O,123_ssr4_full,full,P31391__P35346,P31391,P35346,123_ssr4_full::ZINC000008775429,ZINC000008775429,0.2558139534883721,443.5470000000002,3.428800000000003,75.43,5,1,5,0.6556473325534775,3.245111424009787,-6.771,-5.077,-1.694,-1.4059999999999997,0.21783224942347024,-0.5459999999999994,-1.1480000000000006,False,False,0.0402544355019927,0.8998463392257691,0.684714162349701,0.017258673906326294,0.655901026725769,0.6698615193367005,0.24362181797623633,0.760659646987915,0.028434180840849876,0.18916666954755784,0.40006813406944275,0.9999063372611999,0.9507652401924134,0.9430850625038147,0.5854076445102692,-5.2833017004287814,74.36285115179473,60.72802972286502,-8.532626051693205,-2.9751178217958296,-1.2292802853934002,False,False,False,not_evaluated_cross_domain_gate,False
A6PX-P122-0078,CN1C=NC(N2CCN(C(=O)Cc3ccccc3)CC2)=C(Cc2ccccc2)C(O)=[N+](C)C1=O,123_ssr4_full,full,P31391__P35346,P31391,P35346,123_ssr4_full::ZINC000008775429,ZINC000008775429,0.2948717948717949,459.5500000000003,2.3796999999999997,76.53,5,0,5,0.6880872523460135,2.830824232787805,-6.9,-5.197,-1.6530000000000005,-1.6269999999999998,0.44796006766476687,-0.5459999999999994,-1.107000000000001,False,False,0.049379367381334305,0.9059054493904114,0.721208679676056,0.042223017662763596,0.6047942936420441,0.462026047706604,0.012191466148942709,0.7525444030761719,0.20056650489568711,0.2227899342775345,0.9438085198402405,0.9985317349433899,0.9787601232528687,0.8171776413917542,0.647309410572052,-4.407942377366934,63.728534622373424,60.28367676087171,-25.954023175259927,-4.736593908818016,3.75746317204812,False,False,False,not_evaluated_cross_domain_gate,False
A6PX-P122-0076,CC1=NC2=C(C(N3CCN(C(=O)Cc4ccccc4)CC3)=CC3=C1OC3)[C@@H]2c1ccccc1,123_ssr4_full,full,P31391__P35346,P31391,P35346,123_ssr4_full::ZINC000008775429,ZINC000008775429,0.2619047619047619,437.54300000000023,4.0675000000000034,45.14,4,0,4,0.7245270142406688,3.4961147745252505,-8.783,-7.254,-1.529,-1.0069999999999997,0.2861188564215926,-0.5459999999999994,-0.9830000000000005,True,False,0.1102523073554039,0.7048347115516662,0.578378701210022,0.11416223496198655,0.8871437549591065,0.8182105898857117,0.11244189590215684,0.8758686780929565,0.09861285984516144,0.08900198340415955,0.768960702419281,0.9994575262069703,0.9398448944091797,0.961111056804657,0.7293627738952637,-4.992768155319979,57.12137178278577,76.38005262314111,-22.7752698175889,-4.168679480917673,3.900235018924046,True,False,False,seed_baseline_missing_or_failed,False
A6PX-P122-0088,Cn1c(N)c(C(Oc2ccccc2)C2CCN(C(=O)Cc3ccccc3)CC2)c(=O)[nH]c1=O,123_ssr4_full,full,P31391__P35346,P31391,P35346,123_ssr4_full::ZINC000008775429,ZINC000008775429,0.2441860465116279,448.52300000000014,2.2572,110.41999999999999,6,2,6,0.6010435043781313,3.0197261130441557,-7.258,-5.76,-1.4960000000000004,-1.3440000000000003,0.1265648713769608,-0.5459999999999994,-0.9500000000000011,True,False,0.06386848837137223,0.8024618268013001,0.8412410497665406,0.006607685866765678,0.5055851817131043,0.7328640937805175,0.015081067010760308,0.7411141872406006,0.16653479859232903,0.26583619713783263,0.8663241982460022,0.9975268602371216,0.7403611660003662,0.4677485883235931,0.7126850724220276,-5.212227717210039,52.110138737021785,21.6830607592288,-45.49347822382842,-4.2039296187514985,-1.7587689442708303,True,False,False,seed_baseline_missing_or_failed,False
A6PX-P122-0079,CN1C(=O)N(C)c2[nH]c(N3CCC(C(=O)Cc4ccccc4)CC3)c3c2C1=NCC1=CNC=CC=C1C3,123_ssr4_full,full,P31391__P35346,P31391,P35346,123_ssr4_full::ZINC000008775429,ZINC000008775429,0.22448979591836735,496.6150000000003,3.7744000000000026,84.03999999999999,4,2,5,0.6750364939038955,3.7694941408813794,-8.434,-6.874,-1.3709999999999996,-1.084999999999999,0.2766349379396768,-0.5459999999999994,-0.8250000000000002,True,False,0.07358510307967663,0.7973313808441163,0.6730137825012207,0.2120264485478401,0.7556298971176147,0.7659188985824585,0.31213035583496096,0.8168381810188293,0.1325978346168995,0.29981437623500823,0.80400470495224,0.9988534212112427,0.8390491485595704,0.9490735292434692,0.8487851977348327,-5.379293560770323,38.57488520567346,74.83499743289448,11.743617144624224,-5.161711867034612,-2.7585417246913564,True,False,False,seed_baseline_missing_or_failed,False
A6PX-P122-0081,CCCNC(=O)C1CCN(c2nc3c(nc2Cc2ccccc2)c(C)c(C)n3C)CC1,123_ssr4_full,full,P31391__P35346,P31391,P35346,123_ssr4_full::ZINC000008775429,ZINC000008775429,0.2976190476190476,419.5730000000002,3.918540000000003,63.050000000000004,6,1,5,0.6578185539245547,2.6010617455604397,-6.872,-5.662,-1.2089999999999996,-1.1019999999999994,0.06444118765717083,-0.5459999999999994,-0.6630000000000003,False,False,0.2803177833557129,0.9736342430114746,0.7573450922966003,0.20416091829538346,0.4907544910907745,0.5075636982917786,0.36255401074886323,0.5966923117637635,0.10785066112875938,0.34262757897377016,0.5983704388141632,0.9998238325119019,0.982015323638916,0.9283616542816162,0.936760687828064,-5.1095605813319365,49.333511640819026,85.37484091905297,36.111541684004294,-3.668280021670667,7.729875523602527,False,False,False,not_evaluated_cross_domain_gate,False
A6PX-P124-0161,COC(=O)c1cccc2c(S(=O)(=O)NC[C@@H](O)c3ccccc3)cccc12,124_cckar_full,full,P32238__P32239,P32238,P32239,124_cckar_full::ZINC000766816954,ZINC000766816954,0.5409836065573771,385.4410000000001,2.638300000000001,92.7,6,2,5,0.6365628512486081,2.4866891542148704,-6.617,-4.534,-2.072,-2.0710000000000006,0.16947041695299558,-2.05,-0.02200000000000024,False,True,0.02263765539973974,0.48002939224243163,0.7481278061866761,0.8365646719932556,0.9195512413978577,0.8814319491386413,0.3914491057395935,0.8614085793495179,0.1775769494473934,0.06464949138462543,0.9422058939933777,0.9993338584899902,0.9016828775405884,0.34421796798706056,0.7044771194458008,-5.102268218563733,95.7842599572861,97.63091940046388,-5.499265130852229,-4.575735898020655,-9.93443435996443,False,False,False,not_evaluated_cross_domain_gate,False
A6PX-P124-0016,COC(=O)c1nccc2c(S(=O)(=O)NC[C@H](O)c3ccc(C)cc3)cccc12,124_cckar_partial,partial,P32238__P32239,P32238,P32239,124_cckar_partial::ZINC000766816954,ZINC000766816954,0.7413793103448276,400.45600000000013,2.3417200000000005,105.59,6,2,6,0.615488546194697,2.7269715623275843,-6.679,-4.284,-2.357,-1.0489999999999995,0.6257461324069232,-2.05,-0.3070000000000004,True,False,0.015987875871360302,0.41139240860939025,0.813732135295868,0.644601684808731,0.8925399899482727,0.8790400147438049,0.28019146919250487,0.9471867799758911,0.10200223661959171,0.07100698798894882,0.9360002040863037,0.9997102737426757,0.9550914287567138,0.4588639438152313,0.5841932952404022,-5.200035129010919,106.96887121258582,119.83579629974342,11.918343805082056,-4.383249437911947,-1.1497921467790693,True,True,True,dual_endpoint_improved,True
A6PX-P126-0013,O=C(c1ccccc1C1(O)Cc2ccccc2C1)N1CCN(C(=O)[C@@H]2CCS(=O)(=O)C2)CC1,126_mc4r_partial,partial,P32245__P33032,P32245,P33032,126_mc4r_partial::ZINC000032853754,ZINC000032853754,0.5573770491803278,468.5750000000004,1.3921,94.99000000000001,3,1,5,0.7347796326421153,3.159349844631717,-8.844,-6.876,-1.9829999999999997,-1.8869999999999996,0.0672772043282285,-1.8869999999999996,-0.09600000000000009,True,True,0.09294307976961136,0.7584410548210144,0.7076427817344666,0.004210875765420496,0.3324786454439163,0.1934559941291809,0.011925938259810209,0.3699406921863556,0.30156476199626925,0.14219922721385955,0.6899977445602417,0.964576244354248,0.691836130619049,0.4074637621641159,0.49250559508800507,-4.9629777559142525,20.754382375391593,42.483888695357464,11.936206295059376,-1.7994449753489483,-3.0202084220404837,True,True,False,not_dual_endpoint_improved,False
A6PX-P127-0277,CC[C@]1(NC(=O)CCC(C)(C)c2ccc(O)cc2)CC[C@](C)(O)CC1,128_ccr1_full,full,P32246__P46094,P32246,P46094,128_ccr1_full::ZINC000555845879,ZINC000555845879,0.17142857142857143,347.4990000000002,4.040000000000004,69.56,6,3,3,0.727218501229383,2.9332329103847865,-7.952,-6.529,-1.2690000000000001,-1.1269999999999998,0.19232149010330474,-1.2220000000000004,-0.04699999999999971,True,False,0.15168568044900893,0.6190378069877625,0.6630527257919312,0.1329616129398346,0.2505249992012978,0.15116214454174043,0.13600819082930685,0.43626852333545685,0.17178361117839813,0.1308852881193161,0.04256488010287285,0.9945205569267273,0.8790010452270508,0.09172897934913635,0.3962512671947479,-4.859677013906111,80.60759058437314,72.96148626214224,-14.312541010185152,-4.233036055672807,1.1323126907755863,True,True,False,not_dual_endpoint_improved,False
A6PX-P127-0005,C=C1NC(O)=CCC[C@H]1NC(=O)NCC1(c2ccc(Cl)cc2)CC1,128_ccr1_partial,partial,P32246__P46094,P32246,P46094,128_ccr1_partial::ZINC000555845879,ZINC000555845879,0.4426229508196721,347.8460000000001,3.2108000000000017,70.56,4,2,2,0.8775080066573323,3.2130316269185624,-8.225,-5.45,-2.7749999999999995,-1.891000000000001,0.49606809568400484,-1.2220000000000004,-1.552999999999999,False,False,0.15708860158920288,0.9772119760513306,0.9187434434890747,0.050355200795456766,0.40121608078479765,0.0503335990011692,0.2816875115036964,0.34833300560712815,0.1515520766377449,0.2501055061817169,0.2519798457622528,0.999728000164032,0.8559364795684814,0.05290191173553467,0.178832346200943,-4.799463167732297,12.543892335467945,-0.39525868322549795,6.253323614822218,-4.277085720887385,0.7376002596137454,False,False,False,not_evaluated_cross_domain_gate,False
A6PX-P127-0134,O=C(NCC1(c2ccc(Cl)cc2)CC1)N[C@]12CCN=C1C[C@@H](O)CC2,128_ccr1_partial,partial,P32246__P46094,P32246,P46094,128_ccr1_partial::ZINC000555845879,ZINC000555845879,0.4745762711864407,361.8730000000002,2.799100000000001,73.72,4,3,3,0.7710686194469979,3.8542878163843657,-7.84,-6.318,-1.5220000000000002,-1.1830000000000007,0.5428470216266166,-1.2220000000000004,-0.2999999999999998,True,False,0.1991190493106842,0.9124398827552795,0.8350289344787598,0.03858033772557974,0.21711099445819854,0.0544846061617136,0.3300265550613403,0.49067826867103576,0.054532650392502546,0.3166871309280396,0.09872801937162876,0.9996845126152039,0.6910369515419006,0.14598911255598068,0.539850389957428,-4.796009987797875,-6.547398395808186,-12.852266723247396,54.93628084047551,-3.6476445160299447,6.505951041432342,True,True,False,not_dual_endpoint_improved,False
A6PX-P127-0213,O=C(O)CCC1(NC(=O)NCC2(c3ccc(Cl)cc3)CC2)CCCC1,128_ccr1_partial,partial,P32246__P46094,P32246,P46094,128_ccr1_partial::ZINC000555845879,ZINC000555845879,0.5882352941176471,364.8730000000002,3.8484000000000025,78.43,7,3,2,0.6872041953099299,2.6380769504623576,-6.946,-5.577,-1.3689999999999998,-1.0270000000000001,0.21185267417607828,-1.2220000000000004,-0.14699999999999935,False,False,0.06306564621627331,0.8460482358932495,0.90766681432724,0.05357185937464237,0.4096710443496704,0.17771843671798707,0.41315153539180755,0.3229155719280243,0.17235669493675232,0.26773135364055634,0.3118448257446289,0.9946288466453552,0.39873296618461607,0.061897365003824235,0.1338586501777172,-5.085972812179774,4.7344758649864875,0.7820404504901525,11.450359738521707,-3.4399870029023503,-4.162162121256798,False,False,False,not_evaluated_cross_domain_gate,False
A6PX-P128-0146,Cc1ccc(Cn2c(=O)c3c(ncn3[C@@H](C)[C@H](C)O)n(C)c2=O)o1,129_p32246_full,full,P32246__P49238,P32246,P49238,129_p32246_full::ZINC000011692426,ZINC000011692426,0.3333333333333333,332.36000000000007,0.7882199999999997,95.19,4,1,8,0.761927443528267,3.4792548963237513,-8.092,-4.709,-3.377,-3.1399999999999997,0.11316359838746766,-3.2220000000000004,-0.15499999999999936,True,False,0.09126967675983906,0.5527216374874115,0.9188706636428833,0.04230468329042196,0.08552373126149178,0.18650735318660736,0.007189173856750131,0.18049718774855136,0.06392010170966386,0.08868973553180695,0.7798056721687316,0.9996712684631348,0.8765379309654235,0.34186110496520994,0.35790389180183413,-4.827043821750729,6.4078505875993965,-6.498429640181442,21.690250474727087,-2.1402301623170605,-2.7628113059512436,True,True,False,not_dual_endpoint_improved,False
A6PX-P129-0130,Cc1ccc(Cn2c(=O)c3c(nc(C)n3[C@H]3CC[C@@H]3O)n(C)c2=O)cc1,130_p32246_full,full,P32246__P51677,P32246,P51677,130_p32246_full::ZINC000011692426,ZINC000011692426,0.4117647058823529,354.41000000000014,1.2576399999999996,82.05000000000001,3,1,7,0.7676074060037912,3.1769531498447314,-9.451,-5.712,-3.6400000000000006,-3.4849999999999994,0.13814565582102908,-3.0120000000000005,-0.6280000000000001,True,True,0.2429652839899063,0.8475556254386902,0.9449593305587769,0.05244424156844616,0.15021026134490967,0.2274802953004837,0.011452030763030053,0.3898977726697922,0.08810771033167838,0.24183355569839476,0.6767271995544434,0.9998651027679444,0.9330143332481384,0.5592264294624328,0.5843354016542435,-4.665637583245321,10.540951234600222,-4.109510089201424,-12.809756453745777,-3.398086701795747,-3.8454472698341235,True,True,False,not_dual_endpoint_improved,False
A6PX-P129-0155,Cc1ccc(Cn2c(=O)c3c(nc(C)n3[C@H]3CCNC3)n(C)c2=O)o1,130_p32246_full,full,P32246__P51677,P32246,P51677,130_p32246_full::ZINC000011692426,ZINC000011692426,0.3116883116883117,343.38700000000006,0.6892399999999992,86.99000000000001,3,1,8,0.7559845552925429,3.200489911491605,-8.609,-5.302,-3.3070000000000004,-3.2300000000000004,0.046783187863447706,-3.0120000000000005,-0.29499999999999993,True,False,0.5118835389614105,0.7901341319084167,0.9313955307006836,0.05622448958456516,0.04329364486038685,0.04255579523742199,0.03541725343093276,0.28066558837890626,0.042080091685056685,0.42902655601501466,0.6509310722351074,0.9997455716133118,0.8922052025794983,0.28918555974960325,0.6783586800098419,-5.223385745515325,1.797297008448129,-20.572549149295167,22.45723100268989,-1.9313928661039654,0.801136961866731,True,True,False,not_dual_endpoint_improved,False
A6PX-P129-0144,Cc1ccc(Cn2c(=O)c3c(nc(C)n3[C@H](C)[C@@H](C)N)n(C)c2=O)o1,130_p32246_full,full,P32246__P51677,P32246,P51677,130_p32246_full::ZINC000011692426,ZINC000011692426,0.39705882352941174,345.4030000000001,1.0630399999999998,100.98000000000002,4,1,8,0.7618768982527876,3.5340032834693087,-8.016,-4.835,-3.181,-3.015999999999999,0.10271751987314025,-3.0120000000000005,-0.1689999999999996,True,False,0.37220354080200196,0.7832929968833924,0.9304225325584412,0.056051402166485784,0.06775335520505905,0.10905865505337715,0.11996496990323066,0.5491707861423493,0.08951475098729134,0.4529551029205322,0.3657408386468887,0.9990532159805298,0.9350414276123047,0.36038925051689147,0.6990681111812591,-5.191149722235776,-5.389223970894027,-25.829017661907738,23.04553397867968,-1.9362608183285097,0.25117785987728214,False,False,False,not_evaluated_cross_domain_gate,False
A6PX-P129-0123,Cc1ccc(Cn2c(=O)c3c(ncn3[C@@H](C)[C@H](C)N)n(C)c2=O)s1,130_p32246_full,full,P32246__P51677,P32246,P51677,130_p32246_full::ZINC000011692426,ZINC000011692426,0.3194444444444444,347.4440000000001,1.2231199999999998,87.84,4,1,8,0.7686110733093449,3.5537748963237528,-7.886,-4.857,-3.156999999999999,-2.1609999999999996,0.48224290790246194,-3.0120000000000005,-0.14499999999999869,True,True,0.3358201414346695,0.8467594861984253,0.8821220874786377,0.18996001780033112,0.1414424166083336,0.22235792726278306,0.20716098621487616,0.7858114957809448,0.10676852315664291,0.5617387354373932,0.5450191378593445,0.9982017636299133,0.9133684396743774,0.27428340911865234,0.6230633556842804,-5.2829409433448475,29.100447776712052,-8.177769323159248,5.257685011319387,-1.922575341651628,-3.1475624995757165,True,True,True,dual_endpoint_improved,True
A6PX-P129-0131,Cc1ccc(Cn2c(=O)c3c(nc(C)n3[C@H]3CC[C@H]3O)n(C)c2=O)cc1,130_p32246_full,full,P32246__P51677,P32246,P51677,130_p32246_full::ZINC000011692426,ZINC000011692426,0.4117647058823529,354.41000000000014,1.2576399999999996,82.05000000000001,3,1,7,0.7676074060037912,3.1769531498447314,-9,-5.912,-3.088,-2.949,0.07099452248041559,-3.0120000000000005,-0.07599999999999962,True,False,0.23516337871551513,0.8548165798187256,0.946224045753479,0.06613969057798386,0.17394189536571503,0.24950189590454103,0.01406220132485032,0.4676069557666779,0.08853266723453998,0.2549848511815071,0.670405924320221,0.9999009132385254,0.9351380944252015,0.5785469532012939,0.6098588168621063,-4.656372902554559,10.221975868813537,-3.8861036050637936,-13.749410438566432,-3.399382147575878,-3.785487834094858,True,True,False,not_dual_endpoint_improved,False
A6PX-P129-0121,Cc1nc2c(c(=O)n(Cc3ccccc3)c(=O)n2C)n1[C@@H](C)[C@H](C)O,130_p32246_full,full,P32246__P51677,P32246,P51677,130_p32246_full::ZINC000011692426,ZINC000011692426,0.4838709677419355,342.39900000000006,1.1952199999999997,82.05000000000001,4,1,7,0.7721958255325354,3.1760627924853155,-8.558,-5.577,-3.0410000000000004,-2.375,0.3274263275914141,-3.0120000000000005,-0.028999999999999915,True,False,0.09630361348390579,0.7206272125244141,0.9209009289741517,0.038915101811289786,0.17094666361808777,0.2895155489444733,0.02119161831215024,0.19779348447918893,0.15451033785939217,0.1661285564303398,0.5848867893218994,0.9992686629295349,0.916801905632019,0.6849104404449463,0.6417810797691346,-4.802790907983517,11.673134970135468,4.584388546942981,-7.543815635791009,-2.8398398309089097,-0.9963502452647084,True,True,True,dual_endpoint_improved,True
A6PX-P132-0007,COc1cccc2c1Oc1[nH]c(=O)n(C(C)C)c(=O)c1[C@H]2[C@@H]1CC(O)=C[C@@H]2CCC(=O)C[C@]21C,132_p32247_partial,partial,P28336__P32247,P32247,P28336,132_p32247_partial::ZINC000009319302,ZINC000009319302,0.547945205479452,466.5340000000004,3.718300000000003,107.45999999999998,3,1,7,0.7388231523569088,4.438141851290892,-11.629,-6.867,-4.789999999999999,-4.675000000000001,0.06007217880738653,-4.226999999999999,-0.5629999999999997,True,False,0.10624676495790482,0.813945198059082,0.9463255882263184,0.011845574504695833,0.1128659699112177,0.32557407319545745,0.00996494700666517,0.7000835299491882,0.09122182168066502,0.18335235863924026,0.8783569216728211,0.9996541619300843,0.9425159454345703,0.6821371555328369,0.28541346788406374,-4.583514547527188,74.38487824436115,65.48961751199313,-23.141246035225826,-5.640188312493706,5.378897852002278,True,True,True,dual_endpoint_improved,True
A6PX-P132-0194,COc1cccc2c1Oc1[nH]c(=O)n(C(C)C)c(=O)c1[C@H]2c1cccc(C(N)=O)c1O,132_p32247_partial,partial,P28336__P32247,P32247,P28336,132_p32247_partial::ZINC000009319302,ZINC000009319302,0.7377049180327869,423.4250000000002,2.2165,136.64,4,3,7,0.4603218105669947,3.4143173627570507,-10.421,-5.958,-4.346,-4.0200000000000005,0.19626682518109487,-4.226999999999999,-0.11900000000000066,True,False,0.20153357833623886,0.5097737550735474,0.9298813104629516,0.047214201837778094,0.30066398084163665,0.740933096408844,0.00988548609893769,0.4276137053966522,0.09113660082221031,0.2534804970026016,0.9101268529891968,0.9941139459609986,0.6279058575630188,0.4573232889175415,0.4780332326889038,-5.404171398627422,36.64553268877707,46.12242669706577,-26.634359286123157,-5.094222134943606,1.508784763079199,True,True,True,dual_endpoint_improved,True
A6PX-P133-0248,O=C(N[C@H](CO)CC(=O)N1CCC[C@@H]1c1c[nH]c2ccccc12)c1ccccc1,133_cxcr5_full,full,P32302__P49682,P32302,P49682,133_cxcr5_full::ZINC000770854464,ZINC000770854464,0.30952380952380953,391.4710000000001,3.0124000000000004,85.43,6,3,3,0.6038046248977973,2.9710234720121864,-6.23,-4.45,-1.7770000000000001,-1.702,0.08424962907930245,-1.7410000000000005,-0.03599999999999959,False,False,0.09499006569385529,0.5414552927017212,0.6007024765014648,0.10564661324024201,0.4133583605289459,0.32185046896338465,0.0817493312060833,0.5898371458053588,0.10379029512405395,0.2844566375017166,0.6863661050796509,0.997761869430542,0.5072110116481781,0.41590494811534884,0.6641221821308136,-5.482428951241241,72.01627571967008,38.17816180810604,43.869827765477034,-4.337115798263101,-1.420221100645985,False,False,False,not_evaluated_cross_domain_gate,False
A6PX-P135-0036,CC(C)(C)N1C[C@]2(Cc3c(F)cccc3[C@@H]3NC=C(O)C[C@H]32)C(=O)NC1=O,134_p32745_full,full,O43603__P32745,P32745,O43603,134_p32745_full::ZINC000016976293,ZINC000016976293,0.25925925925925924,373.42800000000017,1.9381999999999997,78.51,0,2,4,0.7285353023961731,4.815075715136638,-8.026,-5.519,-2.503,-2.4830000000000005,0.042742120781365446,-2.4559999999999995,-0.0470000000000006,True,False,0.42002127766609193,0.9906935930252075,0.8779021501541138,0.024415570311248302,0.19836441278457642,0.04556767381727696,0.023695768788456917,0.2525747150182724,0.07821382470428943,0.5106326758861541,0.4604690134525299,0.9998731970787048,0.9487600088119507,0.06028195582330227,0.32696051597595216,-4.899173514943309,42.702579625639395,14.42180379311264,-11.294468361384528,-3.4118382464389767,4.245563481938549,True,True,False,not_dual_endpoint_improved,False
A6PX-P136-0250,O=C(O)CCc1ccccc1CNC1CCN(c2ccc3[nH]ccc3c2)CC1,135_p32745_full,full,P30872__P32745,P32745,P30872,135_p32745_full::ZINC000026138023,ZINC000026138023,0.1827956989247312,377.48800000000006,3.9437000000000024,68.36,7,3,3,0.5832769968061419,2.3172011656757956,-6.013,-3.549,-2.904,-1.9489999999999998,0.461668231044281,-2.482,-0.4219999999999997,True,False,0.19827002584934234,0.865740156173706,0.7551751494407654,0.3310841664671898,0.2851917028427124,0.08671578168869018,0.6961027264595032,0.043560538068413736,0.06753595173358917,0.49923148155212405,0.37556136548519137,0.9743974685668946,0.2879463016986847,0.2447650611400604,0.6621878862380981,-5.760452963077306,16.581429724628684,-8.938999004177067,24.856076112427093,-3.1218163322478096,5.946069782318354,True,True,False,not_dual_endpoint_improved,False
A6PX-P136-0118,CC(C)(O)CCc1ccccc1NC(=O)C1CCN(c2cc3n(n2)CCC3)CC1,135_p32745_full,full,P30872__P32745,P32745,P30872,135_p32745_full::ZINC000026138023,ZINC000026138023,0.3780487804878049,396.5350000000002,3.387900000000002,70.39000000000001,6,2,5,0.7852482902830998,2.730192447007788,-6.458,-3.86,-2.697,-1.9300000000000006,0.4180305677286715,-2.482,-0.21499999999999986,True,False,0.14681141078472137,0.9660199880599976,0.6562711715698242,0.009385038050822914,0.2952433630824089,0.20426179170608522,0.19920929223299028,0.4257795989513397,0.10503768771886826,0.36671685576438906,0.32859828770160676,0.9995945453643799,0.922023332118988,0.8524028539657593,0.7789008617401123,-5.167539654324415,40.30481640318646,66.35510410405355,26.766595438347075,-3.002344552284696,2.73599090120525,True,True,False,not_dual_endpoint_improved,False
A6PX-P136-0052,NC(=O)c1ccc(N2CCC(C(=O)Nc3ccccc3OCC(F)(F)F)CC2)cc1,135_p32745_partial,partial,P30872__P32745,P32745,P30872,135_p32745_partial::ZINC000026138023,ZINC000026138023,0.5797101449275363,421.41900000000015,3.5817000000000014,84.66,6,2,4,0.7468150579777466,2.117620736034894,-6.316,-2.108,-4.179,-2.5959999999999996,0.8293133706064717,-2.482,-1.697,False,False,0.44955736100673677,0.9481289744377136,0.9269776344299316,0.15328552573919296,0.4417682647705078,0.2806894853711128,0.05407610833644867,0.30963726043701173,0.3435745030641556,0.36809399724006653,0.7685603499412537,0.9962446093559265,0.7990636587142944,0.45245984494686126,0.7488142848014832,-5.156719610428282,38.73616483750855,28.633433310679543,-5.232467061518472,-4.83670812891688,0.7560159414136066,False,False,False,not_evaluated_cross_domain_gate,False
A6PX-P136-0061,CNC(=O)c1ccnc(N2CCC(C(=O)Nc3ccccc3OCC(F)(F)F)CC2)c1,135_p32745_partial,partial,P30872__P32745,P32745,P30872,135_p32745_partial::ZINC000026138023,ZINC000026138023,0.589041095890411,436.43400000000014,3.237400000000001,83.56,6,2,5,0.7266059187981279,2.3145472049286564,-6.371,-3.016,-3.3140000000000005,-2.854,0.3626029355767669,-2.482,-0.8320000000000003,True,False,0.4381251007318497,0.9414356350898743,0.8907498478889465,0.10138032659888267,0.35586439073085785,0.30999956130981443,0.15012721568346024,0.3198509216308594,0.31298214197158813,0.6548864722251893,0.8170011281967163,0.9988497614860534,0.9300313353538513,0.3665124475955963,0.8138217926025391,-5.065070380865701,49.632799924010314,25.61633656338855,-4.377478031476278,-4.415478138926251,0.8722458611312485,True,True,False,not_dual_endpoint_improved,False
A6PX-P136-0025,Cc1cnc(N2CCC(C(=O)Nc3ccccc3OCC(F)(F)F)CC2)nc1N,135_p32745_partial,partial,P30872__P32745,P32745,P30872,135_p32745_partial::ZINC000026138023,ZINC000026138023,0.5540540540540541,409.41200000000015,3.1634200000000003,93.37,5,2,6,0.7880768505280412,2.416752101008404,-6.013,-2.995,-3.018,-1.7910000000000004,0.841929925825184,-2.482,-0.5359999999999996,False,False,0.5153656125068664,0.9903940320014953,0.9462389588356018,0.15954264104366303,0.6581088900566101,0.3500004678964615,0.22765583992004396,0.5295435667037964,0.22233421951532364,0.6370576858520508,0.6551612496376038,0.9999051332473755,0.965310025215149,0.35652067959308625,0.8437385320663452,-5.064156584038203,39.715068564256356,46.77480920912854,-32.61097405499279,-3.930930355855397,-0.001813982964730876,False,False,False,not_evaluated_cross_domain_gate,False
A6PX-P136-0030,COc1ccc(N2CCC(C(=O)Nc3ccccc3OCC(F)(F)F)CC2)cn1,135_p32745_partial,partial,P30872__P32745,P32745,P30872,135_p32745_partial::ZINC000026138023,ZINC000026138023,0.5694444444444444,409.40800000000013,3.8864000000000027,63.69,6,1,5,0.7844833816872909,2.2555863098889546,-5.847,-2.826,-2.869,-2.287,0.3600984433302775,-2.482,-0.387,False,False,0.3481877475976944,0.9784608960151673,0.9328579187393189,0.3167208254337311,0.8348533749580384,0.6850444912910462,0.11660580337047577,0.7680883884429932,0.18069711327552795,0.4527395159006119,0.7589985489845276,0.9999401211738587,0.9811959862709045,0.5359480440616607,0.8261404037475586,-4.725321017854439,67.47254970423838,49.835991567428124,-17.4631482720128,-4.733732127573993,3.516801670455654,False,False,False,not_evaluated_cross_domain_gate,False
A6PX-P136-0023,Cc1cnc(N2CCC(C(=O)Nc3ccccc3OCC(F)(F)F)CC2)cc1C,135_p32745_partial,partial,P30872__P32745,P32745,P30872,135_p32745_partial::ZINC000026138023,ZINC000026138023,0.6231884057971014,407.43600000000015,4.494640000000004,54.46,5,1,4,0.7933470984487024,2.3013298787861824,-6.403,-3.621,-2.7819999999999996,-2.2130000000000005,0.3511071378115545,-2.482,-0.2999999999999994,True,False,0.33611204028129577,0.9847824811935425,0.9416829228401185,0.2595320075750351,0.7237025499343872,0.46230518221855166,0.22971307039260863,0.48931452035903933,0.32364374995231626,0.40201338827610017,0.5517726361751556,0.999945318698883,0.9866132497787475,0.8310528755187988,0.8681556463241578,-4.814846863660243,62.56841377023509,61.67818581891278,-22.937991088702365,-4.952628520418399,3.0445401654657624,True,True,False,not_dual_endpoint_improved,False
A6PX-P136-0072,Cc1cc(C(=O)O)ccc1N1CCC(C(=O)Nc2ccccc2OCC(F)(F)F)CC1,135_p32745_partial,partial,P30872__P32745,P32745,P30872,135_p32745_partial::ZINC000026138023,ZINC000026138023,0.5405405405405406,436.4300000000002,4.489420000000003,78.87,6,2,4,0.6977737379419375,2.1881995891122354,-5.952,-3.644,-2.666,-2.008,0.39419876543016563,-2.482,-0.18399999999999972,False,False,0.4233377784490585,0.7316460967063904,0.911497950553894,0.02574471440166235,0.18401870429515838,0.23863067328929902,0.060356077179312705,0.11605848595499993,0.5365494549274444,0.25237763822078707,0.8540694713592529,0.9759159445762634,0.37550345063209534,0.40566008985042573,0.4801240086555481,-5.159623190398962,43.26451392231418,29.160812508607968,8.808891671527727,-4.313932744959232,1.4803369625765712,False,False,False,not_evaluated_cross_domain_gate,False
A6PX-P136-0076,CC(=O)c1cccc(N2CCC(C(=O)Nc3ccccc3OCC(F)(F)F)CC2)c1,135_p32745_partial,partial,P30872__P32745,P32745,P30872,135_p32745_partial::ZINC000026138023,ZINC000026138023,0.5555555555555556,420.43100000000015,4.685400000000004,58.64,6,1,4,0.6894513589337863,2.1413075492217057,-6.07,-3.494,-2.662,-2.411,0.19402233548400216,-2.482,-0.17999999999999972,False,False,0.22321922332048416,0.971317720413208,0.915527606010437,0.37846164107322694,0.7981373906135559,0.5812615752220154,0.1347029909491539,0.6680561542510987,0.39857778549194334,0.15116859525442122,0.8059873700141906,0.9998422026634216,0.9271634340286254,0.8641845226287842,0.7455236077308655,-4.743943199725939,67.70759164026772,44.73038234108316,6.377365560169082,-5.399461967764767,3.58993976840818,False,False,False,not_evaluated_cross_domain_gate,False
A6PX-P136-0079,CC1=CC=C(N2CCC(C(=O)Nc3ccccc3OCC(F)(F)F)CC2)N=C(N)N1,135_p32745_partial,partial,P30872__P32745,P32745,P30872,135_p32745_partial::ZINC000026138023,ZINC000026138023,0.5394736842105263,423.43900000000014,2.941300000000001,91.98,5,3,6,0.6774332756818413,2.9604839228480824,-6.292,-3.749,-2.661,-1.8359999999999994,0.43905833578491865,-2.482,-0.17899999999999983,False,False,0.23990062326192857,0.8351651668548584,0.8043456673622131,0.03638645932078362,0.17326934784650802,0.027104225382208823,0.569054365158081,0.3130580961704254,0.08593679219484329,0.3408932060003281,0.2749347656965256,0.9962137103080749,0.8121330380439759,0.41555488109588623,0.6611603617668151,-5.238749792599203,13.51081231217691,13.224580783992305,-36.43113395748426,-4.223322601793287,-1.7019562105188704,False,False,False,not_evaluated_cross_domain_gate,False
A6PX-P136-0028,CCc1ccnc(N2CCC(C(=O)Nc3ccccc3OCC(F)(F)F)CC2)n1,135_p32745_partial,partial,P30872__P32745,P32745,P30872,135_p32745_partial::ZINC000026138023,ZINC000026138023,0.5694444444444444,408.42400000000015,3.835200000000003,67.35,6,1,5,0.7868731919363685,2.3635879984443022,-6.006,-3.452,-2.604,-2.068,0.2839906101734117,-2.482,-0.12199999999999989,True,False,0.4526777923107147,0.9914416074752808,0.9317032814025878,0.40501930713653567,0.862876033782959,0.6239139199256897,0.3433451861143112,0.6228347778320312,0.25808671563863755,0.5370798885822297,0.6381062150001526,0.9999740362167359,0.986086630821228,0.7331530332565308,0.8625593900680542,-4.843420990217052,57.614188828793075,65.0002136039163,-22.963701596428184,-4.215392383391207,0.46002672413094,True,True,False,not_dual_endpoint_improved,False
A6PX-P136-0040,NCc1ccc(N2CCC(C(=O)Nc3ccccc3OCC(F)(F)F)CC2)cn1,135_p32745_partial,partial,P30872__P32745,P32745,P30872,135_p32745_partial::ZINC000026138023,ZINC000026138023,0.5774647887323944,408.42400000000015,3.336500000000001,80.48,6,2,5,0.7664612706297107,2.357836778932107,-6.288,-3.41,-2.576,-2.553,0.5165090082036862,-2.482,-0.09399999999999986,True,False,0.4494708150625229,0.9612518429756165,0.9050926923751831,0.26483705937862395,0.6857090592384338,0.4312838077545166,0.22168498635292053,0.8501679539680481,0.21693936735391617,0.6471521735191346,0.5514837980270386,0.9997021555900574,0.9215755343437195,0.45905996561050416,0.7755791068077087,-5.158517424586494,44.22630913028883,18.24933808990243,2.8147281487322147,-3.826950985428217,3.2735528585743863,False,False,False,not_evaluated_cross_domain_gate,False
A6PX-P136-0013,N#Cc1ccc(N2CCC(C(=O)Nc3ccccc3OCC(F)(F)F)CC2)nc1,135_p32745_partial,partial,P30872__P32745,P32745,P30872,135_p32745_partial::ZINC000026138023,ZINC000026138023,0.6285714285714286,404.3920000000001,3.749480000000003,78.25,5,1,5,0.8213165258773267,2.302506197318598,-6.579,-4.171,-2.5389999999999997,-1.0919999999999996,0.6830671026090093,-2.482,-0.056999999999999496,True,False,0.5117542088031769,0.9474111557006836,0.9127342820167541,0.1903853341937065,0.6037421226501465,0.49069557189941404,0.10142611265182495,0.260785648226738,0.23840006142854692,0.5249448895454407,0.7438357830047607,0.9995432615280151,0.9561811923980713,0.562953382730484,0.8269950032234192,-4.799519133187568,64.66869455139614,42.74124333832655,-11.994880716262065,-5.09206677029037,1.9170097194614086,True,True,False,not_dual_endpoint_improved,False
A6PX-P134-0093,CNc1ncc(-c2c[nH+]n3c(C4CCN(C(=O)[C@@H]5CC(=O)N(C6=CC=CNC=C6)N5)CC4)ccc(C)c23)c[nH+]1,136_ssr3_full,full,P32745__P35346,P32745,P35346,136_ssr3_full::ZINC000010256415,ZINC000010256415,0.20909090909090908,525.6170000000002,2.4674199999999997,119.78999999999999,5,3,9,0.4648962955139303,4.23051947456257,-9.229,-6.682,-2.546999999999999,-1.1280000000000001,0.6847580270106769,-2.1609999999999996,-0.38599999999999923,True,False,0.2369669795036316,0.3263463169336319,0.6182401895523071,0.006744749855715782,0.12284507304430008,0.15105607956647873,0.041160567011684177,0.7120235443115235,0.27429493963718415,0.4815975248813629,0.9173516273498535,0.9852790832519531,0.897649347782135,0.4435885488986969,0.6677378714084625,-5.325302042976033,-3.251716634715283,58.782603865906275,21.56755668089513,-3.451508540375655,-4.886635425825416,True,True,True,dual_endpoint_improved,True
A6PX-P134-0061,COc1ccc(Oc2nncc(N3CCN(C(=O)[C@@H]4CCCc5ccccc5C4)CC3)c2F)nn1,136_ssr3_full,full,P32745__P35346,P32745,P35346,136_ssr3_full::ZINC000010256415,ZINC000010256415,0.3076923076923077,478.5280000000003,3.0504000000000016,93.57000000000001,5,0,8,0.5168586841191866,3.346733423301446,-9.219,-7.045,-2.188999999999999,-1.8169999999999993,0.18258209721169893,-2.1609999999999996,-0.02799999999999958,True,False,0.25065536201000216,0.8443722248077392,0.8946408867835999,0.014807807095348836,0.6587823271751404,0.7255643486976624,0.011744517274200917,0.8938694357872009,0.20880637764930726,0.17980120033025743,0.9593771457672119,0.9998356103897095,0.9569203615188598,0.8666427612304688,0.6953579068183899,-4.615728377970194,63.62538622697603,114.31020103886271,-25.5206267254062,-4.712147898921992,3.914983943966971,True,True,True,dual_endpoint_improved,True
A6PX-P137-0268,c1cc(N2CCCCC2)ccc1-c1ccc(N2CCn3c(CN4CCCCC4)nnc3C2)cc1,137_p33032_full,full,P32245__P33032,P33032,P32245,137_p33032_full::ZINC001164679882,ZINC001164679882,0.5818181818181818,456.6380000000004,4.941500000000005,40.43,5,0,6,0.5438055885377726,2.4119480607488075,-6.016,-3.764,-2.2520000000000002,-1.6059999999999999,0.4103862679097448,-1.6469999999999994,-0.6050000000000009,False,False,0.24068764150142669,0.9320800065994262,0.7262996196746826,0.14529487788677214,0.2644325017929077,0.08388861194252968,0.18299007639288903,0.19567371159791946,0.1435494154691696,0.33376739025115965,0.7172691702842713,0.9874173760414123,0.8781850099563598,0.8932700514793396,0.8468977928161621,-5.099285721059177,19.77279286123363,27.02169935040226,14.199774448778475,-4.139344008670598,3.3413104514277023,False,False,False,not_evaluated_cross_domain_gate,False
A6PX-P137-0173,Cc1nc(N2CCOCC2)ccc1-c1ccc(N2CCn3c(C[C@H]4CCCCN4)nnc3C2)cc1,137_p33032_full,full,P32245__P33032,P33032,P32245,137_p33032_full::ZINC001164679882,ZINC001164679882,0.42857142857142855,473.62500000000034,3.1899200000000016,71.34,5,1,8,0.6102271366379773,3.314496867436497,-6.413,-4.581,-2.199,-1.8319999999999999,0.22060976104122565,-1.6469999999999994,-0.5520000000000005,False,False,0.2869195193052292,0.6722378134727478,0.8313552260398864,0.023366340808570384,0.0769404798746109,0.039342863112688066,0.10388026274740696,0.4899074673652649,0.1215958647429943,0.5403869092464447,0.742653739452362,0.9856104850769043,0.8517443656921386,0.6974609732627869,0.7642074465751648,-5.34780664155965,6.1484924884700565,13.14379556201015,13.934165814194719,-2.0086358604602954,8.692511268839453,False,False,False,not_evaluated_cross_domain_gate,False
A6PX-P137-0156,c1cc([C@@H]2CCCNC2)ccc1-c1ccc(N2CCn3c(CN4CCOCC4)nnc3C2)nc1,137_p33032_full,full,P32245__P33032,P33032,P32245,137_p33032_full::ZINC001164679882,ZINC001164679882,0.5211267605633803,459.59800000000035,2.6595000000000004,71.34,5,1,8,0.6289804332463512,3.1642891407179405,-6.409,-4.448,-2.1849999999999996,-1.0549999999999997,0.611351144778696,-1.6469999999999994,-0.5380000000000003,False,True,0.3178903847932816,0.777033519744873,0.740528678894043,0.019437637645751238,0.07209371700882912,0.03583865240216255,0.1202322144061327,0.40471906065940855,0.08911487981677055,0.561908221244812,0.5468816578388214,0.9747408866882324,0.7835418224334717,0.43097096085548403,0.7525802493095398,-5.450480834593428,2.5978195835121825,1.446408780150565,7.885009834213061,-1.6874488363524258,9.477324525733986,False,False,False,not_evaluated_cross_domain_gate,False
A6PX-P137-0151,c1cc(N2CCOCC2)ccc1-c1ccc(N2CCn3c(CC4CCNCC4)nnc3C2)cc1,137_p33032_full,full,P32245__P33032,P33032,P32245,137_p33032_full::ZINC001164679882,ZINC001164679882,0.5079365079365079,458.6100000000003,3.344000000000001,58.45,5,1,7,0.6329531948798887,2.6417344860881737,-6.487,-4.8,-1.6949999999999994,-1.686,0.13887724395626871,-1.6469999999999994,-0.04800000000000004,True,True,0.22247828245162965,0.7351079463958741,0.8300587177276612,0.019365459587424992,0.07503919377923012,0.04399719946086407,0.04465238824486732,0.1419016309082508,0.17320968359708785,0.3391534984111786,0.7334753155708313,0.9387243270874024,0.6501713752746582,0.6743895173072815,0.6702868223190308,-5.3877449536882,-11.339772109607512,-14.68666016458683,11.044741999511135,-2.255627963209898,2.2701227849328185,True,False,False,seed_baseline_missing_or_failed,False
A6PX-P138-0250,Cc1nc(N)c(-c2cc(C(=O)NCc3ccc(C(F)(F)F)c[nH+]3)n[nH]2)c[nH+]1,138_p33032_full,full,P33032__P41968,P33032,P41968,138_p33032_full::ZINC000771265751,ZINC000771265751,0.2558139534883721,377.3300000000001,2.10112,122.47,4,3,6,0.6399474043950201,2.7127284233764826,-8.08,-6.05,-2.1030000000000006,-1.8919999999999995,0.11749326221816608,-1.7380000000000004,-0.3650000000000002,True,False,0.6689045071601868,0.8367491245269776,0.9822085738182068,0.0833233892917633,0.054205162730067966,0.01448557642288506,0.007525458442978561,0.15645761042833328,0.516716992855072,0.524724954366684,0.9188552737236023,0.9977916955947876,0.6507386326789856,0.027766401413828135,0.42849645018577576,-5.537822484418224,-14.597241985350962,-10.454159298210106,-2.7877201870911876,-4.210328905957239,-2.0825182024221505,True,True,True,dual_endpoint_improved,True
A6PX-P138-0231,Nc1ncnc(-n2ccc(C=CCc3ccc(C(F)(F)F)cn3)n2)c1N,138_p33032_full,full,P33032__P41968,P33032,P41968,138_p33032_full::ZINC000771265751,ZINC000771265751,0.19767441860465115,361.3310000000001,2.4963999999999995,108.53,4,2,7,0.7390161867610646,3.170761628557444,-8.106,-6.247,-1.795,-1.33,0.34633926847657454,-1.7380000000000004,-0.056999999999999496,True,False,0.6575427889823914,0.9063247799873352,0.956102728843689,0.4596894681453705,0.4409890234470367,0.08617627434432507,0.09557871222496032,0.6554275810718536,0.4558462381362915,0.5840523540973663,0.9236605525016784,0.9992924571037293,0.9086970210075378,0.1486759975552559,0.5778700411319733,-4.931480254536259,0.6524329631574318,8.999197936755825,-14.83960260232862,-4.121168662489157,-1.3826299050666349,True,True,True,dual_endpoint_improved,False
A6PX-P138-0038,O[C@@H]1CNCC[C@@H]1c1noc(-c2cn(-c3ccc(C(F)(F)F)cn3)nn2)n1,138_p33032_partial,partial,P33032__P41968,P33032,P41968,138_p33032_partial::ZINC000771265751,ZINC000771265751,0.5,381.3180000000001,1.1688999999999998,114.78,3,2,9,0.6948631319543769,3.7603354114298817,-8.171,-5.453,-2.728999999999999,-2.2939999999999996,0.21807796770879914,-1.7380000000000004,-0.9909999999999988,True,False,0.5563617944717407,0.8342977523803711,0.917291784286499,0.21531198173761368,0.12265287414193153,0.059723008796572684,0.041384858451783656,0.027666043676435947,0.21564458012580873,0.7328586578369141,0.8615001916885376,0.9993278026580811,0.8339635729789734,0.2565598294138908,0.4404511392116547,-5.263418724671611,-18.014295393952068,-19.549371382749804,-16.25552747950518,-2.749285936665198,1.8186221025975677,True,True,False,not_dual_endpoint_improved,False
A6PX-P138-0064,CN1CCCN(c2noc(-c3cn(-c4ccc(C(F)(F)F)cn4)nn3)n2)CC1,138_p33032_partial,partial,P33032__P41968,P33032,P41968,138_p33032_partial::ZINC000771265751,ZINC000771265751,0.5652173913043478,394.3610000000001,1.8729999999999996,89.00000000000001,3,0,9,0.6653282813326267,2.8487592754318936,-8.355,-5.793,-2.519,-1.3159999999999998,0.5858352062558966,-1.7380000000000004,-0.7809999999999997,True,False,0.8742723584175109,0.9695867657661438,0.9468599200248718,0.7065016031265259,0.172074618935585,0.05399951599538326,0.2314185220748186,0.1492890790104866,0.33378421068191527,0.8640840530395508,0.8959821820259094,0.9994041562080384,0.9746410965919494,0.43598961234092715,0.7541484713554383,-4.788092050272382,19.77978650884171,5.812436957282155,-28.478981300546774,-3.3316731332348737,5.015904796715697,False,False,False,not_evaluated_cross_domain_gate,False
A6PX-P138-0044,CN[C@@H]1CNC[C@@H](c2noc(-c3cn(-c4ccc(C(F)(F)F)cn4)nn3)n2)C1,138_p33032_partial,partial,P33032__P41968,P33032,P41968,138_p33032_partial::ZINC000771265751,ZINC000771265751,0.5066666666666667,394.36100000000005,1.3959999999999995,106.58000000000001,4,2,9,0.6839749352075721,3.7990156281206566,-8.004,-5.548,-2.449,-2.4370000000000003,0.0123288280059377,-1.7380000000000004,-0.7109999999999994,True,False,0.8228227615356445,0.9243065476417541,0.949820339679718,0.33815714716911316,0.13687251061201094,0.037563202902674675,0.23704482205212116,0.2942761480808258,0.2763684824109077,0.896467924118042,0.7693296313285828,0.9996074318885804,0.9173534274101257,0.19436775743961335,0.6277891159057617,-5.304048924073411,-5.454172230866516,-26.710144180320924,-1.0983958728699839,-2.6878352869808744,4.560047363094422,True,True,True,dual_endpoint_improved,False
A6PX-P138-0075,N[C@@H]1C[C@H](c2noc(-c3cn(-c4ccc(C(F)(F)F)cn4)nn3)n2)CCNC1=O,138_p33032_partial,partial,P33032__P41968,P33032,P41968,138_p33032_partial::ZINC000771265751,ZINC000771265751,0.5131578947368421,408.3440000000001,1.0519999999999996,137.64000000000001,3,2,9,0.6560091902777488,3.8325390040411333,-8.67,-5.992,-2.442,-1.9770000000000003,0.3562549025003804,-1.7380000000000004,-0.7039999999999997,True,False,0.813614797592163,0.8896580696105957,0.9573189854621887,0.36119659543037413,0.19981176853179933,0.1348722532391548,0.04556917324662209,0.5354197263717652,0.2103692352771759,0.7238213837146759,0.8959015011787415,0.999692964553833,0.9078696608543396,0.17287252843379974,0.41805474162101747,-5.335055721546186,2.9731446760013562,-8.665255746342496,-21.266397462420873,-3.1331537485573877,0.5317801769928219,False,False,False,not_evaluated_cross_domain_gate,False
A6PX-P138-0050,CN1C[C@H](c2noc(-c3cn(-c4ccc(C(F)(F)F)cn4)nn3)n2)C[C@H](N)C1=O,138_p33032_partial,partial,P33032__P41968,P33032,P41968,138_p33032_partial::ZINC000771265751,ZINC000771265751,0.5405405405405406,408.3440000000001,1.0041000000000002,128.85000000000002,3,1,9,0.6797304656392902,3.8968516160903306,-8.326,-5.771,-2.407,-1.452,0.5118443773908892,-1.7380000000000004,-0.6689999999999996,False,False,0.6971831738948822,0.9669184446334839,0.9484702229499817,0.32308976352214813,0.2870296388864517,0.06451919935643673,0.0854184452444315,0.4875060677528381,0.11688152402639389,0.8170226454734802,0.7611218094825745,0.9999264121055603,0.9738059043884277,0.2043958991765976,0.42113839983940127,-5.055201566530645,9.754573505698882,-11.406536223800376,-29.647660565640006,-2.793031918049062,5.472379547047498,False,False,False,not_evaluated_cross_domain_gate,False
A6PX-P138-0021,C[C@H]1CCN(c2noc(-c3cn(-c4ccc(C(F)(F)F)cn4)nn3)n2)C[C@@H]1N,138_p33032_partial,partial,P33032__P41968,P33032,P41968,138_p33032_partial::ZINC000771265751,ZINC000771265751,0.49333333333333335,394.3610000000001,1.9045999999999996,111.78,3,1,9,0.716981109910485,3.7341989995909586,-8.12,-5.828,-2.291999999999999,-2.1790000000000003,0.07028987598983708,-1.7380000000000004,-0.5539999999999985,True,True,0.823491895198822,0.9635540604591369,0.9382587790489196,0.7741100907325744,0.51259526014328,0.3761418581008911,0.28739238902926445,0.5805037915706635,0.19005118310451508,0.8233358979225158,0.7545150876045227,0.9999524831771851,0.9753762483596802,0.2976876199245453,0.8132366180419922,-5.098554791713799,14.224851738775271,2.9000986264729134,-31.888949257255206,-3.686202807925716,1.9528076495455828,True,True,True,dual_endpoint_improved,True
A6PX-P138-0012,FC(F)(F)c1ccc(-n2cc(-c3nc(N4CCCNCC4)no3)nn2)nc1,138_p33032_partial,partial,P33032__P41968,P33032,P41968,138_p33032_partial::ZINC000771265751,ZINC000771265751,0.5428571428571428,380.3340000000001,1.5307999999999997,97.78999999999999,3,1,9,0.7306740813156118,2.92137448254808,-8.086,-5.79,-2.2800000000000002,-1.2199999999999998,0.5035023998618744,-1.7380000000000004,-0.5419999999999998,True,False,0.7966591954231262,0.9336675763130188,0.9481142044067383,0.8901979327201843,0.43816813826560974,0.19500308334827424,0.16489541120827197,0.3026381641626358,0.30722163915634154,0.6917916834354401,0.9268651366233825,0.9998735427856446,0.9559347867965698,0.2522858172655106,0.6492562353610992,-5.0393490791386215,15.49341454708517,-1.3090523864623307,-25.010575370021474,-3.3054735712280547,2.3032027726931954,False,False,False,not_evaluated_cross_domain_gate,False
A6PX-P138-0009,O=C1C[C@H](c2noc(-c3cn(-c4ccc(C(F)(F)F)cn4)nn3)n2)CCN1,138_p33032_partial,partial,P33032__P41968,P33032,P41968,138_p33032_partial::ZINC000771265751,ZINC000771265751,0.5416666666666666,379.30200000000013,1.7246999999999997,111.62,3,1,8,0.7374426955337551,3.436120940849288,-8.357,-6.167,-2.220999999999999,-1.8870000000000005,0.22550092387098214,-1.7380000000000004,-0.48299999999999876,True,False,0.759776508808136,0.9741462826728821,0.948324465751648,0.19869511127471923,0.20628793835639953,0.0942832212895155,0.017153993854299186,0.043997463397681714,0.2211614042520523,0.6324021279811859,0.9245546460151672,0.9997934699058533,0.9599748492240906,0.1621848464012146,0.24289364889264106,-4.991111079702587,10.935927131513305,6.341071575517995,-31.132607826610894,-3.351500169470479,0.38882169755513785,False,False,False,not_evaluated_cross_domain_gate,False
A6PX-P138-0026,C[C@@H]1CNCCN1Cc1noc(-c2cn(-c3ccc(C(F)(F)F)cn3)nn2)n1,138_p33032_partial,partial,P33032__P41968,P33032,P41968,138_p33032_partial::ZINC000771265751,ZINC000771265751,0.5405405405405406,394.36100000000016,1.5247999999999997,97.79,4,1,9,0.7115233717857253,3.3991802309666372,-7.666,-5.393,-2.1800000000000006,-1.7860000000000005,0.21511547286670635,-1.7380000000000004,-0.44200000000000017,True,False,0.768421745300293,0.9625932931900024,0.9107238411903381,0.39732917547225954,0.362973290681839,0.13343896269798278,0.2844803214073181,0.3706116616725922,0.4253210723400116,0.8869998335838318,0.8286674380302429,0.9996881604194641,0.9036121487617492,0.24011050760746003,0.7564945816993713,-5.002853670203908,5.045036146064857,3.691391755615233,-26.77562896877567,-3.002297497056161,1.4769435732143252,False,False,False,not_evaluated_cross_domain_gate,False
A6PX-P138-0022,CN1CCNCC[C@@H]1c1noc(-c2cn(-c3ccc(C(F)(F)F)cn3)nn2)n1,138_p33032_partial,partial,P33032__P41968,P33032,P41968,138_p33032_partial::ZINC000771265751,ZINC000771265751,0.5416666666666666,394.36100000000016,1.6972999999999994,97.79,3,1,9,0.7169387719394023,3.5163169617358685,-8.271,-6.175,-2.0699999999999994,-2.029000000000001,0.22242651720412207,-1.7380000000000004,-0.33199999999999896,True,False,0.8535707116127014,0.9339047551155091,0.949315893650055,0.42022849917411803,0.12008198201656342,0.040605556964874265,0.16131432093679904,0.2313580185174942,0.35751740336418153,0.8765938401222229,0.8574092984199524,0.9995032787322998,0.9363446712493897,0.28637576699256895,0.5880325734615326,-5.101487076525183,6.053857333900036,-13.29927789263389,-13.949798303730185,-2.8113439975351744,3.450965817551314,True,True,True,dual_endpoint_improved,False
A6PX-P138-0027,NC(=O)[C@H]1CCCC(c2noc(-c3cn(-c4ccc(C(F)(F)F)cn4)nn3)n2)C1,138_p33032_partial,partial,P33032__P41968,P33032,P41968,138_p33032_partial::ZINC000771265751,ZINC000771265751,0.4805194805194805,407.3560000000001,2.4901999999999997,125.60999999999999,4,1,8,0.7040827002588957,3.600691912108675,-8.346,-6.304,-2.042,-1.774,0.23159207432226336,-1.7380000000000004,-0.3039999999999994,True,True,0.696709954738617,0.9860541224479675,0.9762705802917481,0.5058502674102783,0.43996520042419435,0.39335794746875763,0.04004586692899466,0.515443992614746,0.21646521389484405,0.5683602392673492,0.8251742005348206,0.9999579191207886,0.9734383225440979,0.3068124741315842,0.2819709092378616,-4.817423347686272,-1.8543354759204007,10.872551718441045,-47.41590518411706,-4.582828915103297,0.8261179369010229,True,True,True,dual_endpoint_improved,True
A6PX-P138-0015,C[C@@H](CC(N)=O)c1noc(-c2cn(-c3ccc(C(F)(F)F)cn3)nn2)n1,138_p33032_partial,partial,P33032__P41968,P33032,P41968,138_p33032_partial::ZINC000771265751,ZINC000771265751,0.5352112676056338,367.2910000000001,1.7099999999999997,125.61000000000001,5,1,8,0.7273255910197114,3.3762537142291738,-7.579,-5.384,-1.9749999999999996,-1.7610000000000001,0.2789627613539527,-1.7380000000000004,-0.2369999999999992,True,False,0.8394323825836182,0.9727370262145996,0.9730774283409118,0.4491688907146454,0.14771205186843872,0.059583593346178534,0.025418612896464764,0.09791092276573181,0.3917160838842392,0.5469809174537659,0.821259617805481,0.9997616171836853,0.9373705387115479,0.18511387705802917,0.21851475089788436,-4.823015714272479,12.007282794925807,20.8255722490383,-36.70757845679414,-3.3576217735391927,3.537600326255253,False,False,False,not_evaluated_cross_domain_gate,False
A6PX-P138-0090,O[C@@H]1CN[C@@H](c2noc(-c3cn(-c4ccc(C(F)(F)F)cn4)nn3)n2)CCCN1,138_p33032_partial,partial,P33032__P41968,P33032,P41968,138_p33032_partial::ZINC000771265751,ZINC000771265751,0.4805194805194805,410.3600000000001,1.0635999999999994,126.81,3,3,10,0.5808608157465142,3.997922340011657,-7.871,-5.935,-1.9430000000000005,-1.5100000000000007,0.21180336793041465,-1.7380000000000004,-0.20500000000000007,True,False,0.8216849088668823,0.5562181830406189,0.938310706615448,0.20644653886556624,0.05253127664327621,0.04159720540046692,0.05127421682700515,0.08879806101322174,0.33914034962654116,0.7861867904663086,0.8957059979438782,0.9977433681488037,0.7012799441814422,0.23019918501377107,0.6027170479297638,-5.589516774949571,-20.376975258996925,-25.78662410880124,4.043482093289387,-2.823484612603385,6.582983383512375,False,False,False,not_evaluated_cross_domain_gate,False
A6PX-P138-0020,FC(F)(F)c1ccc(-n2cc(-c3nc(C4=CNCC4)no3)nn2)nc1,138_p33032_partial,partial,P33032__P41968,P33032,P41968,138_p33032_partial::ZINC000771265751,ZINC000771265751,0.5142857142857142,349.276,2.2892,94.88,3,0,8,0.7199136462761,3.7718369994036944,-8.054,-6.057,-1.8860000000000001,-1.8499999999999996,0.15062536307010146,-1.7380000000000004,-0.1479999999999997,True,False,0.7387547016143798,0.9816015124320984,0.9791015028953552,0.8087118864059448,0.4285443782806396,0.22607028037309645,0.06327446922659874,0.20852449983358384,0.30240996181964874,0.39905066043138504,0.9244594812393189,0.999941611289978,0.9751693725585937,0.4730845868587494,0.3050445199012756,-4.621267143919965,10.670387838089288,12.951144061419061,-42.522185293961684,-3.769000346890212,0.8663094395318831,True,True,False,not_dual_endpoint_improved,False
A6PX-P138-0008,O=C1CC[C@H](c2noc(-c3cn(-c4ccc(C(F)(F)F)cn4)nn3)n2)CN1,138_p33032_partial,partial,P33032__P41968,P33032,P41968,138_p33032_partial::ZINC000771265751,ZINC000771265751,0.5416666666666666,379.3020000000001,1.7246999999999995,111.62,3,1,8,0.7374426955337552,3.4168388229671702,-8.254,-6.299,-1.87,-1.7309999999999999,0.1361347371785271,-1.7380000000000004,-0.13199999999999967,True,False,0.7573105335235596,0.9754127979278564,0.9457808256149292,0.2222917526960373,0.21242915391921996,0.09725285768508911,0.019659710070118307,0.04030766673386097,0.21082839071750642,0.6491300821304321,0.9179616808891297,0.9997025251388549,0.9573525547981262,0.18396955132484435,0.2690288156270981,-4.9805449432583675,10.984335151961748,7.000804858641459,-30.820921623034916,-3.37457707520973,-0.13178525137491254,False,False,False,not_evaluated_cross_domain_gate,False
A6PX-P138-0017,CNC(=O)CCc1noc(-c2cn(-c3ccc(C(F)(F)F)cn3)nn2)n1,138_p33032_partial,partial,P33032__P41968,P33032,P41968,138_p33032_partial::ZINC000771265751,ZINC000771265751,0.5571428571428572,367.29100000000005,1.4096999999999993,111.62,5,1,8,0.7255293449649497,2.8006577297165585,-7.297,-5.503,-1.7880000000000003,-1.729,0.057389507364635384,-1.7380000000000004,-0.04999999999999982,True,False,0.824400794506073,0.9664913773536682,0.9651225924491882,0.30805816054344176,0.1549378216266632,0.03754490651190281,0.017570351378526538,0.09200893677771091,0.3470475673675537,0.4578847333788872,0.8901158571243286,0.9997746467590332,0.9536413073539733,0.237830451130867,0.18815521597862245,-4.8879912190011705,31.901139402530028,33.38521848796752,-32.80465536289056,-2.9760237936506306,1.380235906963123,True,True,False,not_dual_endpoint_improved,False
A6PX-P138-0005,CC(=O)N[C@@H](C)c1noc(-c2cn(-c3ccc(C(F)(F)F)cn3)nn2)n1,138_p33032_partial,partial,P33032__P41968,P33032,P41968,138_p33032_partial::ZINC000771265751,ZINC000771265751,0.5428571428571428,367.29100000000005,1.9281999999999997,111.62,4,1,8,0.7497271163518121,3.302736406536864,-7.558,-5.903,-1.7610000000000001,-1.3979999999999997,0.2177710316415439,-1.7380000000000004,-0.022999999999999687,True,False,0.8132355570793152,0.954398775100708,0.9625921726226807,0.2913497775793076,0.14141136258840561,0.053351536951959135,0.020309808221645652,0.06297052949666977,0.4268849611282349,0.4479941725730896,0.9291081666946411,0.9995527505874634,0.9452934741973877,0.15881839096546174,0.1596667267382145,-4.765235676181497,22.9972242291795,32.97888711554091,-40.99850285934328,-3.423679792506811,2.2797441631194912,False,False,False,not_evaluated_cross_domain_gate,False
A6PX-P139-0026,NC(=O)N1CCC(n2c(Sc3ccc(Cl)cc3)nc3c(N)ncnc32)CC1,139_5ht7r_partial,partial,P34969__P35348,P34969,P35348,139_5ht7r_partial::ZINC000012508963,ZINC000012508963,0.5066666666666667,403.8990000000002,2.9287,115.94999999999999,3,2,7,0.6940207419246727,2.6228588289708874,-8.163,-5.542,-2.6060000000000008,-2.293,0.16621739446346254,-2.242000000000001,-0.3639999999999999,True,False,0.10675012953579426,0.9857537269592285,0.8686956644058228,0.0955856591463089,0.6934953331947327,0.5006353259086609,0.06343274042010308,0.1883262187242508,0.05224765408784151,0.5033398151397706,0.7313167691230774,0.9998039960861206,0.9497410655021667,0.3491107106208801,0.5489056348800659,-5.043755646781147,7.832326488006508,14.677836778248714,-20.71980453597531,-3.4157312878085135,-4.898298567072688,True,True,False,not_dual_endpoint_improved,False
A6PX-P139-0012,CC(=O)N1CCC(n2c(Sc3ccc(Cl)cc3)nc3c(N)ncnc32)CC1,139_5ht7r_partial,partial,P34969__P35348,P34969,P35348,139_5ht7r_partial::ZINC000012508963,ZINC000012508963,0.5,402.91100000000023,3.3965000000000014,89.93,3,1,7,0.7216355135847758,2.549664822976883,-8.214,-5.756,-2.5060000000000002,-2.394,0.14281067498226063,-2.242000000000001,-0.26399999999999935,True,False,0.1471927672624588,0.9841562986373902,0.8361179947853088,0.14739507883787156,0.7655785083770752,0.5800746858119965,0.15891703814268113,0.37102382481098173,0.050635321997106075,0.4121190756559372,0.7547457933425903,0.9999079227447509,0.9828609704971314,0.5223053276538849,0.6940049290657043,-5.16906966737401,33.40935226660938,29.63924992593524,-25.244850943026428,-3.3335985947453586,-0.6571738164229686,True,True,False,not_dual_endpoint_improved,False
A6PX-P139-0097,CN1CCC(NC(=O)Cn2c(Sc3ccc(Cl)cc3)nc3c(N)ncnc32)CC1,139_5ht7r_partial,partial,P34969__P35348,P34969,P35348,139_5ht7r_partial::ZINC000012508963,ZINC000012508963,0.4117647058823529,431.95300000000026,2.4234999999999998,101.96000000000001,5,2,8,0.6390687066277718,2.5674217333840605,-7.98,-5.638,-2.3420000000000005,-1.6050000000000004,0.37975108806807756,-2.242000000000001,-0.09999999999999964,True,False,0.17254933044314386,0.9689968466758728,0.7566178917884827,0.012653922289609909,0.19969301223754882,0.08557003140449523,0.4442769944667816,0.18795760869979858,0.09319226369261742,0.7435799837112427,0.5329970300197602,0.9968506693840027,0.861968171596527,0.3617806136608124,0.7929407000541687,-5.561438893421543,14.017915307222893,12.443005202532303,-5.8004298020007194,-2.7582549657156044,4.934667208370793,False,False,False,not_evaluated_cross_domain_gate,False
A6PX-P139-0094,Nc1ncnc2c1nc(Sc1ccc(Cl)cc1)n2[C@@H]1CC[C@@H]2CCNCCN2C1=O,139_5ht7r_partial,partial,P34969__P35348,P34969,P35348,139_5ht7r_partial::ZINC000012508963,ZINC000012508963,0.45121951219512196,443.9640000000003,2.7385,101.96000000000001,3,2,8,0.6411438171906821,3.5555904650025507,-8.598,-6.341,-2.2570000000000006,-2.1559999999999997,0.08165101890906788,-2.242000000000001,-0.01499999999999968,True,True,0.20346885174512863,0.9013984084129334,0.7772731184959412,0.0386375617235899,0.3990896463394165,0.3839955568313599,0.21526742577552796,0.6472096085548401,0.06536259725689889,0.6100947260856628,0.8231393456459045,0.998641836643219,0.905152416229248,0.5093643844127655,0.7991282701492309,-5.680953643426631,-4.701169046738984,17.47063699340307,8.016928321411978,-2.66345498038024,7.980125861454039,True,True,False,not_dual_endpoint_improved,False
A6PX-P013-0103,Cn1cc(S(=O)(=O)N2CCOCC2)cc1[C@H]1CCCc2c1[nH]c1cncnc21,13_p04001_full,full,P04000__P04001,P04001,P04000,13_p04001_full::ZINC000006781581,ZINC000006781581,0.3333333333333333,401.49200000000013,1.7854999999999994,93.11000000000001,3,1,6,0.7221965368117641,3.6195567694281756,-7.968,-6.068,-1.8849999999999998,-1.8760000000000003,0.16385427129685137,-0.7650000000000006,-1.1199999999999992,True,True,0.09182291850447655,0.6708554983139038,0.9106522560119629,0.19421622008085251,0.31116646230220796,0.21504009813070296,0.014808878675103188,0.8760287284851074,0.050178874656558035,0.24788583666086197,0.9170930624008179,0.9999253511428833,0.9401222586631774,0.06336205676198006,0.568859314918518,-5.217548985942019,55.70880733781196,53.00491328005343,-36.28185355068789,-3.152286515647435,-2.7386790434126738,True,False,False,seed_baseline_missing_or_failed,False
A6PX-P013-0138,C[C@H](c1cc(S(=O)(=O)N2CCOCC2)[nH+]n1C)N(C)c1nn2cccc2[nH]1,13_p04001_full,full,P04000__P04001,P04001,P04000,13_p04001_full::ZINC000006781581,ZINC000006781581,0.27906976744186046,393.473,0.6142000000000003,100.75999999999999,5,1,8,0.681810888226896,4.003351299963858,-7.328,-5.835,-1.521,-1.492,0.2423555698188559,-0.7650000000000006,-0.7559999999999993,False,False,0.1602611042559147,0.8203198909759521,0.8618842124938965,0.024002617131918667,0.083585549518466,0.07898061797022819,0.0037163966102525593,0.15995275229215622,0.16440757513046264,0.1308164492249489,0.927272355556488,0.9995822429656982,0.9042406201362609,0.04567925669252872,0.4811534106731415,-4.963704907922724,71.61639692495353,54.108467068848256,-41.64884086912883,-3.175097422198351,-2.818681353504669,False,False,False,not_evaluated_cross_domain_gate,False
A6PX-P013-0094,Cn1[nH+]c(C(=O)N2CCOCC2)cc1C(=O)N1CCc2c1[nH]c1ccccc21,13_p04001_full,full,P04000__P04001,P04001,P04000,13_p04001_full::ZINC000006781581,ZINC000006781581,0.2891566265060241,379.4200000000001,1.5766999999999998,83.46000000000001,2,1,5,0.7327670549324815,2.742036604491723,-8.378,-6.901,-1.3440000000000003,-1.1170000000000009,0.3579785840894209,-0.7650000000000006,-0.5789999999999997,True,False,0.3126451909542084,0.9533828616142273,0.9235909461975098,0.28050495088100436,0.25022184699773786,0.22716448009014129,0.0018257662653923036,0.15694094002246856,0.12056406810879708,0.1810787796974182,0.9408036589622497,0.9998948454856873,0.9555721759796143,0.5366020023822784,0.758801257610321,-4.8706769731945325,50.26278651885331,37.39022763882529,15.096407630770837,-4.029745583469046,-4.841111694401118,True,False,False,seed_baseline_missing_or_failed,False
A6PX-P013-0139,Cn1nc([C@H](O)N2CCCC2)cc1C(=O)c1cnc2nccnnc1-2,13_p04001_full,full,P04000__P04001,P04001,P04000,13_p04001_full::ZINC000006781581,ZINC000006781581,0.14285714285714285,339.35900000000004,0.42259999999999964,109.92,4,1,9,0.6812006344798516,3.6928504609421555,-7.187,-5.825,-1.2960000000000003,-1.1700000000000008,0.27033970399398505,-0.7650000000000006,-0.5309999999999997,False,False,0.4080571413040161,0.5948267817497254,0.9561810851097107,0.12472249194979668,0.011005260131787509,0.00862001283094287,0.005209959737840109,0.04521234761923552,0.10729120187461376,0.3904917657375336,0.8918342828750611,0.9996561169624328,0.815216314792633,0.09344910085201263,0.2829880118370056,-5.2615609041861875,5.176104106544285,3.56460644450753,-2.0545161437745305,-1.7847763702869546,3.8659832379196977,False,False,False,not_evaluated_cross_domain_gate,False
A6PX-P013-0097,Cn1[nH+]c(CNC2CCOCC2)cc1C(=O)N1CCc2c1[nH]c1ccccc21,13_p04001_full,full,P04000__P04001,P04001,P04000,13_p04001_full::ZINC000006781581,ZINC000006781581,0.25274725274725274,379.4640000000001,2.3728999999999996,75.18,4,2,5,0.7298395641955722,2.8842433795594733,-7.748,-6.55,-1.0730000000000004,-1.0510000000000002,0.3692189955387811,-0.7650000000000006,-0.30799999999999983,False,False,0.4845565140247345,0.9515121102333068,0.8694666743278503,0.18054555281996726,0.30837302207946776,0.1885376587510109,0.03887544274330139,0.3147722125053406,0.13742070645093918,0.5199626207351684,0.747177004814148,0.9998116374015809,0.9025506138801574,0.6036228239536285,0.9050605893135071,-5.485939819242754,48.35525053233713,33.18276490702461,58.55898556221663,-3.2805008106853775,-1.7556388831537404,False,False,False,not_evaluated_cross_domain_gate,False
A6PX-P141-0049,Cc1ccc(N2CCC[C@@H](NC(=O)N3CCN(C(=O)N4CCC4)CC3)C2=O)cc1,140_p35346_partial,partial,P30874__P35346,P35346,P30874,140_p35346_partial::ZINC000745880606,ZINC000745880606,0.7169811320754716,399.4950000000002,1.6433199999999992,76.20000000000002,2,1,3,0.8215356061412667,2.7342758723655383,-7.607,-5.924,-1.6829999999999998,-1.657,0.027145697428669718,-1.5809999999999995,-0.10200000000000031,True,True,0.03164899768307805,0.811525297164917,0.45937349200248717,0.0037112422985956075,0.17971384674310684,0.06827558930963278,0.007056301087141037,0.06218180693686008,0.12783274203538894,0.1058308944106102,0.4768635094165802,0.9123213529586792,0.8875499844551087,0.09195827171206475,0.4992804408073425,-4.667194291947712,5.861766133236901,16.79707536238451,-21.97772396034613,-2.4475618878472845,-5.59721832042836,True,True,False,not_dual_endpoint_improved,False
A6PX-P143-0076,Cc1cc(-c2ccccc2)ccc1C=Cc1ncccc1C(=O)N1CCNCC1,143_p35346_partial,partial,P35346__P41143,P35346,P41143,143_p35346_partial::ZINC001164628999,ZINC001164628999,0.3717948717948718,383.4950000000002,4.272820000000004,45.230000000000004,4,1,3,0.7316680968121269,2.3882064599827633,-6.907,-5.382,-1.596,-1.186,0.21229120461186232,-1.4459999999999997,-0.15000000000000036,False,False,0.222720468044281,0.8430893421173096,0.8335056900978088,0.4608584940433502,0.7027748227119446,0.6251497745513916,0.1551293507218361,0.9097518801689148,0.26859967559576037,0.5921560049057006,0.8702099084854126,0.9993353009223938,0.945982813835144,0.9189589500427247,0.912862753868103,-5.114439265265658,39.28399367348663,28.223754834986615,-9.664156896642204,-3.7603691711779748,-0.9291250900832398,False,False,False,not_evaluated_cross_domain_gate,False
A6PX-P145-0150,COC[C@H]1CN(C)C[C@@H]1c1nnc(-c2cccc(S(=O)(=O)N(C)C)c2)n1CC1=NCCN1,144_p35348_full,full,P21728__P35348,P35348,P21728,144_p35348_full::ZINC001504577013,ZINC001504577013,0.3894736842105263,461.59200000000027,0.48870000000000263,104.95,8,1,9,0.6099395809758656,3.8492188643154694,-8.225,-5.322,-2.8760000000000003,-1.867,0.5393294190216422,-2.5420000000000007,-0.33399999999999963,True,False,0.07600434832274913,0.496029794216156,0.8742061257362366,0.0022610723957768642,0.007658871111925691,0.0029982335370732473,0.06503281313925982,0.574517571926117,0.054361408948898314,0.3925894796848297,0.47492465376853943,0.9926790595054626,0.9114705085754394,0.2815369009971619,0.5028472363948822,-5.6342051321575495,22.24219376393552,28.93389375585095,-24.794400263311353,-1.9950851452340395,-2.7311298951527703,True,True,True,dual_endpoint_improved,True
A6PX-P145-0165,CC(C)c1cc(-n2nnc(-c3cccc(S(=O)(=O)N(C)C)c3)c2[C@@H]2CCN(C)C2)nc(N)n1,144_p35348_full,full,P21728__P35348,P35348,P21728,144_p35348_full::ZINC001504577013,ZINC001504577013,0.31,470.60300000000024,2.0992999999999995,123.13000000000001,6,1,9,0.5809379986006249,3.439744285379186,-8.994,-6.154,-2.8659999999999997,-2.242000000000001,0.3294038386067906,-2.5420000000000007,-0.32399999999999896,True,False,0.1644075408577919,0.8077308177947998,0.8566047430038453,0.010753016325179488,0.05900548677891493,0.04009770248085261,0.09710056763142347,0.7720625519752502,0.21991949230432511,0.6264172255992889,0.804988420009613,0.9958702683448791,0.9553710460662842,0.297982382774353,0.7733721852302551,-5.033491307624354,33.09823691268293,52.478615408142204,-34.74405112092381,-3.9826883893136467,4.253506322899247,True,True,True,dual_endpoint_improved,True
A6PX-P145-0012,COC[C@H](Cn1c(-c2cccc(S(=O)(=O)N(C)C)c2)nnc1[C@H]1N=C(N)C2=C1C=CCC2)OC,144_p35348_partial,partial,P21728__P35348,P35348,P21728,144_p35348_partial::ZINC001504577013,ZINC001504577013,0.5111111111111111,486.5980000000003,1.9152999999999998,124.93,9,1,9,0.5739278822355747,4.1490539228445735,-8.76,-5.642,-3.191,-2.4590000000000005,0.43549512052375483,-2.5420000000000007,-0.6489999999999991,True,False,0.29927654266357423,0.7047882437705993,0.8833747625350952,0.03504503616131842,0.2525547958910465,0.3086269646883011,0.12002631239593028,0.9375295639038086,0.0961980327963829,0.34268724322319033,0.6900011599063873,0.9992878913879395,0.9443922400474548,0.8072999238967895,0.694661021232605,-5.606868387973964,33.722417889325996,63.45876018648157,-47.38223785039561,-2.686685287210806,-1.0816549251128276,False,False,False,not_evaluated_cross_domain_gate,False
A6PX-P145-0011,COC[C@H](Cn1c(-c2cccc(S(=O)(=O)N(C)C)c2)nnc1C1C=C(O)CCC1)OC,144_p35348_partial,partial,P21728__P35348,P35348,P21728,144_p35348_partial::ZINC001504577013,ZINC001504577013,0.5662650602409639,450.5610000000003,2.0834999999999995,103.62000000000002,9,0,8,0.5760799959043921,3.5852125607634324,-7.698,-5.092,-2.6210000000000004,-2.1770000000000005,0.2287492562222273,-2.5420000000000007,-0.07899999999999974,True,False,0.15361920595169068,0.867764127254486,0.8939534783363342,0.012730073442799038,0.060519802616909146,0.04519973285496235,0.01952483025379479,0.7069687604904175,0.0613100703805685,0.17791369557380676,0.5817792177200317,0.9993812441825867,0.9817095279693604,0.42860306799411774,0.17204832583665847,-4.563952902509922,93.06403686245582,75.66279149110224,-47.13077171822526,-3.2493961085132357,1.3236361037157092,True,True,True,dual_endpoint_improved,True
A6PX-P145-0001,COC[C@H](Cn1c(-c2cccc(S(=O)(=O)N(C)C)c2)nnc1[C@@H]1CCCNC1)OC,144_p35348_partial,partial,P21728__P35348,P35348,P21728,144_p35348_partial::ZINC001504577013,ZINC001504577013,0.5662650602409639,437.56600000000026,1.3237999999999999,98.58000000000001,9,1,8,0.6317288494789229,3.5226754403720086,-7.488,-4.875,-2.6130000000000004,-2.107,0.318048214374278,-2.5420000000000007,-0.07099999999999973,True,False,0.1819118767976761,0.6555380523204803,0.7879281878471375,0.004037784648244269,0.027352060470730067,0.01621960918419063,0.05798949096351862,0.5664324969053268,0.0497987013310194,0.3829595744609833,0.4066028639674187,0.9972291350364685,0.9529022455215455,0.1497223988175392,0.4900103211402893,-5.222930140003582,35.866514057109754,29.20392560935092,-21.506209408145786,-2.4074580070722247,0.29451876574462493,True,True,False,not_dual_endpoint_improved,False
A6PX-P145-0002,COC[C@H](Cn1c(-c2cccc(S(=O)(=O)N(C)C)c2)nnc1[C@H]1CC[C@@H](N)CC1)OC,144_p35348_partial,partial,P21728__P35348,P35348,P21728,144_p35348_partial::ZINC001504577013,ZINC001504577013,0.5949367088607594,451.5930000000003,1.8416999999999994,112.57000000000001,9,1,8,0.618877297906691,3.2508223380280175,-7.721,-5.072,-2.604,-2.2880000000000003,0.21467701838394837,-2.5420000000000007,-0.06199999999999939,True,False,0.30180497467517853,0.7352871298789978,0.906897222995758,0.01318296194076538,0.015300379181280733,0.0182840287219733,0.05442105196416378,0.8163375616073608,0.05766582675278187,0.4159203052520752,0.2825857013463974,0.9969410419464111,0.9296209692955018,0.21193142086267472,0.5226795852184296,-5.073692973646617,33.70696493489436,26.778627820133813,-29.457238926837725,-2.383917794870461,-1.0110625695430573,True,True,False,not_dual_endpoint_improved,False
A6PX-P145-0044,COC[C@H](Cn1c(-c2cccc(S(=O)(=O)N(C)C)c2)nnc1-c1cc(C)c(N)cn1)OC,144_p35348_partial,partial,P21728__P35348,P35348,P21728,144_p35348_partial::ZINC001504577013,ZINC001504577013,0.5365853658536586,460.56000000000023,1.8094199999999994,125.46000000000001,9,1,9,0.5124235426938271,3.330965512615995,-7.891,-5.102,-2.5540000000000003,-2.479,0.22109776620812377,-2.5420000000000007,-0.011999999999999567,True,False,0.30058023035526277,0.7269399285316467,0.900510048866272,0.0324090629350394,0.13254107274115084,0.15612662807106972,0.03545016068965197,0.9160831332206726,0.22154563367366792,0.317672997713089,0.8284117102622985,0.9976918339729309,0.9673771858215332,0.4387865662574768,0.8183983445167542,-4.8185677417273025,43.158021952280485,66.96161594344895,-48.14627645770071,-3.65772532376653,-3.827860785955089,False,False,False,not_evaluated_cross_domain_gate,False
A6PX-P144-0252,O=C(Nc1ccccc1)N1CCC2(CC1)CN(C(=O)N1CCNCC1)Cc1nncn12,146_p35348_full,full,P35348__P35368,P35348,P35368,146_p35348_full::ZINC000096144815,ZINC000096144815,0.3170731707317073,424.5090000000001,1.1421000000000001,98.63,1,2,6,0.7154910369474379,3.4794940103628367,-9.359,-6.4,-2.966,-2.9349999999999996,0.02369716344956859,-2.3369999999999997,-0.6290000000000004,True,False,0.025266292528249322,0.827659547328949,0.4330466270446777,0.0004965345287928358,0.03152437349781394,0.0138353654416278,0.006466049188748002,0.03985537765547633,0.04476851299405098,0.19392611980438232,0.42389203906059264,0.9450363755226135,0.4172077775001526,0.08209704160690308,0.28813601434230807,-5.356735850985535,-12.650456756011355,0.9009376771956475,22.91270503957923,-1.9115070701343666,-6.4450799043204325,True,True,False,not_dual_endpoint_improved,False
A6PX-P144-0251,O=C(Nc1ccccc1)N1CCC2(CC1)CN(C(=O)N1CCNCC1)Cn1ncnc12,146_p35348_full,full,P35348__P35368,P35348,P35368,146_p35348_full::ZINC000096144815,ZINC000096144815,0.3670886075949367,424.5090000000001,1.1421000000000001,98.63,1,2,6,0.7154910369474379,3.4712639173788986,-9.416,-6.637,-2.7199999999999998,-2.4110000000000005,0.21928722919698015,-2.3369999999999997,-0.383,True,False,0.03202731008641422,0.7706396579742432,0.378387588262558,0.0016601050680037587,0.05201439438387752,0.03438260722905397,0.006043675588443875,0.057309276051819326,0.052042165957391265,0.26191876232624056,0.4893710523843765,0.9790706038475037,0.5984477937221527,0.05992734227329492,0.5584061443805695,-5.3295454802028415,-9.7387364519432,6.640841888247694,28.37997119834044,-2.545879066571758,-7.156799664161636,False,False,False,not_evaluated_cross_domain_gate,False
A6PX-P144-0137,Cc1ccc(NC(=O)N2CCC3(C=C(C(=O)N4CCOCC4)Cc4nccn43)CC2)cc1,146_p35348_full,full,P35348__P35368,P35348,P35368,146_p35348_full::ZINC000096144815,ZINC000096144815,0.4050632911392405,435.5280000000002,2.55602,79.70000000000002,2,1,5,0.7863852551955229,3.501998808352517,-9.453,-6.753,-2.6999999999999993,-2.6709999999999994,0.09291692825075328,-2.3369999999999997,-0.36299999999999955,True,False,0.07211151085793972,0.85079106092453,0.5638892531394959,0.0022148376796394587,0.14924334287643432,0.15243787169456482,0.014343036245554686,0.28728644251823426,0.059739652648568155,0.2752797842025757,0.6137594282627106,0.9921598792076111,0.8335938930511475,0.4714362442493439,0.5859167516231537,-4.707216475170049,33.70346731790581,47.81733949303698,4.045665728894072,-3.1332369159407643,-10.747022691677298,False,False,False,not_evaluated_cross_domain_gate,False
A6PX-P144-0218,Cn1ncc2c1CN(C(=O)N1CCOCC1)CC21CCN(C(=O)Nc2ccccc2)CC1,146_p35348_full,full,P35348__P35368,P35348,P35368,146_p35348_full::ZINC000096144815,ZINC000096144815,0.4473684210526316,438.5320000000002,2.2535999999999996,82.94000000000001,1,1,5,0.7404479748893857,3.2509844162929635,-9.83,-7.136,-2.694,-2.1879999999999997,0.3032666593390489,-2.3369999999999997,-0.3570000000000002,True,False,0.036951364018023014,0.9223248124122619,0.5387476801872253,0.001848706550663337,0.038377389591187236,0.019111278606578706,0.00415635397657752,0.11053228974342347,0.05462862141430378,0.23866360783576965,0.4261197805404663,0.9875521302223206,0.7714812636375428,0.2082078419625759,0.5565219342708587,-4.76587691074319,6.348177746343993,31.566877482669476,22.590373953551637,-2.483127599335385,-10.030149464560196,True,True,True,dual_endpoint_improved,True
A6PX-P144-0114,CN1C(O)=CC(C(=O)N2CCOCC2)=CC12CCN(C(=O)Nc1ccccc1)CC2,146_p35348_full,full,P35348__P35368,P35348,P35368,146_p35348_full::ZINC000096144815,ZINC000096144815,0.4189189189189189,412.4900000000002,1.7004000000000001,82.19000000000001,2,1,4,0.8016993685717276,3.3424864059831307,-9.447,-6.754,-2.6929999999999996,-2.3529999999999998,0.18362098645488958,-2.3369999999999997,-0.35599999999999987,True,False,0.07121730707585812,0.9313599944114686,0.6258082151412964,0.0008457913529127837,0.032918652333319184,0.0064552293857559565,0.0015798313077539205,0.018250536173582077,0.058159634470939636,0.16311791390180588,0.4748622506856918,0.9605561375617981,0.8422421455383301,0.03195637133903802,0.21528360843658448,-4.520647308322832,20.911681195814324,-3.3896413372762866,-15.24386053388838,-2.6166828800263304,-7.258953300533555,True,True,False,not_dual_endpoint_improved,False
A6PX-P144-0219,Cn1ncc2c1C1(CCN(C(=O)Nc3ccccc3)CC1)CN(C(=O)N1CCOCC1)C2,146_p35348_full,full,P35348__P35368,P35348,P35368,146_p35348_full::ZINC000096144815,ZINC000096144815,0.4473684210526316,438.5320000000002,2.2536000000000005,82.94,1,1,5,0.7404479748893857,3.2944777165411026,-10.037,-7.307,-2.687999999999999,-2.668,0.14871673297469554,-2.3369999999999997,-0.3509999999999991,True,False,0.033618736732751134,0.9071866512298584,0.5171531319618226,0.0021117810916621237,0.035042137000709773,0.018105923128314317,0.004627387365326285,0.10375243052840233,0.05314527582377195,0.23992055058479309,0.40736269652843476,0.9850405693054199,0.7546258211135864,0.21114538460969925,0.5688493192195893,-4.748084999579307,8.232954800359753,33.620625473727436,21.709021756534288,-2.5202469319885585,-9.958118510330843,False,False,False,not_evaluated_cross_domain_gate,False
A6PX-P144-0106,O=C(Nc1ccccc1)N1CCC2(CC1)CC(=C(O)N1CCOCC1)Cc1nccn12,146_p35348_full,full,P35348__P35368,P35348,P35368,146_p35348_full::ZINC000096144815,ZINC000096144815,0.5492957746478874,423.51700000000017,2.3274999999999997,79.70000000000002,2,1,5,0.8041235720762788,3.7458016459483012,-9.54,-6.957,-2.5829999999999993,-2.176000000000001,0.31853449141689827,-2.3369999999999997,-0.24599999999999955,True,False,0.03918030969798565,0.9349444150924683,0.5597802042961121,0.0008832450010231696,0.04745546914637089,0.04633600153028965,0.01033501410856843,0.08653076887130737,0.025946165807545184,0.34377782940864565,0.3517144873738289,0.9930570721626282,0.7851012945175171,0.19911746606230735,0.5593189895153046,-4.794424343240079,33.37414699691975,16.39992144499528,1.0629319619544795,-2.636374583584424,-7.602092407838974,False,False,False,not_evaluated_cross_domain_gate,False
A6PX-P144-0115,O=C(Cc1ccccc1)N1CCC2(C=C(C(=O)N3CCC[C@@H](O)C3)Cc3nccn32)CC1,146_p35348_full,full,P35348__P35368,P35348,P35368,146_p35348_full::ZINC000096144815,ZINC000096144815,0.25274725274725274,434.54000000000013,1.9092999999999996,78.67,3,1,5,0.8005790099955983,3.976497412770634,-9.665,-7.093,-2.5779999999999994,-2.2379999999999995,0.17103865709897942,-2.3369999999999997,-0.24099999999999966,True,False,0.03521002307534218,0.5214131712913513,0.3296369671821594,0.0007844752864912153,0.09938724115490913,0.0813268780708313,0.04700755029916763,0.32961958944797515,0.01889756266027689,0.15676446557044982,0.2568781301379204,0.9982359170913696,0.800172221660614,0.6919265151023865,0.5929682135581971,-5.16885263630225,29.863252692919435,50.596846369820355,-5.37938940725826,-1.620629221881773,-8.58711787165574,False,False,False,not_evaluated_cross_domain_gate,False
A6PX-P144-0180,O=C(Nc1ccccc1)N1CCC2(CC1)CN(C(=O)N1CCOCC1)Cc1ccnn12,146_p35348_full,full,P35348__P35368,P35348,P35368,146_p35348_full::ZINC000096144815,ZINC000096144815,0.4788732394366197,424.50500000000017,2.1741,82.94,1,1,5,0.7607161042739116,3.396264931749144,-9.585,-7.035,-2.491999999999999,-2.205000000000001,0.22179920849473045,-2.3369999999999997,-0.15499999999999936,True,False,0.03340507168322802,0.9043365955352783,0.46167656779289246,0.0038073629257269204,0.0900060348212719,0.0500461608171463,0.00736400680616498,0.14161180853843688,0.04376900140196085,0.25923801958560944,0.5202944159507752,0.987881600856781,0.7473381519317627,0.10605254545807838,0.5646433651447296,-4.787797407223883,11.861641572922226,21.45332756169245,27.27152701475692,-2.7680110708738845,-11.063650695193084,False,False,False,not_evaluated_cross_domain_gate,False
A6PX-P144-0242,O=C(Nc1ccccc1)N1CCC2(CC1)CN(C(=O)N1CCOCC1)Cc1[nH]nnc12,146_p35348_full,full,P35348__P35368,P35348,P35368,146_p35348_full::ZINC000096144815,ZINC000096144815,0.42105263157894735,425.49300000000017,1.6381999999999997,106.69,1,2,5,0.7224397931683006,3.428298236905526,-9.554,-7.174,-2.4829999999999997,-2.3480000000000008,0.1247887103155658,-2.3369999999999997,-0.1459999999999999,True,False,0.043438414204865695,0.8602180480957031,0.4899142742156982,0.004597068578004837,0.08114285096526146,0.06928750611841679,0.0055002611828967925,0.09305777698755265,0.033778675459325315,0.1931456595659256,0.5222246170043945,0.974933385848999,0.4174539566040039,0.04921791553497314,0.46942263245582583,-5.0577161741022305,17.21498248726143,9.974509770272999,0.3033636697190946,-2.7990095024322,-8.28040686821631,False,False,False,not_evaluated_cross_domain_gate,False
A6PX-P144-0243,O=C(Nc1ccc[nH+]c1)N1CCC2(CC1)CN(C(=O)N1CCOCC1)Cc1[nH]ncc12,146_p35348_full,full,P35348__P35368,P35348,P35368,146_p35348_full::ZINC000096144815,ZINC000096144815,0.3950617283950617,425.4930000000002,1.6381999999999997,106.69000000000001,1,2,5,0.7224397931683003,3.4303690737609775,-9.194,-6.817,-2.449,-2.153999999999999,0.20675320768706168,-2.3369999999999997,-0.1120000000000001,True,False,0.01670471659163013,0.7731288075447083,0.4986589431762695,0.007535787485539913,0.08867977708578109,0.12392201349139213,0.00817548306658864,0.4631839692592621,0.014691382041200995,0.2875807791948318,0.5237151145935058,0.9946759462356567,0.5342683136463166,0.021685356646776198,0.5814246594905853,-5.1554970248953795,15.331626901149718,3.5565614214608994,-11.261932635666758,-2.726634847195314,-4.837768021239425,False,False,False,not_evaluated_cross_domain_gate,False
A6PX-P144-0076,O=C(Nc1ccccc1)N1CCC2(CC1)C[C@H](C(=O)N1CCOCC1)c1nccn12,146_p35348_full,full,P35348__P35368,P35348,P35368,146_p35348_full::ZINC000096144815,ZINC000096144815,0.5735294117647058,409.4900000000001,2.2524000000000006,79.70000000000002,2,1,5,0.8251802564070662,3.722235069681803,-9.319,-6.905,-2.3930000000000007,-2.3869999999999996,0.0533249993488566,-2.3369999999999997,-0.05600000000000094,True,True,0.04905074937269092,0.9450820088386536,0.5273919045925141,0.0016992773540550842,0.10142959430813789,0.06836913824081421,0.010633595567196608,0.08223506584763526,0.02036765031516552,0.2792491167783737,0.40395087748765945,0.9954681158065796,0.7967559695243835,0.16412274464964866,0.584301745891571,-4.774337652090533,36.290855369371,13.64169117537406,3.3126710857242756,-2.7956839135849685,-8.412866453963742,True,True,False,not_dual_endpoint_improved,False
A6PX-P144-0253,O=C(Nc1ccccc1)N1CCC2(CC1)CN(C(=O)N1CCNCC1)Cc1ncnn12,146_p35348_full,full,P35348__P35368,P35348,P35368,146_p35348_full::ZINC000096144815,ZINC000096144815,0.35,424.5090000000001,1.1421000000000001,98.63,1,2,6,0.7154910369474379,3.488556394132914,-9.436,-7.043,-2.393,-2.2460000000000004,0.10644664808667705,-2.3369999999999997,-0.05600000000000005,True,False,0.023676709923893213,0.7669919848442077,0.3811711877584457,0.0008803039003396407,0.036837547458708285,0.02195102982223034,0.004539575357921421,0.03793075326830149,0.051358499005436896,0.24513230919837953,0.49453694820404054,0.9636939883232116,0.5237827003002167,0.05460880883038044,0.48895620703697207,-5.3251644219935415,-14.640509498794604,4.479335550589734,28.50718231643642,-2.3693575667378637,-7.220477492748546,False,False,False,not_evaluated_cross_domain_gate,False
A6PX-P144-0221,O=C(Nc1ccccc1)N1CCC2(CC1)CN(C(=O)N1CCOCC1)Cc1n[nH]n12,146_p35348_full,full,P35348__P35368,P35348,P35368,146_p35348_full::ZINC000096144815,ZINC000096144815,0.4266666666666667,413.48200000000014,1.5021999999999995,98.73000000000002,1,2,5,0.740238689250729,3.488341439321885,-9.593,-7.217,-2.3820000000000006,-2.319,0.030180935851773876,-2.3369999999999997,-0.04500000000000082,True,False,0.0475470048841089,0.8790715098381042,0.5456444323062897,0.0014638601860497147,0.04196001961827278,0.02300026472657919,0.003099286847282201,0.03661437965929508,0.035423627309501174,0.13849907666444777,0.484089720249176,0.9771336913108826,0.3554264783859253,0.04972513020038605,0.3459082514047623,-5.14569030876641,8.818738690435804,3.5645517900644466,-4.93737962668377,-2.336317760139122,-9.166432559731978,False,False,False,not_evaluated_cross_domain_gate,False
A6PX-P150-0061,CN(C)C(=O)N[C@H]1CCN(C(=O)NC2CCN(C(=O)c3ccccc3)CC2)C1,148_p35372_full,full,P35346__P35372,P35372,P35346,148_p35372_full::ZINC000676291635,ZINC000676291635,0.543859649122807,387.4840000000002,1.3463000000000012,84.99,3,2,3,0.8209857006326782,2.6589766331087983,-8.054,-5.355,-2.699,-2,0.4761239334459042,-2.5170000000000003,-0.1819999999999995,True,False,0.05937053700909019,0.8440177083015442,0.4946544110774994,0.003461097797844559,0.022346460446715354,0.01004574573598802,0.013267512037418782,0.014368320349603891,0.07459482997655868,0.14642039760947229,0.24927855283021927,0.9261910319328308,0.7416011810302734,0.020953323040157557,0.4592702329158783,-5.0828120419955365,-2.639775530499425,-32.90019456554978,-4.311139712885938,-2.0092189330482833,-6.455918531536028,True,True,True,dual_endpoint_improved,True
A6PX-P150-0071,CCC(=O)NC1CCN(C(=O)NC2CCN(C(=O)c3ccccn3)CC2)CC1,148_p35372_full,full,P35346__P35372,P35372,P35346,148_p35372_full::ZINC000676291635,ZINC000676291635,0.40625,387.4840000000003,1.3863999999999999,94.64,4,2,4,0.8161721149391666,2.2682817754318947,-7.948,-5.331,-2.604,-2.5069999999999997,0.062473105324522514,-2.5170000000000003,-0.08699999999999974,True,False,0.04805483613163233,0.8227891445159912,0.6411406517028808,0.0015514537633862346,0.02062399182468653,0.016336352610960603,0.00406647966010496,0.007435304322279989,0.04324146546423435,0.17745245844125748,0.31519572585821154,0.9561397671699524,0.7889891266822815,0.01028216308914125,0.2505828827619553,-5.192203660693212,15.931555044946933,-26.063656349255687,8.068525861051524,-2.1405805184453266,1.2374813458533478,True,True,True,dual_endpoint_improved,True
A6PX-P148-0188,Cc1c[nH]c2cc(C(=O)N[C@H](C)C(O)=C3CCC[C@@H](C(C)OC(C)(C)C)C3)nc-2n1,149_mor_full,full,P35372__P41143,P35372,P41143,149_mor_full::ZINC000019221396,ZINC000019221396,0.22916666666666666,414.5500000000001,3.963720000000003,96.97000000000001,6,2,5,0.7455470697698082,4.258961393338533,-6.829,-5.298,-1.42,-1.2809999999999997,0.10227522780332597,-0.4930000000000003,-0.9269999999999996,False,True,0.579044622182846,0.9010154724121093,0.9522700548171997,0.12290003392845392,0.4120092660188675,0.5403676927089691,0.01807870257180184,0.6702418148517608,0.2429905503988266,0.22841796875,0.7104356050491333,0.9999443173408509,0.9809393286705017,0.731617271900177,0.6054207921028137,-4.919494376232363,73.6454611977322,47.79164035144852,35.67655882834235,-4.0076734645389305,2.3051242610211373,False,False,False,not_evaluated_cross_domain_gate,False
A6PX-P148-0189,CC(NC(C)(C)C)=C1CC[C@@H]2C[C@](C)(NC(=O)c3cc4cc(C)c(C)nc4n3C)C(=O)N2C1,149_mor_full,full,P35372__P41143,P35372,P41143,149_mor_full::ZINC000019221396,ZINC000019221396,0.14018691588785046,451.6150000000003,3.7354400000000023,79.26,3,2,5,0.7452365413759385,4.266199429201835,-7.349,-6.195,-1.1280000000000001,-1.096,0.07005394746590338,-0.4930000000000003,-0.6349999999999998,True,False,0.2473692625761032,0.6615787744522095,0.6165389657020569,0.02200696226209402,0.07680118493735791,0.15724985152482987,0.06678029671311378,0.7266537070274353,0.1297496125102043,0.509200370311737,0.607719087600708,0.998444402217865,0.9813256859779358,0.43836414217948916,0.7232370376586914,-5.095365673116033,7.850373298638962,60.04708978379206,73.89617713747086,-3.5313826118460705,-0.2724044104882828,True,False,False,seed_baseline_missing_or_failed,False
A6PX-P148-0107,C[C@@H](NC(=O)c1ccc(OC(F)(F)F)cc1)C(=O)N1CCC[C@H](C(=O)CS(C)(=O)=O)C1,149_mor_partial,partial,P35372__P41143,P35372,P41143,149_mor_partial::ZINC000019221396,ZINC000019221396,0.56,464.46200000000016,1.5558,109.85,7,1,6,0.6559445775488454,3.2046964325654894,-6.122,-4.874,-1.5809999999999995,-1.0350000000000001,0.2723604637648829,-0.4930000000000003,-1.0879999999999992,False,False,0.18133269101381302,0.9056701898574829,0.8553324460983276,0.020174815319478512,0.1105970099568367,0.07711932584643363,0.10354440212249756,0.30696686208248136,0.3864626377820969,0.22864189743995667,0.5974363088607788,0.9887983441352844,0.8456504821777344,0.2919756054878235,0.3248858243227005,-4.837877786243509,5.779368685619735,-6.681635962096617,-3.955211902452434,-2.822199984383127,-0.49867215524444647,False,False,False,not_evaluated_cross_domain_gate,False
A6PX-P148-0056,C[C@@H](NC(=O)Nc1ccc(Cl)cc1)C(=O)N1CCC[C@H](C(=O)CS(C)(=O)=O)C1,149_mor_partial,partial,P35372__P41143,P35372,P41143,149_mor_partial::ZINC000019221396,ZINC000019221396,0.547945205479452,429.92600000000016,1.7023000000000001,112.65,6,2,5,0.714181273985257,3.077889808282599,-6.199,-4.645,-1.5249999999999995,-1.3339999999999996,0.27187292783373823,-0.4930000000000003,-1.0319999999999991,True,False,0.017824513046070932,0.9317863583564758,0.778941023349762,0.011335230385884642,0.3574559688568115,0.09059086441993713,0.08669339492917061,0.4075454533100128,0.2723772585391998,0.23512865602970123,0.6027239024639129,0.9957573056221009,0.7966735124588012,0.16012109071016312,0.14773624986410142,-4.983769344472688,21.80529834486849,-19.247525454670573,7.946564009894819,-3.694979466686199,-0.6395898359007508,True,False,False,seed_baseline_missing_or_failed,False
A6PX-P148-0112,CCNc1ccc(C(=O)N[C@H](C)C(=O)N2CCC[C@H](C(=O)CS(C)(=O)=O)C2)cc1C,149_mor_partial,partial,P35372__P41143,P35372,P41143,149_mor_partial::ZINC000019221396,ZINC000019221396,0.5866666666666667,437.5620000000002,1.397420000000001,112.65,8,2,6,0.6356651633497458,3.206122265768834,-5.716,-4.38,-1.3580000000000005,-1.1609999999999996,0.10977654070378133,-0.4930000000000003,-0.8650000000000002,True,False,0.0765961691737175,0.8353093504905701,0.7087933182716369,0.007665641722269356,0.09855243936181068,0.06124402591958642,0.036124991811811925,0.21187805831432344,0.3494404464960098,0.1695767819881439,0.5258334457874299,0.9878782749176025,0.8444827795028687,0.14769518449902536,0.2962363675236702,-5.25039576963505,27.72741009153092,-4.625879268517309,24.2606599513501,-2.474735740711014,6.923802796673795,True,False,False,seed_baseline_missing_or_failed,False
A6PX-P148-0034,C[C@@H](NC(=O)c1ccc2[nH]ccc2c1)C(=O)N1CCC[C@H](C(=O)CS(C)(=O)=O)C1,149_mor_partial,partial,P35372__P41143,P35372,P41143,149_mor_partial::ZINC000019221396,ZINC000019221396,0.5866666666666667,419.50300000000016,1.1385000000000003,116.41,6,2,5,0.7282778120371834,3.2892985819022957,-5.811,-4.586,-1.1380000000000008,-1.0739999999999998,0.06188340290865993,-0.4930000000000003,-0.6450000000000005,True,True,0.03596602603793144,0.7921469926834106,0.7048387885093689,0.039172503910958764,0.16406140699982644,0.10372739285230637,0.043070634454488756,0.2744162708520889,0.14468288719654082,0.183664670586586,0.7470902323722839,0.9974158883094788,0.7147586464881897,0.18275999948382377,0.2821719408035278,-5.500771783874424,49.245527793754164,-3.23443411540947,-4.12553145805572,-3.461468514896187,4.207139145949297,True,False,False,seed_baseline_missing_or_failed,False
A6PX-P014-0161,Cc1nc2c(c(O)c1CCC(=O)N1Cc3ccccc3C[C@@H]1C(=O)O)[C@@H](C)CC2,14_p07550_full,full,P07550__P08588,P07550,P08588,14_p07550_full::ZINC000032893021,ZINC000032893021,0.4050632911392405,394.4710000000001,2.7037200000000006,90.47,4,2,3,0.8342566756965224,3.5367063169450326,-7.177,-4.942,-2.1659999999999995,-1.6559999999999997,0.2647783139827648,-0.12399999999999967,-2.042,True,True,0.056271113082766534,0.7307952165603637,0.8858396887779236,0.03160793669521809,0.3226130872964859,0.3421268105506897,0.08585315048694611,0.4615702688694,0.09405691921710968,0.12563157677650452,0.7110539197921752,0.9942860245704651,0.5159189403057098,0.2514930471777916,0.12111502289772033,-5.790318741549027,-7.876131474412316,-0.19310253279386558,-11.086462363727403,-2.8405717463321363,1.8832780647963823,True,False,False,seed_baseline_missing_or_failed,False
A6PX-P014-0001,NC(=O)[C@H]1Cc2ccccc2CN1C(=O)CCc1ccccc1,14_p07550_partial,partial,P07550__P08588,P07550,P08588,14_p07550_partial::ZINC000032893021,ZINC000032893021,0.55,308.38100000000003,2.0580000000000003,63.4,4,1,2,0.93940821108467,2.3935540327043814,-5.842,-4.754,-1.255,-1.088,0.1278775455921278,-0.12399999999999967,-1.1310000000000002,False,False,0.43066062331199645,0.9694994926452637,0.9268064856529236,0.18244460076093674,0.7061367273330689,0.24953688383102418,0.042405414208769796,0.2733838349580765,0.27955008298158646,0.09172883108258248,0.36656383872032167,0.9994407176971436,0.9263819813728332,0.1968417599797249,0.40456012189388274,-4.843943710338785,43.712711420070015,40.45776708027525,6.5332312854298635,-2.982253404921706,-0.8909437167608598,False,False,False,not_evaluated_cross_domain_gate,False
A6PX-P149-0105,COc1cc2c(cc1O)C[N@H+](C(=O)[C@H]1CCCN1C(=O)c1cc3c([nH]1)CCC3)CC2,151_mor_full,full,P35372__P41146,P35372,P41146,151_mor_full::ZINC000674530781,ZINC000674530781,0.3448275862068966,409.4860000000003,2.4071000000000007,85.87,3,2,4,0.8152642901302666,3.1638082306700728,-6.362,-4.523,-1.9610000000000003,-1.1210000000000004,0.39716355433107003,-0.7549999999999999,-1.2060000000000004,False,False,0.1347567617893219,0.6816207647323609,0.6821245789527893,0.13452134802937507,0.7497263669967651,0.5503112375736237,0.059401870146393775,0.8282958030700683,0.03771168561652303,0.05690077189356089,0.592339152097702,0.9997838377952576,0.9133606314659118,0.5208459019660949,0.5042452335357666,-5.309995901562256,79.00168439367951,66.52800060604957,-24.030001026098486,-4.34113519732234,0.4770480022338611,False,False,False,not_evaluated_cross_domain_gate,False
A6PX-P149-0125,COc1cc2c(cc1O)CC(=C(O)[C@H]1CCCN1C(=O)c1ccc3c(c1)CCC3)N(C)C2,151_mor_full,full,P35372__P41146,P35372,P41146,151_mor_full::ZINC000674530781,ZINC000674530781,0.3181818181818182,434.5360000000003,3.119900000000002,70.08,4,1,5,0.800811714458313,3.4391372413230776,-6.753,-4.706,-1.7439999999999998,-1.6419999999999995,0.19724998239684507,-0.7549999999999999,-0.9889999999999999,False,False,0.24741995632648467,0.8214616656303406,0.7958931207656861,0.05933023262768984,0.5754746437072754,0.3054934233427048,0.0980973981320858,0.5778227329254151,0.0876815065741539,0.18508933410048484,0.4873670399188995,0.9994777083396912,0.9559728741645813,0.8777935743331909,0.4999779284000397,-4.805677869461585,76.91228569305542,72.20090115021102,-0.9001007275279911,-4.345696582783306,2.2352955639545313,False,False,False,not_evaluated_cross_domain_gate,False
A6PX-P149-0149,COc1cc2c(cc1C)CN(C(=O)[C@H]1CCCN1C(=O)c1cnc3n1CCC3)CC2,151_mor_full,full,P35372__P41146,P35372,P41146,151_mor_full::ZINC000674530781,ZINC000674530781,0.3522727272727273,408.50200000000024,2.335820000000001,67.67,3,0,5,0.7818873472248127,3.1901787136754383,-6.428,-4.872,-1.545,-1.415,0.31748000811949656,-0.7549999999999999,-0.79,False,False,0.1276151120662689,0.7826111912727356,0.7861630082130432,0.017277960665524006,0.5319638431072236,0.3229162901639938,0.03737752940505743,0.8424879670143127,0.032629046309739354,0.11062051653862,0.621586698293686,0.9998802423477173,0.9918499827384949,0.7746289968490601,0.6938242197036744,-4.734250374699275,59.085861557003135,77.80145094207187,-15.231765130808208,-2.9092914054911345,0.7733251307511886,False,False,False,not_evaluated_cross_domain_gate,False
A6PX-P149-0113,CCc1nc2n(c1C)CN(C[C@H]1CCCN1C(=O)c1ccc(OC)nc1)C2,151_mor_full,full,P35372__P41146,P35372,P41146,151_mor_full::ZINC000674530781,ZINC000674530781,0.2604166666666667,369.4690000000001,2.2354199999999995,63.49000000000001,5,0,6,0.8087643837095065,3.367201260529608,-6.413,-4.892,-1.4429999999999996,-1.2690000000000001,0.17531368711224168,-0.7549999999999999,-0.6879999999999997,True,False,0.3702973484992981,0.8692133665084839,0.868009090423584,0.007078058738261461,0.031131394580006598,0.0188779192045331,0.1128457996994257,0.38893731832504275,0.017973673529922962,0.48377854824066163,0.21502926349639892,0.9998281359672546,0.983376657962799,0.22480509877204896,0.6826136112213135,-4.646437464233352,60.582796733650675,72.30281465937848,-33.909212421061206,-2.0752937604277024,1.9961025286489282,True,False,False,seed_baseline_missing_or_failed,False
A6PX-P149-0096,CC[C@@H](NC(=O)c1ccc2c(c1)CCC2)C(=O)N1CCc2cc(OC)c(F)cc2C1,151_mor_full,full,P35372__P41146,P35372,P41146,151_mor_full::ZINC000674530781,ZINC000674530781,0.24731182795698925,410.4890000000003,3.4163000000000023,58.64,5,1,3,0.8218598149344114,2.820963709992391,-7.214,-5.794,-1.4200000000000008,-1.0179999999999998,0.29421345237013796,-0.7549999999999999,-0.6650000000000009,True,False,0.5943194448947906,0.9210382461547851,0.923676323890686,0.20338586270809172,0.8621044993400574,0.6061255455017089,0.11947851479053498,0.836579430103302,0.32875771522521974,0.10452945902943611,0.7118949651718139,0.9998755812644958,0.9669166326522827,0.9001277923583985,0.8546329855918884,-4.61714112469207,57.491348780762664,105.81846139551126,12.438182364552365,-3.875366165591558,2.65721884253898,True,False,False,seed_baseline_missing_or_failed,False
A6PX-P149-0071,COc1cc2c(cc1O)CN(C(=O)[C@H]1CCCN1C(=O)c1ccc3c(c1)CCC3)C2,151_mor_full,full,P35372__P41146,P35372,P41146,151_mor_full::ZINC000674530781,ZINC000674530781,0.4177215189873418,406.48200000000026,3.036500000000002,70.08000000000001,3,1,4,0.8507161440880107,2.8758452610815226,-6.736,-4.092,-1.2460000000000004,-1.1369999999999996,0.7633235807237252,-0.7549999999999999,-0.49100000000000055,False,False,0.2828340262174606,0.7865204572677612,0.7367445826530457,0.1124707281589508,0.8013901829719543,0.5907391130924224,0.05798553600907326,0.7838698387145996,0.08433056930080056,0.0733548866584897,0.6149285197257995,0.9996254801750183,0.9623466253280639,0.7302019953727722,0.595146918296814,-5.024563795870941,77.00333654393405,82.73860261961065,-10.005824252445136,-4.3255647068301135,0.21930311735884053,False,False,False,not_evaluated_cross_domain_gate,False
A6PX-P149-0288,CC[C@@H](NC(=O)c1ccc2[nH]ccc2c1)C(=O)[N@@H+]1CCc2cc(OC)c(O)cc2C1,151_mor_full,full,P35372__P41146,P35372,P41146,151_mor_full::ZINC000674530781,ZINC000674530781,0.21,407.47000000000014,2.9754000000000014,94.66,5,3,4,0.6060439595855556,2.9176668774132057,-6.963,-5.041,-1.1959999999999997,-1.0279999999999996,0.6630516990066128,-0.7549999999999999,-0.44099999999999984,False,False,0.30213884711265565,0.40549244582653043,0.6265016317367553,0.39117284417152404,0.716899859905243,0.6469493746757508,0.14843131303787233,0.7714828848838806,0.0663037283346057,0.09344118312001229,0.7554029822349548,0.9984920859336853,0.8043907284736633,0.6149429261684418,0.7107830286026001,-5.637245992010909,58.868352088861016,65.39926586619079,-14.533191452873632,-4.712726213849349,-0.8670265143091971,False,False,False,not_evaluated_cross_domain_gate,False
A6PX-P149-0115,COc1cc2c(cc1O)CN(C(O)[C@H]1CCCN1C(=O)c1cc3n(c1)CCC3)CC2,151_mor_full,full,P35372__P41146,P35372,P41146,151_mor_full::ZINC000674530781,ZINC000674530781,0.2268041237113402,411.5020000000003,2.1298000000000004,78.17000000000002,4,2,6,0.8060254696084819,3.8325943389153263,-6.172,-5.008,-1.178,-1.008,0.1263601554640105,-0.7549999999999999,-0.42300000000000004,False,False,0.19910995215177535,0.5249886631965637,0.5333003282546998,0.009257503389380872,0.08490994945168495,0.04740100968629122,0.08848713897168636,0.22857509851455687,0.03647084040567279,0.197614648938179,0.16839202642440795,0.9972242712974548,0.7248090147972107,0.6741020798683166,0.6394952595233917,-5.215200672978028,43.12525251232812,50.76593784981138,12.476086415201229,-3.2594239948715518,-3.8081461544882886,False,False,False,not_evaluated_cross_domain_gate,False
A6PX-P149-0034,CCn1nc2c(cc1=O)CN(C(=O)[C@H]1CCCN1C(=O)c1ccc3c(c1)N=NC3C)CC2,151_mor_partial,partial,P35372__P41146,P35372,P41146,151_mor_partial::ZINC000674530781,ZINC000674530781,0.7123287671232876,434.50000000000017,2.6110000000000007,100.23,3,0,7,0.7411446786161648,3.8302317468175833,-7.082,-5.204,-1.9479999999999995,-1.0300000000000002,0.43274935008616694,-0.7549999999999999,-1.1929999999999996,False,False,0.10594258457422256,0.7913059592247009,0.7677327632904053,0.00188195558876032,0.0437981921248138,0.05888959411531687,0.0022735358972568063,0.23964217603206633,0.16463706344366075,0.04344750940799713,0.8122777581214905,0.9987135887145996,0.9472165465354919,0.470508000254631,0.4503181278705597,-4.808722017919074,45.50798723163524,36.74863513067812,17.371340379936857,-3.522711150863144,-2.8139934314153536,False,False,False,not_evaluated_cross_domain_gate,False
A6PX-P149-0031,CCn1nc2c(cc1=O)CN(C(=O)[C@H]1CCCN1C(=O)c1ccc3c(c1)COC3)CC2,151_mor_partial,partial,P35372__P41146,P35372,P41146,151_mor_partial::ZINC000674530781,ZINC000674530781,0.7536231884057971,422.48500000000024,1.4828999999999994,84.74000000000001,3,0,6,0.7482181625581851,3.2424036630265096,-6.272,-4.686,-1.5970000000000004,-1.013,0.29155826557006126,-0.7549999999999999,-0.8420000000000005,False,False,0.10440159440040589,0.7868295073509216,0.7063777923583985,0.0035046108649112286,0.11572687923908234,0.06791748404502869,0.00684592155739665,0.41661214232444765,0.0799766518175602,0.11089599877595901,0.7730353236198425,0.9984416246414185,0.9616543412208557,0.4875535547733307,0.3041291117668152,-4.936412239793066,53.20108511207675,58.030496513625394,23.13249358863704,-2.0562377264039045,-1.6304085011161238,False,False,False,not_evaluated_cross_domain_gate,False
A6PX-P149-0005,CCn1nc2c(cc1=O)CN(C(=O)[C@H]1CCCN1C(=O)c1ccc(NC)c(C)c1)CC2,151_mor_partial,partial,P35372__P41146,P35372,P41146,151_mor_partial::ZINC000674530781,ZINC000674530781,0.7083333333333334,423.51700000000017,1.8028199999999992,87.54,4,1,6,0.8103881110575941,3.0925372785005356,-6.675,-5.128,-1.5279999999999996,-1.0300000000000002,0.49654897934532993,-0.7549999999999999,-0.7729999999999997,False,False,0.08165478035807609,0.7622469305992127,0.7346087694168091,0.00281062024878338,0.0684479210525751,0.0693786496296525,0.007281504571437836,0.4142594039440155,0.15711358934640884,0.12034077495336533,0.8067573785781861,0.9985005140304566,0.9397414803504944,0.2805116981267929,0.5123475015163421,-5.055029367090198,42.298217095106715,49.04278706862632,20.788854859577945,-2.8617702407191303,2.784477859829839,False,False,False,not_evaluated_cross_domain_gate,False
A6PX-P149-0035,CCn1nc2c(cc1=O)CN(C(=O)[C@H]1CCCN1C(=O)c1ccc(F)c(OC)c1)CC2,151_mor_partial,partial,P35372__P41146,P35372,P41146,151_mor_partial::ZINC000674530781,ZINC000674530781,0.6986301369863014,428.46400000000017,1.6003999999999994,84.74000000000001,4,0,6,0.7386930757872877,3.0363218938851517,-6.215,-4.697,-1.4900000000000002,-1.3650000000000002,0.14349525737420324,-0.7549999999999999,-0.7350000000000003,False,True,0.1825049862265587,0.9234996438026428,0.8807768821716309,0.0018507310654968024,0.11814749464392663,0.09184349365532399,0.0042348216287791726,0.47860568165779116,0.08948891833424569,0.07204898819327354,0.8426280736923217,0.9998427152633667,0.9819172739982605,0.5352419644594193,0.41697332859039304,-4.50211541614002,44.24735337200203,63.97111383257902,-25.796747891466076,-2.107174265025054,0.4149569718240951,False,False,False,not_evaluated_cross_domain_gate,False
A6PX-P149-0011,CCn1nc2c(cc1=O)CN(C(=O)[C@H]1CCCN1C(=O)c1ccc3c(c1C)CCN3)CC2,151_mor_partial,partial,P35372__P41146,P35372,P41146,151_mor_partial::ZINC000674530781,ZINC000674530781,0.6025641025641025,435.52800000000025,1.7291199999999995,87.54,3,1,6,0.7934806081098735,3.3608409756145345,-6.922,-5.405,-1.4769999999999994,-1.3449999999999998,0.1592984620139192,-0.7549999999999999,-0.7219999999999995,False,False,0.08396693393588066,0.780911386013031,0.6695305109024048,0.003914420044748112,0.11247484646737575,0.10560869760811328,0.013262154441326857,0.5827762842178345,0.13815867863595485,0.12161644771695138,0.8038191318511962,0.9990052223205567,0.9465643167495728,0.38553780913352964,0.5498039484024048,-5.092304835056623,40.876268921143506,55.4538783641858,26.873716772977794,-3.055681979403298,1.3426501070249255,False,False,False,not_evaluated_cross_domain_gate,False
A6PX-P149-0020,CCn1nc2c(cc1=O)CN(C(=O)[C@H]1CCCN1C(=O)c1cc(OC)c(O)cc1C)CC2,151_mor_partial,partial,P35372__P41146,P35372,P41146,151_mor_partial::ZINC000674530781,ZINC000674530781,0.6103896103896104,440.5000000000002,1.4753199999999997,104.97000000000001,4,1,7,0.7721740589861298,3.1708172765823672,-6.299,-4.968,-1.3419999999999996,-1.3010000000000002,0.12440346547513113,-0.7549999999999999,-0.5869999999999997,True,False,0.11235943213105201,0.534930843114853,0.7075064420700073,0.0020914669148623943,0.08007721304893493,0.10230313912034035,0.005442714947275817,0.5956996738910675,0.04094556262716651,0.04641212373971939,0.7434507608413696,0.9990750908851623,0.9190727233886719,0.29921003580093386,0.2978204727172852,-5.253206241967555,63.33044345576154,72.7170570992123,-22.723556220778928,-3.4217960620483354,3.586961843378867,True,False,False,seed_baseline_missing_or_failed,False
A6PX-P149-0022,CCn1nc2c(cc1=O)CN(C(=O)[C@H]1CCCN1C(=O)c1cc(F)cc(F)c1)CC2,151_mor_partial,partial,P35372__P41146,P35372,P41146,151_mor_partial::ZINC000674530781,ZINC000674530781,0.7164179104477612,416.4280000000001,1.7308999999999997,75.51,3,0,5,0.7639030458000353,3.0981595212399666,-6.422,-5.153,-1.2690000000000001,-1.1219999999999999,0.17048232231589977,-0.7549999999999999,-0.5140000000000002,False,False,0.13451068699359894,0.9497544884681701,0.8654846549034119,0.002556479233317077,0.11711542084813117,0.07774038575589656,0.0038016200996935368,0.1974184364080429,0.15016277208924295,0.11187766641378402,0.8234878897666931,0.9995214223861695,0.9796783685684204,0.45917154252529147,0.4284062564373016,-4.603630508131877,44.22418105565751,42.69010785904209,1.3731968277106503,-2.6998623965548827,0.7745019851905207,False,False,False,not_evaluated_cross_domain_gate,False
A6PX-P149-0032,CCn1nc2c(cc1=O)CN(C(=O)[C@H]1CCCN1C(=O)CCc1cccs1)CC2,151_mor_partial,partial,P35372__P41146,P35372,P41146,151_mor_partial::ZINC000674530781,ZINC000674530781,0.5974025974025974,414.5310000000002,1.8331999999999995,75.51,5,0,6,0.7481471578797706,3.143383191699156,-6.103,-4.814,-1.2530000000000001,-1.0629999999999997,0.21308110088779705,-0.7549999999999999,-0.4980000000000002,False,False,0.11463682800531387,0.9007534742355346,0.5421927452087403,0.008874855889007448,0.37172257900238037,0.14247314035892486,0.03875152096152305,0.7679791688919068,0.08024009689688683,0.1266484037041664,0.6571448504924774,0.9996034264564514,0.9746027827262879,0.476718533039093,0.38642952144145964,-5.3519367880568165,89.16421245534325,52.821067913821636,9.730677352573267,-2.0770201755283453,-2.8983832848124407,False,False,False,not_evaluated_cross_domain_gate,False
A6PX-P149-0014,CCn1nc2c(cc1=O)CN(C(=O)[C@H]1CCCN1C(=O)c1cc(OC)ccc1O)CC2,151_mor_partial,partial,P35372__P41146,P35372,P41146,151_mor_partial::ZINC000674530781,ZINC000674530781,0.618421052631579,426.4730000000002,1.1668999999999996,104.97000000000001,4,1,7,0.7869280181751979,3.0755033262458955,-5.985,-4.715,-1.242,-1.2190000000000003,0.11611010100570723,-0.7549999999999999,-0.4870000000000001,False,False,0.1509563907980919,0.4222282409667969,0.7077558040618896,0.0038865230977535247,0.11320612728595733,0.09971777871251106,0.00530128984246403,0.43187161684036257,0.04999342644587159,0.05789955481886864,0.7542407631874084,0.9986668229103088,0.9014351010322571,0.22968422174453734,0.24645624160766602,-5.171508644383257,63.859081929088305,59.52819355738783,-18.256723535909405,-3.358728732994453,4.640749269839174,False,False,False,not_evaluated_cross_domain_gate,False
A6PX-P149-0021,CCn1nc2c(cc1=O)CN(C(=O)[C@H]1CCCN1C(=O)c1cccc(F)c1F)CC2,151_mor_partial,partial,P35372__P41146,P35372,P41146,151_mor_partial::ZINC000674530781,ZINC000674530781,0.6351351351351351,416.4280000000001,1.7308999999999999,75.51,3,0,5,0.7639030458000354,3.0973930377234833,-6.512,-5.225,-1.1759999999999993,-1.1080000000000005,0.1408837187975323,-0.7549999999999999,-0.4209999999999994,True,False,0.14602356255054474,0.9741252183914184,0.8570099830627441,0.0024466743983794005,0.19188906252384186,0.08664446622133255,0.00498718258459121,0.36597532629966734,0.12089546620845795,0.08895057141780853,0.8058101534843445,0.9998738646507264,0.9822577953338623,0.5828182697296143,0.4020102292299271,-4.5884217589956755,53.1657485091554,54.36645851840253,-19.69791681916254,-2.642969418372118,1.5490021535979013,True,False,False,seed_baseline_missing_or_failed,False
A6PX-P149-0026,CCc1cccc(C(=O)N2CCC[C@@H]2C(=O)N2CCc3nn(CC)c(=O)cc3C2)n1,151_mor_partial,partial,P35372__P41146,P35372,P41146,151_mor_partial::ZINC000674530781,ZINC000674530781,0.6438356164383562,409.4900000000002,1.4100999999999992,88.4,4,0,6,0.761894399772392,3.176814750716373,-6.112,-5.045,-1.0910000000000002,-1.0670000000000002,0.025961509971494216,-0.7549999999999999,-0.3360000000000003,False,False,0.10268902108073234,0.8162414789199829,0.7684789538383484,0.002668680029455572,0.08968771621584892,0.059651998803019524,0.0042293601436540484,0.3023920297622681,0.08068834580481052,0.14199842810630797,0.7612297356128692,0.9994415760040283,0.985528039932251,0.3909558102488518,0.32896738648414614,-5.019716167223242,66.27482002955449,61.09766600362194,-5.307362899164614,-2.2115416555393894,3.347132390470867,False,False,False,not_evaluated_cross_domain_gate,False
A6PX-P153-0188,CN1Cc2nc(C(=O)NCc3ccccc3)cn2C[C@]1(C)C(=O)NC1=CCCC=C1,153_p41143_full,full,P41143__P41145,P41143,P41145,153_p41143_full::ZINC000021875214,ZINC000021875214,0.2765957446808511,405.50200000000024,2.3673,79.26,5,2,5,0.8005303914329203,3.6288973183266027,-7.149,-5.795,-1.354,-1.0629999999999997,0.1423867971407463,-0.7730000000000006,-0.5809999999999995,True,False,0.6266255438327789,0.7090407013893127,0.7620222091674804,0.019653183966875078,0.41624718308448794,0.3660731464624405,0.23191580176353455,0.7088061571121216,0.2504613608121872,0.36584397554397585,0.6141925394535065,0.9991944789886474,0.9072824478149414,0.6321640491485596,0.6200563013553619,-5.010242890512629,45.04635149287081,64.05808258874985,29.017629417315256,-3.408153135919558,3.807880923468906,True,True,True,dual_endpoint_improved,True
A6PX-P153-0200,CN1C(=O)n2cc(C(=O)NCn3cccn3)nc2C[C@]1(C)C(=O)NC1CCCCC1,153_p41143_full,full,P41143__P41145,P41143,P41145,153_p41143_full::ZINC000021875214,ZINC000021875214,0.40229885057471265,413.4820000000003,1.1306999999999987,114.15,5,2,7,0.7627399464437784,3.7363296828430697,-6.427,-5.299,-1.117,-1,0.15307151560263876,-0.7730000000000006,-0.3439999999999994,True,False,0.5601036071777343,0.7964091658592224,0.8063282012939453,0.002372515403840225,0.04954707324504852,0.061013737600296734,0.015915519348345696,0.20468517988920212,0.1384116679430008,0.4046848326921463,0.8206475019454956,0.9970596075057984,0.7624129295349121,0.11410047188401222,0.23169516772031784,-4.968077555478472,49.505998698778626,40.22402981138928,15.913594743709854,-3.5733051283684767,7.288468521335991,False,False,False,not_evaluated_cross_domain_gate,False
A6PX-P155-0239,CC(=O)Nc1ccc(S(N)(=O)=O)cc1C(=O)N1C[C@H]2CCCC3C(=O)CC[C@@H](C1)C32,155_p41145_full,full,P35372__P41145,P41145,P35372,155_p41145_full::ZINC000095461549,ZINC000095461549,0.3176470588235294,433.5300000000003,1.7597999999999994,126.63999999999999,3,2,5,0.7509477924209936,3.7657420461561824,-8.698,-6.653,-2.045000000000001,-2.0250000000000004,0.08571399470850014,-1.5420000000000007,-0.5030000000000001,True,False,0.062250527646392585,0.8791814804077148,0.8444190740585327,0.004414339596405625,0.04800937427207828,0.023336318135261536,0.03414656799286604,0.2915418282151222,0.12806241512298583,0.19137675315141678,0.604053544998169,0.9956279039382935,0.8589375972747803,0.13537684157490731,0.1910312533378601,-5.321121458769082,47.160670167496676,1.8693366589017983,-11.311057275057815,-3.7803848335500554,5.569864610949972,True,True,False,not_dual_endpoint_improved,False
A6PX-P155-0242,CC(=O)Nc1ccc(S(C)(=O)=O)cc1C(=O)N1CC[C@@H]2[C@@H](CNC(=O)[C@@H]2C2CC2)C1,155_p41145_full,full,P35372__P41145,P41145,P35372,155_p41145_full::ZINC000095461549,ZINC000095461549,0.3950617283950617,433.53000000000026,1.2828,112.65,4,2,5,0.7428678033674905,3.6063225760778455,-7.899,-5.911,-1.9900000000000002,-1.9880000000000004,0.02217105219775417,-1.5420000000000007,-0.4479999999999995,True,False,0.04551585167646408,0.9520626425743103,0.6119213700294495,0.001884383801370859,0.051226260140538216,0.01626210957765579,0.037413589935749766,0.22037726640701294,0.08799929209053517,0.10384806469082833,0.5557990849018097,0.9899904131889343,0.6232657372951508,0.09336721003055573,0.3138362497091293,-5.180415387697764,0.0008540657416858721,-9.675110455868296,47.11735355251068,-3.3895943053454376,0.25289057226625966,True,True,False,not_dual_endpoint_improved,False
A6PX-P155-0246,CC(=O)Nc1ccc(S(N)(=O)=O)cc1C(=O)N1CCC2=C(C3CC3)N(C)C=NC2C1,155_p41145_full,full,P35372__P41145,P41145,P35372,155_p41145_full::ZINC000095461549,ZINC000095461549,0.2777777777777778,431.51800000000026,1.1446999999999992,125.16999999999997,4,2,6,0.7396348047482265,3.6048086233573624,-7.955,-5.907,-1.9669999999999996,-1.8730000000000002,0.3092744196771964,-1.5420000000000007,-0.42499999999999893,True,False,0.033252448914572595,0.8508337259292602,0.6045556724071502,0.006418535974808038,0.036470584012567996,0.025279659312218428,0.06012230291962624,0.18397405594587327,0.11633343175053597,0.1277431383728981,0.628100323677063,0.9933906555175781,0.5942740976810456,0.038496479671448466,0.20211386382579805,-5.428657213134563,7.930240277628689,9.691058738693787,3.7510013803613957,-3.1666551275710932,0.21865453531064158,False,False,False,not_evaluated_cross_domain_gate,False
A6PX-P155-0185,CC(=O)Nc1ccc(C(C)(C)O)cc1C(=O)N1C=CC2=C(C3CC3)C(C)=NC2C1,155_p41145_full,full,P35372__P41145,P41145,P35372,155_p41145_full::ZINC000095461549,ZINC000095461549,0.15306122448979592,393.4870000000002,3.391600000000002,82,4,2,4,0.8226104439980908,3.792634983677196,-8.05,-6.458,-1.6319999999999997,-1.2619999999999996,0.24233998156859496,-1.5420000000000007,-0.08999999999999897,True,False,0.18980004861950875,0.8885972738265991,0.8205777287483216,0.013633229956030845,0.23214129731059074,0.12507781721651554,0.0580289226025343,0.43540904521942136,0.33538729697465897,0.24165352880954744,0.5423864960670471,0.9981594443321228,0.8936274886131287,0.348698890209198,0.342254775762558,-4.62005897297449,23.527999252574148,42.99806989104974,5.901921426511866,-4.394089272690171,-2.1489853769077634,False,False,False,not_evaluated_cross_domain_gate,False
A6PX-P155-0178,CC(=O)Nc1ccc(C(N)=O)cc1C(=O)N1CCN2[C@H](CC[C@H]2C(C)C)C1,155_p41145_full,full,P35372__P41145,P41145,P35372,155_p41145_full::ZINC000095461549,ZINC000095461549,0.26744186046511625,372.4690000000001,1.6886999999999996,95.73999999999998,4,2,4,0.8406041431239776,3.1638865764810475,-7.507,-5.904,-1.6029999999999998,-1.508,0.050166389810974724,-1.5420000000000007,-0.060999999999999055,True,False,0.19978927671909333,0.8372008442878723,0.7939762473106384,0.00444268646533601,0.015071680396795272,0.012676633009687067,0.036473178490996364,0.04215834140777588,0.11230118796229363,0.3582394003868103,0.47077529430389403,0.9661346912384033,0.6889375567436218,0.04398537389934063,0.663224744796753,-5.259569777483678,-5.178886510555154,5.970910411120306,9.108138535914549,-3.1556752050035635,4.3863026271871774,True,True,False,not_dual_endpoint_improved,False
A6PX-P155-0237,CCc1c(O)ccc2c1CCN(C(=O)c1cc(C(N)=O)ccc1NC(C)=O)C2,155_p41145_full,full,P35372__P41145,P41145,P35372,155_p41145_full::ZINC000095461549,ZINC000095461549,0.16842105263157894,381.43200000000013,2.2104,112.72999999999999,4,3,4,0.7534549179405968,2.4201529992081188,-7.89,-6.34,-1.5499999999999998,-1.4160000000000004,0.06837153403768717,-1.5420000000000007,-0.007999999999999119,True,False,0.3725263923406601,0.7234544277191162,0.841158676147461,0.08635523915290833,0.10344488099217415,0.14560166969895363,0.030704158917069437,0.1562394991517067,0.2187348060309887,0.10381781309843063,0.5318622946739197,0.989009428024292,0.6485497117042541,0.13217974230647087,0.536964350938797,-5.501434558813722,30.97341310795636,25.961538554558803,-21.481023531589138,-4.124605051011365,1.668016653984664,True,True,False,not_dual_endpoint_improved,False
A6PX-P155-0038,NC(=O)c1ccc(C(=O)N2CC[C@@H]3[C@H](CCC(=O)N3C3CC3)C2)c(-c2ccccc2)c1,155_p41145_partial,partial,P35372__P41145,P41145,P35372,155_p41145_partial::ZINC000095461549,ZINC000095461549,0.48,417.50900000000024,3.0680000000000014,83.71,4,1,3,0.8298444499942805,3.1313579583890636,-8.745,-6.103,-2.6099999999999994,-1.8330000000000002,0.38977970986471583,-1.5420000000000007,-1.0679999999999987,True,False,0.13054732382297515,0.9154324054718017,0.8701552987098694,0.06587345600128174,0.2020309239625931,0.19918988198041915,0.02403933648020029,0.6198547422885895,0.052137904800474644,0.3617750555276871,0.5341111600399018,0.9991670846939087,0.9448317646980285,0.31167115122079847,0.6339850187301636,-5.040499756163876,17.245778484347372,35.2269553186592,-18.855278799009884,-4.107595380892795,0.8062578347536252,False,False,False,not_evaluated_cross_domain_gate,False
A6PX-P155-0112,CCC(O)=Nc1cc(C(N)=O)ccc1C(=O)N1CC[C@@H]2[C@H](CCC(=O)N2C2CC2)C1,155_p41145_partial,partial,P35372__P41145,P41145,P35372,155_p41145_partial::ZINC000095461549,ZINC000095461549,0.47435897435897434,412.49000000000024,1.7495,112.80999999999999,5,2,4,0.7669678447654851,3.2218343242592056,-8.383,-5.869,-2.4690000000000003,-2.4029999999999996,0.045585085280165874,-1.5420000000000007,-0.9269999999999996,True,False,0.09740228988230229,0.8986547470092774,0.6901588201522827,0.004370461707003415,0.025164547935128213,0.01967398840934038,0.01334849800914526,0.12488329857587814,0.038881087629124525,0.17350207418203353,0.34424092769622805,0.9933902859687805,0.7278141021728516,0.04136719945818186,0.3984743893146515,-5.231706896335543,6.713544135197606,5.842530715881869,-8.0933018847844,-3.929496033932481,5.123911404459619,False,False,False,not_evaluated_cross_domain_gate,False
A6PX-P155-0063,Cc1c(C(N)=O)nn(CC(C)C)c1C(=O)N1CC[C@@H]2[C@H](CCC(=O)N2C2CC2)C1,155_p41145_partial,partial,P35372__P41145,P41145,P35372,155_p41145_partial::ZINC000095461549,ZINC000095461549,0.43037974683544306,401.51100000000025,1.5619200000000002,101.52999999999999,5,1,5,0.808842377080368,3.6613753637912927,-7.98,-5.626,-2.4579999999999993,-2.1450000000000005,0.1914755568966671,-1.5420000000000007,-0.9159999999999986,True,False,0.11769011691212654,0.9660830616950988,0.7619020104408264,0.0028142972383648156,0.07692643515765667,0.044518225267529486,0.02366919182240963,0.32156991511583327,0.021367485355585813,0.2977143883705139,0.2287159651517868,0.9998119711875916,0.9738055229187011,0.13125199638307095,0.4604131817817688,-5.1207494387180335,36.63041275813689,38.09855183328981,-10.819286117390863,-3.7335477594140074,5.323063732441159,False,False,False,not_evaluated_cross_domain_gate,False
A6PX-P155-0020,Nc1cc([C@@H](C(=O)N2CC[C@@H]3[C@H](CCC(=O)N3C3CC3)C2)n2cccc2)ccn1,155_p41145_partial,partial,P35372__P41145,P41145,P35372,155_p41145_partial::ZINC000095461549,ZINC000095461549,0.43037974683544306,393.49100000000027,2.0566,84.46,4,1,5,0.8617012911421628,3.8928152709595727,-7.821,-5.456,-2.3969999999999994,-1.5759999999999996,0.3884450483087093,-1.5420000000000007,-0.8549999999999986,True,False,0.05210722731426358,0.949763298034668,0.7654247045516968,0.00037134316517040133,0.031249405071139335,0.029823776427656414,0.012846408225595952,0.3792469799518585,0.013452010834589601,0.33427377641201017,0.13878575563430787,0.9995165228843689,0.8822777271270752,0.04348291140049696,0.3794709324836731,-5.458515945543818,17.916731556719203,9.231946120870484,-26.70002459260602,-2.4041833459249813,2.666023732189393,False,False,False,not_evaluated_cross_domain_gate,False
A6PX-P155-0110,Cc1ccc(COS(N)(=O)=O)c(C(=O)N2CC[C@@H]3[C@H](CCC(=O)N3C3CC3)C2)c1,155_p41145_partial,partial,P35372__P41145,P41145,P35372,155_p41145_partial::ZINC000095461549,ZINC000095461549,0.5333333333333333,421.5190000000003,1.3306199999999997,110.01,5,1,5,0.7712460508889538,3.50634223574845,-8.199,-5.956,-2.2429999999999994,-1.4210000000000003,0.5111831591731306,-1.5420000000000007,-0.7009999999999987,True,False,0.4930773854255676,0.954799222946167,0.8508872985839844,0.009370998223312199,0.10134480074048043,0.023681625723838806,0.03982895282097161,0.5141788423061371,0.0886352725327015,0.466812390089035,0.23579969108104706,0.9991423964500428,0.9369480609893799,0.11385951042175294,0.44243565797805784,-5.085154808125679,19.69097805986474,22.868574782454363,11.769721851437996,-2.457224394060664,4.7063849899437935,False,False,False,not_evaluated_cross_domain_gate,False
A6PX-P155-0023,COc1cc(C(N)=O)c(C)c(C(=O)N2CC[C@@H]3[C@H](CCC(=O)N3C3CC3)C2)c1,155_p41145_partial,partial,P35372__P41145,P41145,P35372,155_p41145_partial::ZINC000095461549,ZINC000095461549,0.5352112676056338,385.4640000000002,1.7180199999999999,92.93999999999998,4,1,4,0.8540025423369272,3.3572505606880885,-7.951,-5.719,-2.2319999999999993,-1.4260000000000002,0.4969522668783747,-1.5420000000000007,-0.6899999999999986,True,False,0.10009322874248028,0.9137715101242065,0.9095998764038086,0.005402347398921847,0.04834500104188919,0.02342077950015664,0.011020970484241843,0.278970430791378,0.013971371809020638,0.1582404300570488,0.27394765615463257,0.9995275497436523,0.9610204815864563,0.08406756380572915,0.31297515630722045,-4.835774234374187,27.985946331255114,32.122974464142615,-23.421692846552254,-3.0889818654232433,5.359889931251372,False,False,False,not_evaluated_cross_domain_gate,False
A6PX-P155-0148,CC(C)COc1cc(S(N)(=O)=O)ccc1C(=O)N1CC[C@@H]2[C@H](CCC(=O)N2C2CC2)C1,155_p41145_partial,partial,P35372__P41145,P41145,P35372,155_p41145_partial::ZINC000095461549,ZINC000095461549,0.6164383561643836,449.5730000000003,1.9843,110.01,6,1,5,0.714104800444944,3.3544931332142385,-7.662,-5.63,-2.0700000000000003,-1.5249999999999995,0.4751044329641877,-1.5420000000000007,-0.5279999999999996,True,False,0.1009817399084568,0.81251620054245,0.73601393699646,0.004902570252306759,0.03720734678208828,0.03757078945636749,0.031326407101005316,0.4604328334331512,0.059992676600813866,0.16042003333568572,0.4189697206020355,0.9870744585990906,0.8966944932937622,0.18643600940704347,0.22960531562566758,-5.091900502667131,43.3586482041941,40.653136632587696,-17.140762975896696,-2.7363116882492013,4.636922702241907,False,False,False,not_evaluated_cross_domain_gate,False
A6PX-P155-0058,COc1cc2c(cnn2C)cc1C(=O)N1CC[C@@H]2[C@H](CCC(=O)N2C2CC2)C1,155_p41145_partial,partial,P35372__P41145,P41145,P35372,155_p41145_partial::ZINC000095461549,ZINC000095461549,0.52,382.4640000000003,2.1974,67.67,3,0,5,0.816208114497926,3.418710002512089,-7.804,-5.738,-2.0699999999999994,-1.604,0.24906402568192945,-1.5420000000000007,-0.5279999999999987,True,False,0.15606902837753295,0.9240249991416931,0.8962580442428589,0.019247670844197273,0.061463911831378934,0.0342899645678699,0.005713236890733242,0.4923278659582138,0.013145921751856804,0.15294612646102906,0.5355233550071716,0.9999449014663696,0.9890708446502685,0.23798197582364083,0.5010340452194214,-4.679354338954601,34.640777198800336,52.292639364495415,8.035584173876504,-2.4888651042088132,1.6466735964566943,False,False,False,not_evaluated_cross_domain_gate,False
A6PX-P155-0104,CCCOc1ccc(C(=O)NC)cc1C(=O)N1CC[C@@H]2[C@H](CCC(=O)N2C2CC2)C1,155_p41145_partial,partial,P35372__P41145,P41145,P35372,155_p41145_partial::ZINC000095461549,ZINC000095461549,0.5394736842105263,413.51800000000026,2.450500000000001,78.95,6,1,4,0.7770399383414491,3.2228303854269544,-7.897,-5.679,-2.061,-1.9509999999999996,0.24735534493248126,-1.5420000000000007,-0.5189999999999992,True,True,0.07479856610298156,0.7916879296302796,0.761307692527771,0.02428526058793068,0.06807179301977158,0.05500872656702995,0.03245812859386206,0.5589911758899688,0.028413377329707147,0.16221296191215515,0.3893777787685394,0.9985603928565979,0.9430327653884888,0.18593626096844673,0.47154738903045657,-4.834532490470846,44.69634032251522,42.52862592949941,-1.0747538278745439,-3.2900626976353116,3.1049624025478737,True,True,False,not_dual_endpoint_improved,False
A6PX-P155-0083,CNC(=O)c1nc2c(c(C(=O)N3CC[C@@H]4[C@H](CCC(=O)N4C4CC4)C3)c1C)CCCO2,155_p41145_partial,partial,P35372__P41145,P41145,P35372,155_p41145_partial::ZINC000095461549,ZINC000095461549,0.37209302325581395,426.5170000000003,1.6901199999999996,91.83999999999999,3,1,5,0.794235120981173,3.853971329500709,-7.751,-5.854,-2.025999999999999,-1.8319999999999999,0.13926473590491864,-1.5420000000000007,-0.4839999999999982,True,False,0.0511438749730587,0.8380200505256653,0.7197657465934754,0.013292321283370257,0.041685115359723565,0.054300096444785596,0.02829355010762811,0.44142939150333405,0.012287103454582393,0.19894204586744307,0.4080770403146744,0.9993557929992676,0.9664952278137207,0.0726503299549222,0.4429487705230713,-4.844368967983077,28.38991972781738,38.35355611205185,-10.623999248587225,-2.864222348696962,2.511810172582382,False,False,False,not_evaluated_cross_domain_gate,False
A6PX-P155-0042,Cc1cc(-n2cccc2C(=O)N2CC[C@@H]3[C@H](CCC(=O)N3C3CC3)C2)ccn1,155_p41145_partial,partial,P35372__P41145,P41145,P35372,155_p41145_partial::ZINC000095461549,ZINC000095461549,0.45454545454545453,378.4760000000002,2.796220000000001,58.440000000000005,3,0,4,0.8252220993365083,3.5017058204283487,-7.821,-5.576,-1.984,-1.774,0.2118678833613061,-1.5420000000000007,-0.4419999999999993,True,False,0.09351516515016556,0.9641249656677247,0.8847995877265931,0.032111513428390026,0.11000163406133652,0.0558643065392971,0.026322482991963624,0.5483267605304718,0.014206351852044464,0.40119590163230895,0.2640437990427017,0.9999467015266419,0.9921445250511169,0.26664759516716,0.46044843196868895,-4.942108494414749,38.141903105968545,30.988174433136663,-13.035100362713251,-2.2240125425063124,-1.6882942655207849,False,False,False,not_evaluated_cross_domain_gate,False
A6PX-P155-0006,C[C@@H](O)C=Cc1ccccc1C(=O)N1CC[C@@H]2[C@H](CCC(=O)N2C2CC2)C1,155_p41145_partial,partial,P35372__P41145,P41145,P35372,155_p41145_partial::ZINC000095461549,ZINC000095461549,0.5277777777777778,368.4770000000002,2.6961000000000013,60.85,4,1,3,0.8888666913812584,3.618194654284026,-7.415,-5.483,-1.9450000000000003,-1.822,0.26709923249608947,-1.5420000000000007,-0.4029999999999996,False,False,0.06223498284816742,0.9511847972869873,0.7199535846710206,0.013222010340541601,0.14513750672340392,0.056291244179010394,0.030015565920621157,0.34274111688137054,0.01946963951922953,0.22397173643112184,0.188744854927063,0.9998665571212768,0.9617194652557373,0.27654304504394533,0.5494695723056793,-4.699360226498523,39.4510430511007,26.337296118378312,0.8998101577954344,-2.8464801633389,-5.2591785403867775,False,False,False,not_evaluated_cross_domain_gate,False
A6PX-P155-0041,O=C(c1cccnc1-c1ccccn1)N1CC[C@@H]2[C@H](CCC(=O)N2C2CC2)C1,155_p41145_partial,partial,P35372__P41145,P41145,P35372,155_p41145_partial::ZINC000095461549,ZINC000095461549,0.47297297297297297,376.4600000000002,2.759100000000001,66.4,3,0,4,0.826173028282473,3.2797805640180933,-7.556,-5.634,-1.9449999999999994,-1.9219999999999997,0.06456177059392225,-1.5420000000000007,-0.4029999999999987,False,False,0.06640696413815021,0.9551322340965271,0.8676334977149963,0.03856944553554058,0.19764706641435623,0.15442437902092934,0.012117216689512133,0.631340479850769,0.014495847560465337,0.362472677230835,0.422760596871376,0.9999309420585633,0.9893378138542175,0.22865503504872323,0.4596106052398682,-4.974288907510614,47.611602758907104,31.326912515064674,-17.21881818852732,-2.6504555421672054,-2.1527568940349098,False,False,False,not_evaluated_cross_domain_gate,False
A6PX-P155-0007,NC(=O)c1cc(F)cc(C(=O)N2CC[C@@H]3[C@H](CCC(=O)N3C3CC3)C2)c1,155_p41145_partial,partial,P35372__P41145,P41145,P35372,155_p41145_partial::ZINC000095461549,ZINC000095461549,0.4647887323943662,359.4010000000002,1.5400999999999998,83.71,3,1,3,0.8884941984834597,3.234793534460117,-8.176,-6.313,-1.867,-1.0819999999999999,0.41236957534069707,-1.5420000000000007,-0.3249999999999993,True,True,0.22593552321195604,0.978859007358551,0.887844729423523,0.005616019666194916,0.033696973510086534,0.01787020657211542,0.014799373503774405,0.04583114795386791,0.02817182233557105,0.28416680097579955,0.2609551787376404,0.9991878747940064,0.8866928935050964,0.0421828324906528,0.47610446214675906,-4.904132262804011,19.13718131134785,-7.236593213480664,3.2330763774969595,-3.3373169019623616,3.3895278242195745,True,True,False,not_dual_endpoint_improved,False
A6PX-P155-0035,CNC(=O)c1nn(C(C)(C)C)cc1C(=O)N1CC[C@@H]2[C@H](CCC(=O)N2C2CC2)C1,155_p41145_partial,partial,P35372__P41145,P41145,P35372,155_p41145_partial::ZINC000095461549,ZINC000095461549,0.4605263157894737,401.51100000000025,1.613199999999999,87.54,3,1,5,0.8336323681044389,3.6799099304904175,-7.604,-5.748,-1.8559999999999999,-1.1879999999999997,0.37017383303883966,-1.5420000000000007,-0.31399999999999917,True,False,0.06511872820556164,0.9276692867279053,0.6670052289962769,0.004721920494921506,0.08744845986366272,0.04176223874092102,0.016852351371198893,0.3144087135791779,0.024973561242222785,0.15548727363348008,0.3132869601249695,0.9994940996170044,0.9697950005531311,0.10655018165707589,0.451217383146286,-4.94641921555681,42.437046278868436,43.73760907325534,7.054590605531553,-3.3442492834226556,2.2253373514214774,False,False,False,not_evaluated_cross_domain_gate,False
A6PX-P155-0022,CNC(=O)Nc1cccc(C(=O)N2CC[C@@H]3[C@H](CCC(=O)N3C3CC3)C2)c1,155_p41145_partial,partial,P35372__P41145,P41145,P35372,155_p41145_partial::ZINC000095461549,ZINC000095461549,0.4666666666666667,370.45300000000026,2.0533999999999994,81.75,3,2,3,0.8544061756764458,3.1222519501543164,-7.827,-6.214,-1.8129999999999997,-1.2149999999999999,0.43979262790041845,-1.5420000000000007,-0.270999999999999,True,False,0.052231854666024445,0.9612328171730041,0.7831766605377197,0.010804646275937557,0.05309372581541538,0.02069979440420866,0.01588528659194708,0.1199178397655487,0.02561939344741404,0.23675065338611603,0.33103921413421633,0.9990035891532898,0.8592111349105835,0.01918809683993459,0.5181107580661773,-4.920913715704925,11.645636660429039,-11.310607853099873,19.838666508257802,-3.424211953717974,-0.927359237401889,False,False,False,not_evaluated_cross_domain_gate,False
A6PX-P155-0071,CC(C)Oc1cc(C(C)(C)O)ccc1C(=O)N1CC[C@@H]2[C@H](CCC(=O)N2C2CC2)C1,155_p41145_partial,partial,P35372__P41145,P41145,P35372,155_p41145_partial::ZINC000095461549,ZINC000095461549,0.6521739130434783,414.5460000000003,3.3167000000000018,70.08,5,1,4,0.8024949484429482,3.4299263516558476,-7.466,-5.762,-1.8090000000000002,-1.5710000000000006,0.1822159890532843,-1.5420000000000007,-0.26699999999999946,True,False,0.10830931216478348,0.8909285664558411,0.7937194585800171,0.004968106560409069,0.13483566418290138,0.08269408047199249,0.03252756986767054,0.5505637794733047,0.03702566400170326,0.1819711744785309,0.17961210012435913,0.9995047450065613,0.9769537210464477,0.32880447804927826,0.44648765325546264,-4.518696160546066,55.05794935710967,60.54982406452689,-2.8210144135563486,-3.243562107986776,-2.3266714867228075,False,False,False,not_evaluated_cross_domain_gate,False
A6PX-P155-0115,CC(=O)Nc1ccc(N(C)C(N)=O)cc1C(=O)N1CC[C@@H]2[C@H](CCC(=O)N2C2CC2)C1,155_p41145_partial,partial,P35372__P41145,P41145,P35372,155_p41145_partial::ZINC000095461549,ZINC000095461549,0.46835443037974683,427.5050000000003,1.7753999999999999,116.05,4,2,4,0.7617222687341619,3.4427859838929704,-7.58,-5.821,-1.774,-1.492,0.41645167786911413,-1.5420000000000007,-0.23199999999999932,True,False,0.08638922423124314,0.9370926499366761,0.7174267172813416,0.002601690316805616,0.020142144151031972,0.013767538964748383,0.01285342825576663,0.08707520700991153,0.032567217759788034,0.2721248835325241,0.3776662290096283,0.9918512582778931,0.709811270236969,0.025011928752064705,0.47511937022209166,-5.129760391820276,-3.815411979292583,3.6044446919323647,-1.87250483341003,-3.7483479444645895,2.97300210008538,False,False,False,not_evaluated_cross_domain_gate,False
A6PX-P155-0017,CCOc1c(C(=O)N2CC[C@@H]3[C@H](CCC(=O)N3C3CC3)C2)cc(C)c(C)c1O,155_p41145_partial,partial,P35372__P41145,P41145,P35372,155_p41145_partial::ZINC000095461549,ZINC000095461549,0.49333333333333335,386.4920000000002,3.023240000000002,70.08,4,1,4,0.8635588236181527,3.473964646602175,-7.58,-5.765,-1.7489999999999997,-1.4059999999999997,0.19098400165691629,-1.5420000000000007,-0.20699999999999896,True,True,0.08189888969063759,0.9439225554466247,0.6560536026954651,0.04677235595881939,0.1711045101284981,0.10134644955396652,0.040003291144967076,0.5633509993553162,0.017334778700023888,0.05598875880241394,0.14084064960479736,0.9997976541519165,0.9653415560722352,0.2507327273488045,0.4941820502281189,-4.834394740020433,76.28447065892958,64.42251648461581,4.206309384256022,-3.672613187697769,3.7008790837147005,False,False,False,not_evaluated_cross_domain_gate,False
A6PX-P155-0001,COc1ccc(O)cc1C(=O)N1CC[C@@H]2[C@H](CCC(=O)N2C2CC2)C1,155_p41145_partial,partial,P35372__P41145,P41145,P35372,155_p41145_partial::ZINC000095461549,ZINC000095461549,0.6212121212121212,344.4110000000001,2.0163,70.08,3,1,4,0.9106441443819309,3.1516562701840876,-7.196,-5.494,-1.702,-1.5750000000000002,0.06235917467916527,-1.5420000000000007,-0.15999999999999925,True,False,0.14203397035598755,0.9026879668235779,0.6923922657966614,0.03226728029549122,0.15284496396780015,0.04160648323595524,0.02386381570249796,0.3074180483818054,0.007181256296462379,0.0993237055838108,0.10981814116239548,0.999858558177948,0.9478978872299194,0.049738826835528015,0.36663798391819,-4.825002940689916,91.55275716330063,32.22324057568285,-2.852305307967053,-3.5596560582688666,4.69644166780859,False,False,False,not_evaluated_cross_domain_gate,False
A6PX-P155-0026,CN=C(O)c1cc(C(=O)N2CC[C@@H]3[C@H](CCC(=O)N3C3CC3)C2)n(C(C)C)n1,155_p41145_partial,partial,P35372__P41145,P41145,P35372,155_p41145_partial::ZINC000095461549,ZINC000095461549,0.47368421052631576,387.48400000000026,1.4391,87.54,4,1,5,0.8468319616723707,3.548349062186591,-6.96,-5.479,-1.5510000000000002,-1.1789999999999994,0.406991400400549,-1.5420000000000007,-0.008999999999999453,True,False,0.09676468633115291,0.9304595470428467,0.7272906064987182,0.00725050896871835,0.05749971177428961,0.036997690238058566,0.017104374803602697,0.28865685015916825,0.017021125834435224,0.18154358267784118,0.37759503722190857,0.9997906804084777,0.9584794402122497,0.08968148306012154,0.4443356156349182,-5.043045716357863,45.460207975577475,29.366668878708616,11.893967230942307,-3.0630300400345356,2.8230406290187977,False,False,False,not_evaluated_cross_domain_gate,False
A6PX-P157-0185,CC(C[C@@H](O)N1C(=O)CNC(=O)c2ccccc21)=C1NC(C)(C)c2ccccc21,158_oprx_full,full,P41146__P48145,P41146,P48145,158_oprx_full::ZINC000741957071,ZINC000741957071,0.1839080459770115,391.4710000000002,2.845600000000001,82,4,2,4,0.8408453050183256,3.9113917870305013,-7.902,-5.229,-2.8329999999999993,-1.5679999999999996,0.6147673453338987,-2.5090000000000003,-0.32399999999999896,False,False,0.13592687547206878,0.8138486981391907,0.7105029106140137,0.05027490295469761,0.2812812298536301,0.19372663348913194,0.1844334378838539,0.48031086623668673,0.339762881398201,0.30123854875564576,0.5856724619865418,0.9928839921951294,0.8365010261535645,0.6828553080558777,0.7920431137084961,-4.796850021888942,39.85224706405157,52.57322354522753,40.079893351877274,-4.397751899278103,-0.5076525635013664,False,False,False,not_evaluated_cross_domain_gate,False
A6PX-P157-0017,C[C@@H](O)[C@@H]1N(C)c2ccccc2N1C(=O)CN(C)C1=NS(=O)(=O)c2ccccc21,158_oprx_partial,partial,P41146__P48145,P41146,P48145,158_oprx_partial::ZINC000741957071,ZINC000741957071,0.6349206349206349,414.48700000000014,1.2571999999999999,93.52000000000001,3,1,6,0.8127883103522182,3.7129614665176804,-7.61,-4.937,-2.673,-2.5620000000000003,0.11382540235914933,-2.5090000000000003,-0.1639999999999997,True,False,0.03901401832699776,0.48839944005012514,0.6764976024627686,0.01871564779430628,0.271664696931839,0.1189380943775177,0.1322922646999359,0.4093011409044266,0.3830064833164215,0.052084193006157874,0.8305792570114136,0.9933578848838807,0.7361612439155578,0.664315813779831,0.6678438186645508,-5.2596243434942,56.93421526178842,37.97086458556228,59.044561638290205,-2.5180848529949467,4.129632026816959,True,True,True,dual_endpoint_improved,True
A6PX-P157-0015,CN(CC(=O)N1C2=CCNC2Cc2ccccc21)C1=NS(=O)(=O)c2ccccc21,158_oprx_partial,partial,P41146__P48145,P41146,P48145,158_oprx_partial::ZINC000741957071,ZINC000741957071,0.5138888888888888,408.48300000000006,1.5122999999999995,82.08000000000001,2,1,5,0.8147411318341483,3.6267907913284425,-8.36,-5.711,-2.648999999999999,-1.734,0.6962887332134564,-2.5090000000000003,-0.1399999999999988,True,False,0.10546236038208008,0.8741398096084595,0.7425384998321534,0.04949752762913704,0.5620718181133271,0.28471908867359164,0.3749647349119186,0.8230759024620056,0.4556965410709381,0.12317119166254997,0.7991119980812073,0.9984667897224426,0.8129641056060791,0.814536201953888,0.7867118954658509,-5.372005706428643,30.66129525830437,10.106886046615372,79.53163788443605,-2.8811739536392307,-4.373904289005651,True,True,True,dual_endpoint_improved,True
A6PX-P157-0036,CNC(=O)CN(C(=O)CN(C)C1=NS(=O)(=O)c2ccccc21)c1ccccc1C,158_oprx_partial,partial,P41146__P48145,P41146,P48145,158_oprx_partial::ZINC000741957071,ZINC000741957071,0.4225352112676056,414.4870000000001,1.15492,99.15,5,1,5,0.7914749947394039,2.697446459982764,-7.648,-4.676,-2.6399999999999997,-1.7310000000000008,0.615437152671894,-2.5090000000000003,-0.13099999999999934,False,False,0.05093982741236687,0.7648146510124206,0.8109516620635986,0.009976778971031308,0.3536838680505753,0.14009320884943008,0.13171809762716294,0.6355521202087402,0.5948616147041321,0.052568957582116126,0.849725067615509,0.9934992671012879,0.8461826801300049,0.6605931758880615,0.627355033159256,-5.257427073246298,50.51997260570572,38.20094761439587,55.05291865632931,-2.9400451301497825,-0.6344918672281753,False,False,False,not_evaluated_cross_domain_gate,False
A6PX-P015-0056,CN(Cc1ccc[nH+]c1)C(=O)[C@H]1CCC[C@@]12NCC1=Cc3c(n(C)c(=O)c4ccoc34)NC=C1C2=O,15_adrb2_full,full,P07550__P13945,P07550,P13945,15_adrb2_full::ZINC000009961080,ZINC000009961080,0.2571428571428571,485.54400000000027,2.4513000000000007,109.80000000000001,3,1,8,0.6103929976447536,4.861252567425419,-13.329,-10.372,-3.0980000000000008,-2.942,0.16809521111560527,-1.7010000000000005,-1.3970000000000002,True,True,0.12644151747226715,0.7578239679336548,0.8611437082290649,0.11275056302547455,0.27062447667121886,0.45981475710868835,0.15568419694900512,0.9339256048202514,0.04831600561738014,0.23484985530376434,0.9388695359230042,0.9999276041984558,0.9373756766319274,0.5864652752876282,0.4802924573421478,-5.202188451158723,64.0650725261591,62.45431588884783,22.32987408191599,-3.161219933444606,-3.9383783352321418,True,True,True,dual_endpoint_improved,True
A6PX-P015-0091,Cn1c(=O)c2c(CO)c([C@@H]3CCCN(Cc4cncnc4)C(=O)[C@H]4CCCN43)ccc2n(C)c1=O,15_adrb2_full,full,P07550__P13945,P07550,P13945,15_adrb2_full::ZINC000009961080,ZINC000009961080,0.23863636363636365,478.5530000000003,0.8475999999999999,113.56,4,1,9,0.591361023089545,3.755806429464105,-12.312,-9.821,-2.4909999999999997,-2.0340000000000007,0.24216293871872444,-1.7010000000000005,-0.7899999999999991,True,True,0.10334883332252502,0.3476949155330658,0.8003580212593079,0.014130945410579443,0.026056917570531368,0.1110187504440546,0.017059919936582447,0.6652643322944641,0.06801710389554501,0.6094950199127197,0.8708900451660156,0.993968951702118,0.7401172876358032,0.3097994327545166,0.7580992460250855,-5.281459395574198,5.383609056934776,44.16384975349435,57.24459137070971,-2.0191358076849806,-3.671415663065221,False,False,False,not_evaluated_cross_domain_gate,False
A6PX-P015-0025,Cc1c(O)c2cc(S(=O)(=O)[C@@H]3CCC[C@@H]3C(=O)N3Cc4ccccc4C3)ccc2n(C)c1=O,15_adrb2_full,full,P07550__P13945,P07550,P13945,15_adrb2_full::ZINC000009961080,ZINC000009961080,0.3132530120481928,466.5590000000002,3.037320000000001,96.68,3,1,6,0.6400756138598981,3.5488716455785214,-13.322,-10.91,-2.401,-2.370000000000001,0.05268986830712504,-1.7010000000000005,-0.6999999999999993,True,True,0.10741378366947174,0.6678093612194062,0.896599805355072,0.06635129861533642,0.7011555671691895,0.7161133646965027,0.06651364266872406,0.9330091595649719,0.3501307040452957,0.07197908535599709,0.8883867621421814,0.9995528817176819,0.8928682684898377,0.691294264793396,0.6089572191238404,-4.989992824949557,10.952849464238252,51.40564267405625,31.99531153561518,-3.6659858706441377,0.9581615563575635,True,True,False,not_dual_endpoint_improved,False
A6PX-P015-0095,Cc1c(O)c2cc(S(=O)(=O)N3CCC[C@@H]3C(=O)N(C)Cc3c[nH]cn3)ccc2n(C)c1=O,15_adrb2_full,full,P07550__P13945,P07550,P13945,15_adrb2_full::ZINC000009961080,ZINC000009961080,0.5526315789473685,459.5280000000002,1.0873199999999998,128.60000000000002,5,2,7,0.5876996909813171,3.4190191839446653,-11.072,-8.68,-2.376999999999999,-2.0589999999999993,0.23794116919944755,-1.7010000000000005,-0.6759999999999984,True,False,0.04702257290482521,0.11311363577842712,0.7654930591583252,0.03875470533967018,0.30879787504673006,0.40792144536972047,0.1233629547059536,0.9128660917282104,0.1089196689426899,0.14363825619220733,0.8962656259536743,0.9991234183311463,0.7999274373054505,0.15649106800556184,0.6555390536785126,-5.532556780434727,52.78616619229816,52.787500902036015,-10.86084669902353,-3.259761466903023,-0.7345253727557883,True,True,False,not_dual_endpoint_improved,False
A6PX-P015-0092,Cc1c(F)c2cc(S(=O)(=O)N3CCC[C@@H]3C(=O)N3Cc4ccccc4C3)ccc2n(C)c1=O,15_adrb2_full,full,P07550__P13945,P07550,P13945,15_adrb2_full::ZINC000009961080,ZINC000009961080,0.4666666666666667,469.5380000000002,2.681520000000001,79.69,3,0,5,0.5909184459187121,3.106520203274,-13.648,-11.292,-2.356,-2.0180000000000007,0.4367363812034289,-1.7010000000000005,-0.6549999999999994,True,False,0.21789026856422425,0.8653624176979064,0.8253336668014526,0.11106461510062218,0.8069037437438965,0.8327466249465942,0.0697296429425478,0.9032343029975891,0.3286397695541382,0.1224338486790657,0.9371098756790162,0.9999151468276978,0.9863501191139221,0.8187568187713623,0.8884820580482483,-5.001348545392712,79.03452254945849,76.74937178965106,21.327882331974838,-4.054702845109029,-1.9330862702987737,False,False,False,not_evaluated_cross_domain_gate,False
A6PX-P015-0099,Cn1c(=O)c2cc(S(=O)(=O)[C@@H]3CCC[C@@H]3C(=O)N3Cc4ccccc4C3)ccc2n(C)c1=O,15_adrb2_full,full,P07550__P13945,P07550,P13945,15_adrb2_full::ZINC000009961080,ZINC000009961080,0.30864197530864196,467.5470000000002,1.722,98.45000000000002,3,0,7,0.5842475839017294,3.433537699090227,-13.396,-11.221,-2.1750000000000007,-2.0170000000000012,0.07519899526515492,-1.7010000000000005,-0.4740000000000002,True,False,0.11066167801618576,0.8759763598442077,0.8540831089019776,0.039415724389255044,0.525646859407425,0.5865999937057496,0.029958412423729895,0.9296351790428161,0.2836465388536453,0.11149460971355438,0.9448631167411804,0.9990101337432862,0.8896997332572937,0.7364269137382508,0.5455650806427002,-4.793636761431257,23.556051973460416,34.87433413137733,72.91206822685793,-3.06733082466186,-5.730743326717986,True,True,False,not_dual_endpoint_improved,False
A6PX-P015-0117,Cc1c(O)c2cc(S(=O)(=O)N3CCC[C@@H]3C(=O)N(C)Cc3ccc(O)cc3)ccc2n(C)c1=O,15_adrb2_full,full,P07550__P13945,P07550,P13945,15_adrb2_full::ZINC000009961080,ZINC000009961080,0.6617647058823529,485.56200000000024,2.0698200000000004,120.15000000000002,5,2,7,0.5709513023414273,3.0589337911339385,-11.452,-9.251,-2.0760000000000005,-1.846,0.4668035513527667,-1.7010000000000005,-0.375,True,False,0.12202010154724122,0.2387831076979637,0.7334558725357055,0.06698991656303406,0.5013596832752227,0.6431886911392212,0.15119799226522446,0.8987216234207154,0.20656612068414687,0.15659828782081603,0.8909743189811706,0.9985840320587158,0.8794010043144226,0.3983266770839691,0.7041228652000427,-5.51751335116851,77.14716848647734,86.85164036130843,6.591662325218541,-4.1704614746536945,1.1197513795013023,False,False,False,not_evaluated_cross_domain_gate,False
A6PX-P015-0027,Cc1c(O)c2cc(S(=O)(=O)N3CCC[C@@H]3C(=O)N3Cc4ccccc4C3)ccc2n(C)c1=O,15_adrb2_full,full,P07550__P13945,P07550,P13945,15_adrb2_full::ZINC000009961080,ZINC000009961080,0.47297297297297297,467.5470000000002,2.2480200000000004,99.92000000000002,3,1,6,0.6369636232510685,3.0625255544445684,-12.886,-10.86,-2.026,-1.9830000000000005,0.03308910528994211,-1.7010000000000005,-0.3249999999999993,True,True,0.09957172274589539,0.3350989282131195,0.813769257068634,0.08871857598423957,0.6593348145484924,0.7734089136123657,0.065742477029562,0.8548761367797851,0.2775226548314095,0.08922501802444457,0.9513279914855957,0.9994325995445251,0.9537814259529114,0.5869773656129837,0.7280176758766175,-5.19082973480363,45.23709465990494,84.96040918810192,-0.3634356108668399,-4.034500755611861,0.29121655366327115,True,True,False,not_dual_endpoint_improved,False
A6PX-P015-0168,CN(Cc1ccccn1)C(=O)[C@H]1CCCN1S(=O)(=O)c1ccc2c(c1)c(=O)n(C)c(=O)n2C,15_adrb2_full,full,P07550__P13945,P07550,P13945,15_adrb2_full::ZINC000009961080,ZINC000009961080,0.5972222222222222,471.5390000000002,0.44390000000000107,114.58000000000001,5,0,8,0.5335915411879891,2.9869202786167186,-11.17,-8.976,-1.9610000000000003,-1.888,0.197656829434811,-1.7010000000000005,-0.2599999999999998,True,False,0.08874281868338585,0.5838557779788971,0.8220721364021302,0.016550264786928892,0.161187744140625,0.20033008158206939,0.014484532503411173,0.8234368562698364,0.20078700333833693,0.3102013856172562,0.950578486919403,0.9987058162689209,0.9684447646141052,0.3780715048313141,0.4402049720287323,-5.125000944562945,79.27940474267288,60.11434575757346,37.71899130286423,-2.906249492929681,0.10136831370725038,False,False,False,not_evaluated_cross_domain_gate,False
A6PX-P015-0072,CN(Cc1ccon1)C(=O)[C@H]1CCCN1C(=O)c1ccc2c(c1)c(=O)n(C)c(=O)n2C,15_adrb2_full,full,P07550__P13945,P07550,P13945,15_adrb2_full::ZINC000009961080,ZINC000009961080,0.37349397590361444,425.44500000000016,0.48840000000000017,110.65,4,0,8,0.6015957629427349,3.1410561484036883,-10.801,-8.597,-1.9480000000000004,-1.575000000000001,0.2879772367547277,-1.7010000000000005,-0.2469999999999999,True,False,0.11676745787262917,0.7218505382537842,0.8306787490844727,0.0075760005274787545,0.044682026654481885,0.03577257096767426,0.0030069726635701954,0.2959361791610718,0.06901828907430171,0.301778843998909,0.9349337339401245,0.9948405027389526,0.9277461409568787,0.38376560509204866,0.24378485679626466,-4.781880982794198,49.57515792040609,32.132857715334204,44.78723437101762,-2.291137714220154,2.336769964244718,True,True,True,dual_endpoint_improved,False
A6PX-P015-0048,Cc1c(O)c2cc(S(=O)(=O)N3CCC[C@@H]3CN(C)Cn3cccn3)ccc2n(C)c1=O,15_adrb2_full,full,P07550__P13945,P07550,P13945,15_adrb2_full::ZINC000009961080,ZINC000009961080,0.40963855421686746,445.5450000000002,1.4916199999999997,100.67000000000002,6,1,8,0.6170781624536754,3.3836294936630793,-10.742,-8.817,-1.9250000000000007,-1.3710000000000004,0.44663581983037964,-1.7010000000000005,-0.2240000000000002,True,False,0.16685743778944015,0.5415768921375275,0.8315008997917175,0.04716460257768631,0.15841660946607589,0.18648859560489656,0.2402024745941162,0.9464366197586059,0.2011147543787956,0.5467062890529633,0.810218334197998,0.9990998029708862,0.9547368049621582,0.24502353817224504,0.7558927059173584,-5.168148922422591,68.86673065208447,76.67011050190894,-17.391740976888702,-3.486817303538465,3.365770627458724,False,False,False,not_evaluated_cross_domain_gate,False
A6PX-P015-0070,CN(Cc1ccccc1)C(=O)[C@H]1CCCN1S(=O)(=O)c1ccc2c(c1)n(C)c(=O)n2C,15_adrb2_full,full,P07550__P13945,P07550,P13945,15_adrb2_full::ZINC000009961080,ZINC000009961080,0.8928571428571429,442.54100000000017,1.6886999999999999,84.62,5,0,6,0.601958973969141,2.796586380961827,-11.195,-8.907,-1.8030000000000008,-1.7289999999999992,0.6126283992401557,-1.7010000000000005,-0.10200000000000031,True,False,0.11769627332687378,0.6828989505767822,0.718110191822052,0.04269040077924728,0.7748461484909057,0.7012509226799011,0.1417324185371399,0.926276421546936,0.21894873380661012,0.17481904625892639,0.8637719869613647,0.9997024655342102,0.9784903287887573,0.7300041913986206,0.7227184295654296,-5.062623694857195,82.79012633974575,81.62174663181159,4.441770747278877,-3.2674054252648164,-6.23565340520999,False,False,False,not_evaluated_cross_domain_gate,False
A6PX-P015-0132,CN(Cc1c[nH]cn1)C(=O)[C@H]1CCCN1S(=O)(=O)c1ccc2c(c1)c(=O)n(C)c(=O)n2C,15_adrb2_full,full,P07550__P13945,P07550,P13945,15_adrb2_full::ZINC000009961080,ZINC000009961080,0.5540540540540541,460.5160000000002,-0.22799999999999865,130.37,5,1,8,0.5598680253255512,3.2984427853432674,-10.761,-8.855,-1.8010000000000002,-1.7809999999999988,0.5440620879601481,-1.7010000000000005,-0.09999999999999964,True,False,0.06752418503165245,0.267790412902832,0.7337847113609314,0.018215109966695307,0.14497904404997825,0.2550049602985382,0.029255637526512147,0.7973110198974609,0.12917712479829788,0.22562196105718613,0.9400462627410888,0.9971906781196594,0.71050626039505,0.23037806749343873,0.5890379905700683,-5.511676171823083,65.07811620799106,46.3357905649406,26.95682770154118,-2.995313301257145,-3.9719378621102814,False,False,False,not_evaluated_cross_domain_gate,False
A6PX-P015-0045,Cc1c(O)c2cc(S(=O)(=O)N3CCC[C@@H]3C(=O)N3CCc4ccccc4C3)ccc2n(C)c1=O,15_adrb2_full,full,P07550__P13945,P07550,P13945,15_adrb2_full::ZINC000009961080,ZINC000009961080,0.45454545454545453,481.57400000000024,2.29052,99.92000000000002,3,1,6,0.6188485281728672,3.051080600589339,-12.649,-11.076,-1.7420000000000009,-1.5729999999999986,0.8431062935491725,-1.7010000000000005,-0.04100000000000037,True,False,0.09110316261649132,0.37571351826190946,0.7981474280357361,0.11002827584743499,0.760948657989502,0.8279511094093323,0.09434133246541024,0.907987380027771,0.2688879370689392,0.10214227288961411,0.9442685723304749,0.9995992064476014,0.9592175483703613,0.6817458748817444,0.7809308767318726,-5.208591606167705,54.39680311735456,96.84015647208938,1.9869114830514314,-4.060486626211478,0.007910542306115787,False,False,False,not_evaluated_cross_domain_gate,False
A6PX-P161-0230,Cc1cc(CN2CCc3c(cnc4cc(-c5ccc(F)cc5)cnc34)C2)no1,161_ccr10_full,full,P46092__P49682,P46092,P49682,161_ccr10_full::ZINC000585113179,ZINC000585113179,0.1326530612244898,374.4190000000001,4.290620000000002,55.050000000000004,3,0,5,0.5354030410542957,2.5898961000097547,-7.946,-6.389,-1.5469999999999997,-1.3899999999999997,0.12211742982337376,-1.2700000000000005,-0.27699999999999925,True,True,0.8545224666595459,0.9583446264266968,0.937920606136322,0.7256316900253296,0.3998288601636887,0.23475395739078522,0.1836567312479019,0.5111712038516998,0.28863659501075745,0.7038760185241699,0.7642163634300232,0.9995530128479004,0.9684299230575562,0.9332290172576905,0.889953875541687,-4.995549639653694,47.69192037741764,39.99831024651364,-23.210768792108166,-3.656605950576979,-3.0241951560806837,True,True,True,dual_endpoint_improved,True
A6PX-P161-0141,CCc1cc(-c2ccc(C(=O)N3CCC[C@@H](Cn4cnc[nH+]4)C3)cc2)n[nH]1,161_ccr10_full,full,P46092__P49682,P46092,P49682,161_ccr10_full::ZINC000585113179,ZINC000585113179,0.19791666666666666,364.45300000000015,2.7830000000000013,79.7,5,1,5,0.7548830741885386,3.0455071242861047,-7.043,-5.557,-1.4859999999999998,-1.2199999999999998,0.1398697807088993,-1.2700000000000005,-0.2159999999999993,True,True,0.17518753856420516,0.6268631994724274,0.9494364380836486,0.2694209709763527,0.1867856815457344,0.22840319722890853,0.049899599701166156,0.9159304141998291,0.08658351115882397,0.7093336105346679,0.631860077381134,0.9999638557434082,0.9183530807495117,0.23465373516082763,0.7185663461685181,-5.517107290332826,17.984807523668376,1.6190945544634203,-7.458355565665393,-2.7700387043644596,1.6416159268177117,False,False,False,not_evaluated_cross_domain_gate,False
A6PX-P161-0184,CCc1ccc(-c2ccc3c(ccn3[C@@H]3CCCN(C(=O)NCC(=O)O)C3)c2)[nH]1,161_ccr10_full,full,P46092__P49682,P46092,P49682,161_ccr10_full::ZINC000585113179,ZINC000585113179,0.16831683168316833,394.47500000000014,3.629900000000002,90.36000000000001,5,3,3,0.6171735500447746,3.1857073807631053,-7.242,-5.675,-1.4409999999999998,-1.3579999999999997,0.11157160132498885,-1.2700000000000005,-0.17099999999999937,True,False,0.11714570820331574,0.8299341559410095,0.7224381566047668,0.18072758615016937,0.14820301979780198,0.08994663655757903,0.0808224905282259,0.079544547945261,0.06951524242758751,0.4681392550468445,0.7333065509796143,0.9669066667556763,0.26830931901931765,0.1429460421204567,0.25798660814762114,-5.540451569027404,-11.310984716007699,-6.991529105195973,2.570837877193248,-3.237435926325195,-5.450615498124456,True,True,True,dual_endpoint_improved,False
A6PX-P161-0194,CCc1cc(-c2ccn3c(C4=N[C@H](C(=O)NCC(=O)O)CS4)c[nH+]c3c2)c[nH]1,161_ccr10_full,full,P46092__P49682,P46092,P49682,161_ccr10_full::ZINC000585113179,ZINC000585113179,0.15384615384615385,397.4600000000001,1.9545999999999994,111.85000000000001,6,3,6,0.5886323135649646,3.7993133078897143,-6.602,-5.352,-1.3319999999999999,-1.25,0.06777085574853589,-1.2700000000000005,-0.06199999999999939,True,False,0.08681247215718031,0.26965682208538055,0.8954523921012878,0.1813689112663269,0.10441787242889404,0.06494559086859227,0.12758240569382906,0.06991276536136866,0.09840102046728134,0.3532107323408127,0.8856764674186707,0.8584271907806397,0.11336328834295273,0.1060057058930397,0.0678096741437912,-6.128008217024528,-17.994604584183765,-6.514103210978138,-22.960309305617088,-3.014245925358638,-3.079816542118633,True,True,False,not_dual_endpoint_improved,False
A6PX-P161-0137,COc1ccc(-c2ccc([C@@H]3CN(C(=O)NCCN)CCO3)c(F)c2)cc1,161_ccr10_full,full,P46092__P49682,P46092,P49682,161_ccr10_full::ZINC000585113179,ZINC000585113179,0.38271604938271603,373.4280000000001,2.5429000000000004,76.82000000000001,5,2,4,0.8444823492886466,2.736505356433703,-6.875,-5.571,-1.3040000000000003,-1.0280000000000005,0.13799597417638257,-1.2700000000000005,-0.03399999999999981,True,True,0.7786147713661193,0.9037850975990296,0.9838836908340454,0.3154503345489502,0.4034500002861023,0.08239089325070381,0.0219469940289855,0.808743417263031,0.273252934217453,0.7401432156562805,0.7147902965545654,0.9998400211334229,0.9426669597625732,0.17423333302140237,0.6830976665019989,-4.6630528447490915,28.276064149550145,3.1764248582721364,-11.499761824203606,-2.2681467706260827,-0.06288051347501877,True,True,True,dual_endpoint_improved,False
A6PX-P161-0022,CCc1ccc(-c2ccc([C@H]3CN(C(=O)c4ncn(C)n4)CCO3)nc2)cc1,161_ccr10_partial,partial,P46092__P49682,P46092,P49682,161_ccr10_partial::ZINC000585113179,ZINC000585113179,0.5342465753424658,377.44800000000015,2.653200000000001,73.14,4,0,6,0.6988718783391634,3.1415738634452692,-7.53,-5.708,-1.814,-1.7809999999999997,0.02260285134421983,-1.2700000000000005,-0.5439999999999996,True,True,0.5256944894790649,0.7798771619796753,0.9708409190177918,0.2052483394742012,0.19896399676799775,0.14999915584921836,0.0053465122822672125,0.4317718595266342,0.21016466319561006,0.5321602404117585,0.9005196928977967,0.9994095444679261,0.9829704642295838,0.44838899970054624,0.41982362866401673,-4.90286081177239,52.90285678739406,44.70530730245367,-28.485604197949964,-3.0936441872003715,6.919377114171904,True,True,True,dual_endpoint_improved,True
A6PX-P161-0044,Cn1cnc(C(=O)N2CCO[C@@H](c3ccc(C=Cc4ccc(Cl)cc4)cn3)C2)n1,161_ccr10_partial,partial,P46092__P49682,P46092,P49682,161_ccr10_partial::ZINC000585113179,ZINC000585113179,0.4675324675324675,409.8770000000002,3.247600000000001,73.14,4,0,6,0.6609450888646856,3.2798179924405844,-7.343,-5.665,-1.63,-1.4729999999999999,0.10317083998021061,-1.2700000000000005,-0.35999999999999943,True,True,0.46839330196380613,0.7138099789619445,0.9709094762802124,0.20193622782826423,0.2646990343928337,0.1474549647420645,0.009644011058844626,0.5041807413101196,0.30003887712955474,0.5203681111335754,0.9540465950965882,0.9991912961006164,0.9821088671684265,0.540701937675476,0.4120006442070007,-5.113953162043275,50.851376536083635,32.072491689404366,-7.782668498158924,-3.5746325191457613,4.05155807153463,False,False,False,not_evaluated_cross_domain_gate,False
A6PX-P161-0063,COc1ccc(C=Cc2ncc([C@H]3CN(C(=O)c4ncn(C)n4)CCO3)cc2C)cc1,161_ccr10_partial,partial,P46092__P49682,P46092,P49682,161_ccr10_partial::ZINC000585113179,ZINC000585113179,0.5512820512820513,419.4850000000002,2.911220000000001,82.37,5,0,7,0.6324846274360086,3.4102128246514027,-6.981,-5.483,-1.62,-1.4779999999999998,0.09700859068488067,-1.2700000000000005,-0.34999999999999964,True,False,0.45949444770812986,0.4560435712337494,0.9742402195930481,0.03307838244363666,0.15380179993808268,0.19109186679124832,0.005839606001973152,0.7218420445919037,0.17349429577589034,0.46242437362670896,0.943389356136322,0.9993137359619141,0.9798300862312317,0.6404997944831848,0.5276491641998291,-4.846811919165445,42.22276257874518,56.8472557820282,-47.417687921206664,-3.320663163053311,8.388323378290806,True,True,True,dual_endpoint_improved,False
A6PX-P161-0004,CCCC=Cc1ccc2c(c1)CC[C@@H]([C@H]1CN(C(=O)c3ncn(C)n3)CCO1)O2,161_ccr10_partial,partial,P46092__P49682,P46092,P49682,161_ccr10_partial::ZINC000585113179,ZINC000585113179,0.3707865168539326,396.49100000000027,2.863200000000001,69.48,5,0,6,0.7773258783013153,3.774016329155044,-7.329,-5.739,-1.545,-1.3200000000000003,0.11811011811017698,-1.2700000000000005,-0.27499999999999947,True,False,0.5113264620304108,0.8220809817314148,0.9265162348747253,0.14559924155473708,0.4173234224319458,0.3945502132177353,0.022340957075357437,0.7261487603187561,0.14896109849214553,0.35600710809230807,0.858697235584259,0.9998880386352539,0.9780946016311646,0.8225614786148071,0.5618168413639069,-4.771083943608607,65.39932201943114,72.19328778667425,-15.308593141313485,-3.351337198337532,3.44924070901056,True,True,False,not_dual_endpoint_improved,False
A6PX-P161-0051,CCCc1nc(-c2ccc([C@H](O)[C@H]3CN(C(=O)c4ncn(C)n4)CCO3)cc2)no1,161_ccr10_partial,partial,P46092__P49682,P46092,P49682,161_ccr10_partial::ZINC000585113179,ZINC000585113179,0.4235294117647059,412.45000000000016,1.3921999999999994,119.4,6,1,9,0.6450567285718222,3.6079533729045927,-6.821,-5.35,-1.5050000000000008,-1.1269999999999998,0.1810856151106433,-1.2700000000000005,-0.23500000000000032,False,False,0.5555134117603302,0.4154440850019455,0.9464942693710328,0.04003159953281284,0.06086244592443109,0.07988102324306964,0.0023974558804184198,0.14008791446685792,0.1727573499083519,0.44142123460769656,0.9481011033058167,0.9988565325737,0.9353661179542542,0.4579559683799744,0.482834655046463,-4.9955596598595,33.61643655886558,35.83957098392725,-20.752732696408405,-2.6540229573301923,4.896658932703641,False,False,False,not_evaluated_cross_domain_gate,False
A6PX-P161-0013,CCc1ccc(Nc2cccc([C@H]3CN(C(=O)c4ncn(C)n4)CCO3)n2)cc1,161_ccr10_partial,partial,P46092__P49682,P46092,P49682,161_ccr10_partial::ZINC000585113179,ZINC000585113179,0.43902439024390244,392.46300000000014,2.729800000000001,85.17,5,1,7,0.7186528056261522,3.2106597506823427,-7.263,-5.777,-1.4889999999999999,-1.3130000000000006,0.08725059694160621,-1.2700000000000005,-0.21899999999999942,True,True,0.5815369725227356,0.7402615666389465,0.9558134555816651,0.13578854277729988,0.3214105397462845,0.2763077050447464,0.03141133151948452,0.6578669667243957,0.25283866822719575,0.6345869123935699,0.9045746445655822,0.9996229410171509,0.9637964248657227,0.4931173205375671,0.6228541314601899,-4.972062116336749,75.50332744765993,41.85647427344098,-12.424091260201612,-3.544087523292822,7.901665186897482,False,False,False,not_evaluated_cross_domain_gate,False
A6PX-P161-0017,COc1cc(Nc2ccc([C@H]3CN(C(=O)c4ncn(C)n4)CCO3)cc2)ccn1,161_ccr10_partial,partial,P46092__P49682,P46092,P49682,161_ccr10_partial::ZINC000585113179,ZINC000585113179,0.5,394.4350000000002,2.176,94.4,5,1,8,0.7086659915151443,3.178625684748276,-6.631,-5.148,-1.4740000000000002,-1.1400000000000006,0.2784448878244229,-1.2700000000000005,-0.20399999999999974,True,False,0.5303040564060211,0.5528931260108948,0.9791876435279846,0.08420596029609442,0.10807559937238694,0.1033030841499567,0.013550504483282566,0.5497114539146424,0.15937232077121735,0.5357457160949707,0.9403369784355163,0.999411153793335,0.9297886848449707,0.11983252987265587,0.5126643776893616,-4.834540469375277,47.35870029888765,20.92412381042861,-31.751449351347254,-2.928324283511055,5.4026423859694095,True,True,False,not_dual_endpoint_improved,False
A6PX-P161-0056,COc1ccc(N(C)c2cccc([C@H]3CN(C(=O)c4ncn(C)n4)CCO3)n2)cc1,161_ccr10_partial,partial,P46092__P49682,P46092,P49682,161_ccr10_partial::ZINC000585113179,ZINC000585113179,0.5733333333333334,408.46200000000016,2.2003000000000004,85.61,5,0,8,0.6397103883764581,3.329910556251466,-6.855,-5.445,-1.468,-1.0489999999999995,0.19870749021279202,-1.2700000000000005,-0.1979999999999995,True,False,0.5614530265331268,0.625801944732666,0.9734111428260803,0.042209718748927115,0.14322608411312104,0.13493019416928292,0.005952231655828655,0.5657617509365082,0.20474323481321335,0.41785048842430117,0.9438162088394165,0.9995455026626587,0.977897560596466,0.3840943336486816,0.5207177758216858,-4.687977007170662,56.42861607160476,39.92901178268018,-47.722699310301024,-2.7162681730030824,9.343193589528932,False,False,False,not_evaluated_cross_domain_gate,False
A6PX-P161-0053,Cn1cnc(C(=O)N2CCO[C@@H](c3ccc(COc4ccc(Cl)cc4)cc3)C2)n1,161_ccr10_partial,partial,P46092__P49682,P46092,P49682,161_ccr10_partial::ZINC000585113179,ZINC000585113179,0.52,412.8770000000002,3.2612000000000014,69.48,5,0,6,0.6429436149613218,2.888697113319706,-7.357,-5.937,-1.4159999999999995,-1.3890000000000002,0.07599268970689778,-1.2700000000000005,-0.14599999999999902,True,True,0.3605202227830887,0.6753258824348449,0.973103654384613,0.203726414591074,0.693002462387085,0.44665572643280027,0.02211893768981099,0.6856826543807983,0.3687949299812317,0.22726022601127624,0.9216580390930176,0.9998682975769043,0.9767884135246276,0.7097991824150085,0.40466645658016204,-4.915403958194259,49.92440173996021,40.33678877428268,-27.08898044009918,-3.791025186266819,1.6659348168462955,True,True,True,dual_endpoint_improved,False
A6PX-P161-0095,COc1ccc(-c2ccc(C(C)=O)cc2)cc1C[C@H]1CN(C(=O)c2ncn(C)n2)CCO1,161_ccr10_partial,partial,P46092__P49682,P46092,P49682,161_ccr10_partial::ZINC000585113179,ZINC000585113179,0.4875,434.4960000000002,2.777000000000001,86.55000000000001,6,0,7,0.5547608952916829,3.073985185251053,-7.294,-6.009,-1.2770000000000001,-1.0409999999999995,0.1212050604004086,-1.2700000000000005,-0.006999999999999673,False,True,0.5003108024597168,0.5631635069847107,0.9724794745445251,0.08828033283352851,0.1901533141732216,0.1828457623720169,0.011746132932603359,0.6708301305770874,0.17197621911764144,0.38275829553604124,0.9485555529594422,0.9995130181312561,0.9711816310882568,0.9124708056449891,0.4954811066389084,-4.777057405254977,71.66149497746831,67.91441561824777,-32.65758960836602,-3.1036595469106354,6.972867490531544,False,False,False,not_evaluated_cross_domain_gate,False
A6PX-P164-0175,O=C1C[C@H]2[C@@H](CO)CN2c2cc(S(=O)(=O)N3CCc4cc(F)ccc43)ccc21,162_p46094_full,full,P32246__P46094,P46094,P32246,162_p46094_full::ZINC000509382812,ZINC000509382812,0.41025641025641024,402.4470000000002,1.9606,77.92,3,1,5,0.8493573163518368,3.53902782140206,-9.987,-6.567,-3.42,-3.3469999999999995,0.06666499997916661,0.5129999999999999,-3.933,True,True,0.08499768301844597,0.8953350424766541,0.9029460668563842,0.0681902289390564,0.3652299642562866,0.2627203479409218,0.08384031653404236,0.437578547000885,0.23753028810024263,0.10843699648976327,0.8657504558563233,0.999821126461029,0.9322210669517517,0.4687897443771362,0.6030825793743133,-4.833181975722297,75.30483617661619,19.95193112360588,31.819317303889797,-3.9121691835381847,-3.9770928729351693,True,False,False,seed_baseline_missing_or_failed,False
A6PX-P164-0194,Cc1ccc2c(c1)CCN2S(=O)(=O)c1ccc(F)c([C@]2(C)NC(=N)N[C@H]2C)c1,162_p46094_full,full,P32246__P46094,P46094,P32246,162_p46094_full::ZINC000509382812,ZINC000509382812,0.44155844155844154,402.4950000000001,2.407120000000001,87.79,3,2,5,0.8253390105245482,3.628207204044733,-9.664,-6.82,-2.827,-2.597999999999999,0.4420414761837029,0.5129999999999999,-3.34,True,True,0.0982337635010481,0.5162648916244507,0.8802719950675965,0.008944779867306352,0.1273174986243248,0.056669665547087786,0.6481624245643616,0.6963155746459961,0.3686092972755432,0.13109823912382126,0.36559843719005586,0.9916025638580322,0.8212329149246216,0.5093099653720856,0.7485522031784058,-5.52641432307841,26.176992089414398,21.659149191621204,18.89541613096005,-3.565952214222894,1.748844828609196,False,False,False,not_evaluated_cross_domain_gate,False
A6PX-P164-0216,COc1ccc(S(=O)(=O)N2CCc3cc(C)ccc32)cc1[C@H]1CCN(C)C1,162_p46094_full,full,P32246__P46094,P46094,P32246,162_p46094_full::ZINC000509382812,ZINC000509382812,0.4266666666666667,386.51700000000017,3.174120000000002,49.85000000000001,4,0,4,0.8098729996710854,2.777356360692602,-9.087,-6.242,-2.8069999999999995,-2.692,0.10258979806329038,0.5129999999999999,-3.3199999999999994,True,False,0.23143375813961028,0.9720146536827088,0.963122296333313,0.058608752116560935,0.26099891066551206,0.11435103230178356,0.25692920088768006,0.9180605292320252,0.24766523241996766,0.567771726846695,0.6332025945186615,0.9998642683029175,0.9941454529762268,0.7373558282852173,0.9431531190872192,-4.449892940748218,61.06675890257893,34.44901032475699,16.22454361063462,-3.9296445070332995,-0.7027847073014653,True,False,False,seed_baseline_missing_or_failed,False
A6PX-P164-0158,Cc1ccc2c(c1)CCN2S(=O)(=O)c1ccc(F)c([C@@]2(N)CCCN2)c1,162_p46094_full,full,P32246__P46094,P46094,P32246,162_p46094_full::ZINC000509382812,ZINC000509382812,0.42105263157894735,375.46900000000016,2.380420000000001,75.43,3,2,4,0.8637359324858599,3.2924501578540406,-9.279,-6.777,-2.502,-1.3629999999999995,0.5708662034331883,0.5129999999999999,-3.0149999999999997,True,False,0.370842245221138,0.8546206593513489,0.9607287406921386,0.053692273795604706,0.20463053286075591,0.07269244603812694,0.19995683319866658,0.9158708810806274,0.4318928956985474,0.48869105577468874,0.5768900990486145,0.9997456073760986,0.9411520600318909,0.26394385993480685,0.8305497407913208,-5.476123716561542,29.746154948772762,-3.9545387053809478,43.07077435510002,-2.9924866149839398,1.2925095530660384,True,False,False,seed_baseline_missing_or_failed,False
A6PX-P164-0140,CC(=O)N(C)C(=O)c1cc(C(=O)Nc2ccc(C)cn2)ccc1F,162_p46094_full,full,P32246__P46094,P46094,P32246,162_p46094_full::ZINC000509382812,ZINC000509382812,0.1111111111111111,329.33100000000013,2.3999200000000007,79.37,3,1,4,0.9376014054912831,2.3008240465935685,-8.65,-6.787,-1.8630000000000004,-1.0199999999999996,0.46568396531935213,0.5129999999999999,-2.3760000000000003,True,False,0.46978506445884705,0.962742280960083,0.9749428987503052,0.16657890006899834,0.11881041005253792,0.06428704764693975,0.007751302979886532,0.10758660100400448,0.31626640558242797,0.29242093563079835,0.9416332840919495,0.9995425462722778,0.9549209713935852,0.04421548917889595,0.2136741243302822,-4.534233250701019,63.452626553968194,39.49608049309059,14.771257027993963,-4.0715702541645005,7.3173407752820285,True,False,False,seed_baseline_missing_or_failed,False
A6PX-P164-0155,CC1=N[C@@](C)(c2cc(C(=O)N3CCc4cc(C)cnc43)ccc2Cl)C(=O)N1,162_p46094_full,full,P32246__P46094,P46094,P32246,162_p46094_full::ZINC000509382812,ZINC000509382812,0.2087912087912088,382.8510000000001,3.0097200000000006,74.66,2,1,4,0.8659063811654955,3.5391841096804564,-8.734,-6.92,-1.7859999999999996,-1.391,0.46336474713651793,0.5129999999999999,-2.2989999999999995,False,False,0.13187483847141265,0.9109484553337097,0.9656245231628418,0.02785628312267363,0.391838812828064,0.3323503226041794,0.05637760013341904,0.7277005434036254,0.48868680000305176,0.26994216442108154,0.7739174485206604,0.9999143719673157,0.9774891257286071,0.5857800245285034,0.6034074604511261,-5.185308438310881,-10.728958432981466,32.42213984679156,42.0148197144611,-4.330193949923045,-0.3327485942493193,False,False,False,not_evaluated_cross_domain_gate,False
A6PX-P164-0242,CCC[C@](N)(CO)c1cc(S(=O)(=O)N2CCc3cc(F)cnc32)ccc1F,162_p46094_full,full,P32246__P46094,P46094,P32246,162_p46094_full::ZINC000509382812,ZINC000509382812,0.3058823529411765,397.44700000000023,2.0576000000000003,96.52000000000001,6,2,5,0.777804892041741,3.3880753945037423,-9.253,-7.273,-1.6059999999999999,-1.3609999999999989,0.4022495079756682,0.5129999999999999,-2.1189999999999998,True,False,0.043224620446562764,0.6565081179141998,0.868681538105011,0.007273054122924805,0.0809896882623434,0.16268668994307517,0.08629995957016945,0.6646300375461578,0.35656226277351377,0.25821803957223893,0.4121730089187622,0.9995460271835327,0.8866925597190857,0.19501712769269944,0.6920548558235169,-5.000100634781499,40.314350796330665,-2.354565071232107,60.070115321169695,-3.572947890214349,9.344910319092866,True,False,False,seed_baseline_missing_or_failed,False
A6PX-P164-0068,C=C1N[C@H](CO)[C@H](O)N1c1cc(S(=O)(=O)N2CCc3cc(F)ccc32)ccc1OC,162_p46094_partial,partial,P32246__P46094,P46094,P32246,162_p46094_partial::ZINC000509382812,ZINC000509382812,0.5131578947368421,435.47700000000015,1.5034,102.67000000000002,5,2,7,0.7381113787285298,3.6531753807930336,-9.366,-5.998,-3.4769999999999994,-3.125,0.3138973646839931,0.5129999999999999,-3.9899999999999993,True,False,0.04911972712725401,0.6088187873363495,0.8900558352470398,0.009894874994643033,0.17866082042455672,0.20665366053581238,0.11948697790503501,0.5737989664077758,0.29403186589479446,0.09371986500918865,0.7091287612915039,0.9956063628196716,0.7870100736618042,0.668873792886734,0.8333174109458923,-5.461771995583287,18.938273000768316,17.844802225019098,28.042451512901987,-2.519497102319978,0.3336604612921805,True,False,False,seed_baseline_missing_or_failed,False
A6PX-P164-0002,COc1ccc(S(=O)(=O)N2CCc3cc(F)ccc32)cc1CNC(C)=O,162_p46094_partial,partial,P32246__P46094,P46094,P32246,162_p46094_partial::ZINC000509382812,ZINC000509382812,0.5428571428571428,378.4250000000001,2.2218,75.71000000000001,5,1,4,0.8656991825340079,2.193802566386738,-8.663,-6.04,-2.63,-1.3940000000000001,0.6036888455340402,0.5129999999999999,-3.143,True,False,0.1775168627500534,0.8750129342079163,0.935925018787384,0.15157436579465866,0.7752614259719849,0.5238005995750428,0.19519691914319992,0.8486087083816528,0.35794042646884916,0.07802189067006111,0.8585918188095093,0.999834680557251,0.9685397028923035,0.22639817446470262,0.6741351008415222,-4.6429718710902295,54.24228186407728,38.42002096472616,22.273983750278102,-4.128769896159161,-0.3488208764814857,True,False,False,seed_baseline_missing_or_failed,False
A6PX-P164-0086,CCNC[C@@H](CO)c1cc(S(=O)(=O)N2CCc3cc(F)ccc32)ccc1OC,162_p46094_partial,partial,P32246__P46094,P46094,P32246,162_p46094_partial::ZINC000509382812,ZINC000509382812,0.5066666666666667,408.4950000000002,2.271100000000001,78.87,8,2,5,0.7006613701502644,3.0147762960553948,-7.747,-5.153,-2.457,-1.9860000000000007,0.3551847719458453,0.5129999999999999,-2.9699999999999998,True,True,0.1119199424982071,0.6263440728187561,0.9320574283599854,0.0962992824614048,0.3435550183057785,0.1430234707891941,0.6221223592758178,0.9076162457466126,0.4337481290102005,0.2627547442913055,0.484891939163208,0.999703872203827,0.9362214922904968,0.40487225353717804,0.9120008111000061,-5.070701416152442,19.37834308695099,8.675761896749602,52.89635330165832,-2.961247722848131,10.944517256472299,True,False,False,seed_baseline_missing_or_failed,False
A6PX-P164-0005,COc1ccc(S(=O)(=O)N2CCc3cc(F)ccc32)cc1N1CCC[C@@H](N)C1,162_p46094_partial,partial,P32246__P46094,P46094,P32246,162_p46094_partial::ZINC000509382812,ZINC000509382812,0.5277777777777778,405.49500000000023,2.5132000000000003,75.87,4,1,5,0.8459884587113762,2.805721326390202,-8.542,-6.22,-2.322,-2.190999999999999,0.0711352389622913,0.5129999999999999,-2.835,True,True,0.2471199870109558,0.9342739701271057,0.9333339214324952,0.27297426462173463,0.7208264589309692,0.548914235830307,0.5501253187656403,0.9759156942367554,0.14853371679782867,0.512973839044571,0.5802032947540283,0.9999616384506226,0.9798134446144104,0.4583302915096283,0.9575247645378113,-4.790735676360291,41.563645311843196,18.30839327361704,3.8798062378501212,-3.674075741196036,2.047428944067163,True,False,False,seed_baseline_missing_or_failed,False
A6PX-P164-0006,CCOC(=O)Nc1cc(S(=O)(=O)N2CCc3cc(F)ccc32)ccc1OC,162_p46094_partial,partial,P32246__P46094,P46094,P32246,162_p46094_partial::ZINC000509382812,ZINC000509382812,0.5277777777777778,394.42400000000015,3.1541000000000015,84.94,5,1,5,0.8421108314269081,2.1737991926072535,-8.283,-6.359,-1.9299999999999997,-1.8949999999999996,0.045886332993121205,0.5129999999999999,-2.4429999999999996,True,False,0.11915309429168701,0.8380389213562012,0.9191686630249023,0.522902113199234,0.8671823501586914,0.877248752117157,0.18096782118082047,0.8941641449928284,0.36527303159236907,0.12261531054973603,0.9578091621398925,0.9998162269592286,0.9632664918899536,0.41900835931301117,0.7849815845489502,-4.525488113639788,60.58840798780352,39.49452192552157,30.943437923587567,-4.460263785296933,-2.7626860157423687,True,False,False,seed_baseline_missing_or_failed,False
A6PX-P164-0031,CNC[C@@](C)(N)c1cc(S(=O)(=O)N2CCc3cc(F)ccc32)ccc1OC,162_p46094_partial,partial,P32246__P46094,P46094,P32246,162_p46094_partial::ZINC000509382812,ZINC000509382812,0.5277777777777778,393.48400000000015,1.9789999999999999,84.66000000000001,6,2,5,0.7840012637097451,3.056561049389397,-8.168,-5.613,-1.8920000000000003,-1.6339999999999995,0.38792525053159366,0.5129999999999999,-2.4050000000000002,True,False,0.11109777316451072,0.841890275478363,0.9746469378471374,0.0444592222571373,0.16747243851423263,0.038788790442049505,0.6141005516052246,0.9564905405044556,0.3812670946121216,0.3844153434038162,0.3126862049102783,0.9997406482696534,0.9636207342147827,0.14645561277866365,0.8456197619438172,-5.152033837243608,28.70392920625853,5.9060477645632385,28.3558801184249,-2.7037420471669087,4.882198043829937,False,False,False,not_evaluated_cross_domain_gate,False
A6PX-P162-0129,CS(=O)(=O)c1ccc(CCCC(=O)N2CC(=O)N(c3ccc(O)cc3)C2)cc1,163_xcr1_full,full,P46094__P51677,P46094,P51677,163_xcr1_full::ZINC000767507573,ZINC000767507573,0.3333333333333333,402.47200000000015,1.9513,94.99000000000001,6,1,5,0.7969261035828129,2.3041909766153257,-5.831,-4.721,-1.0670000000000002,-1.056,0.17659809990169448,-1.04,-0.027000000000000135,False,False,0.2574100077152252,0.7171902775764465,0.6716318488121032,0.09881111606955528,0.5795537173748017,0.3640046358108521,0.12161529734730721,0.350498104095459,0.3755642056465149,0.08202411457896233,0.8044501304626465,0.9803964734077454,0.7430251717567444,0.3699983671307564,0.44420514106750486,-5.429361919785272,51.898911942469155,25.866563412999824,14.590114702147329,-3.269112506073154,-1.418321613026554,False,False,False,not_evaluated_cross_domain_gate,False
A6PX-P162-0019,NS(=O)(=O)c1ccc(CCOC(=O)[C@@H]2CC(=O)N(c3ccc4c(c3)CCC4)C2)cc1,163_xcr1_partial,partial,P46094__P51677,P46094,P51677,163_xcr1_partial::ZINC000767507573,ZINC000767507573,0.7213114754098361,428.51000000000016,1.9614999999999996,106.76999999999998,6,1,5,0.7080984093758088,2.763430497322707,-6.776,-5.551,-1.0919999999999996,-1.0330000000000004,0.16604082496649877,-1.04,-0.0519999999999996,False,False,0.2030657112598419,0.9325233340263367,0.8309306859970093,0.5135418057441712,0.7487957954406739,0.7275072813034058,0.29745240062475203,0.8610185384750366,0.3496475726366043,0.34058516323566435,0.9128817319869995,0.9984733939170838,0.8704167366027832,0.5559341311454773,0.6010905742645264,-5.155589959305503,86.93456265567374,80.7270989231209,-11.863563990411276,-3.3590759719582692,-0.8940632946846823,False,False,False,not_evaluated_cross_domain_gate,False
A6PX-P167-0001,O=C(Nc1ccc(C2CC2)cc1)c1ccc2c(c1)C(=O)NCCO2,166_p46095_partial,partial,P46089__P46095,P46095,P46089,166_p46095_partial::ZINC001129121367,ZINC001129121367,0.5151515151515151,322.3640000000001,2.9385000000000003,67.43,3,2,3,0.912798408619025,2.120055546464936,-9.916,-5.717,-4.305000000000001,-3.1629999999999994,0.5448194400186384,-1.2279999999999998,-3.077000000000001,True,False,0.6895262241363526,0.891647744178772,0.9514587879180908,0.5831505477428436,0.447363543510437,0.3792793333530426,0.10218494161963462,0.2196259617805481,0.2645434826612473,0.11245695576071739,0.9061478734016418,0.9993248820304871,0.9316865563392639,0.25245116353034974,0.4714352488517761,-4.613254236735495,53.10085780086695,16.422932789868007,21.762828164170262,-5.269281560291982,-2.702169437477121,True,False,False,seed_baseline_missing_or_failed,False
A6PX-P168-0156,CC1(C)OCC[C@@]12CCc1cccc3c1[C@H]2CC(O)=C3,168_p47775_full,full,P46095__P47775,P47775,P46095,168_p47775_full::ZINC000096520941,ZINC000096520941,0.1,270.372,3.4170000000000025,26.3,0,0,2,0.721816911198745,4.426002142076483,-11.109,-5.959,-5.152,-5.146000000000001,0.018080068829760283,-3.019,-2.133,True,True,0.47867971658706665,0.9946836352348327,0.9723840475082397,0.13714394345879555,0.6239769041538239,0.18415694534778596,0.05776755511760712,0.1463042713701725,0.033653889782726765,0.07271346263587475,0.2787538319826126,0.9999883651733399,0.9950721383094787,0.37107996344566346,0.4666632279753685,-4.473436190874951,70.90021739264263,24.385040455149387,-0.2647059685119789,-3.505349250859857,-0.42474542158310963,True,True,True,dual_endpoint_improved,True
A6PX-P168-0106,C[C@@]12CCc3ccccc3CC(=O)[C@@]1(C)CC[C@@H](O)C2,168_p47775_full,full,P46095__P47775,P47775,P46095,168_p47775_full::ZINC000096520941,ZINC000096520941,0.14545454545454545,272.388,3.3018000000000023,37.3,0,1,2,0.7865174246745134,3.6839304537136712,-10.396,-5.644,-4.7459999999999996,-4.7330000000000005,0.007930251502246827,-3.019,-1.7269999999999994,True,True,0.14998411163687705,0.9622267961502076,0.9478238105773926,0.19438248723745347,0.4235790193080902,0.11095987558364868,0.046025429386645555,0.21233449131250381,0.04790209219790995,0.04844455420970917,0.10996457859873772,0.9999936819076538,0.9873000860214234,0.527407455444336,0.4363115757703781,-4.223560458836983,87.59581039636119,20.828781241746363,5.751163300446035,-3.3193030798936918,-1.9975459835480436,True,True,True,dual_endpoint_improved,True
A6PX-P168-0097,CC1=Cc2cccnc2[C@]12C[C@@H]1CCC[C@]1(O)C(=O)[C@@H]2C,168_p47775_full,full,P46095__P47775,P47775,P46095,168_p47775_full::ZINC000096520941,ZINC000096520941,0.1076923076923077,283.37100000000004,2.876400000000001,50.19,0,1,3,0.7962266582451594,4.9453257586329515,-10.511,-5.944,-4.555000000000001,-4.549999999999999,0.01172840805717258,-3.019,-1.5360000000000005,True,False,0.27351743578910825,0.9063925623893738,0.8998579382896423,0.12974293045699598,0.3274308413267136,0.2075921855866909,0.01013350891880691,0.40852802991867065,0.013693879300262779,0.14044310450553893,0.24957432523369788,0.9999979257583618,0.9769574880599976,0.1616853389889002,0.10781368464231492,-4.375558792454553,72.56415007458585,5.8958119318747215,-11.579509204056288,-2.6956877601815847,-1.9818970379838607,True,True,True,dual_endpoint_improved,False
A6PX-P168-0143,CC1(C)CC[C@H]2CCC[C@@H](c3ccnc(C#N)c3)[C@@]21C,168_p47775_full,full,P46095__P47775,P47775,P46095,168_p47775_full::ZINC000096520941,ZINC000096520941,0.06349206349206349,268.404,4.663280000000004,36.68,1,0,2,0.7421890561993576,3.951759574592792,-10.03,-5.501,-4.526000000000001,-4.44,0.042820036846732565,-3.019,-1.5070000000000006,True,False,0.12316858321428299,0.9806514859199524,0.9476647138595581,0.14159986451268197,0.34231669157743455,0.11378643568605185,0.05832281487528235,0.397050479054451,0.0720744289457798,0.1312101025134325,0.10207658186554909,0.9999846458435059,0.9979534029960633,0.22512034475803375,0.6441598117351532,-4.4953552546749975,71.0473288318575,40.00298396370563,11.454058861186741,-5.722410994581729,7.794308679289817,True,True,True,dual_endpoint_improved,False
A6PX-P168-0096,CC[C@H]1c2ccccc2CC[C@]23C[C@](O)(CC[C@]12C)C3,168_p47775_full,full,P46095__P47775,P47775,P46095,168_p47775_full::ZINC000096520941,ZINC000096520941,0.12280701754385964,270.416,4.437800000000004,20.23,1,1,1,0.7996846439685101,4.884846956303708,-10.068,-5.781,-4.305,-3.819,0.27209965494690025,-3.019,-1.2859999999999996,True,True,0.05278540104627609,0.8247380256652832,0.8907589077949524,0.26917933821678164,0.31191830784082414,0.11964646056294441,0.06719503873027861,0.3988854870200157,0.039920608018292114,0.03832823093980551,0.044574187509715556,0.9999752998352051,0.9872618079185486,0.19428531341254712,0.5428546816110611,-4.503621477503245,61.835875265347944,24.602670282186686,-0.3474481831925999,-4.664919208163765,3.756779101045923,False,False,False,not_evaluated_cross_domain_gate,False
A6PX-P168-0007,CC[C@]12CC[C@@]1(O)CCC[C@@H]2c1ccccc(=O)c1CO,168_p47775_full,full,P46095__P47775,P47775,P46095,168_p47775_full::ZINC000096520941,ZINC000096520941,0.15254237288135594,288.38700000000006,2.727900000000001,57.53,3,2,3,0.8988601008452933,4.037096437629426,-9.053,-4.844,-4.221000000000001,-3.9929999999999994,0.10941460394095326,-3.019,-1.2020000000000008,True,False,0.07626116462051868,0.44438697695732116,0.7271463871002197,0.11235257312655449,0.12200637608766556,0.07937363609671592,0.010572789050638676,0.09087938219308853,0.024560979426314588,0.051173288747668265,0.054408971592783927,0.9998145580291748,0.8886419653892517,0.15150901153683663,0.23161090761423112,-4.346843187948378,51.864099076041484,-9.192750901989768,11.91026015122738,-3.0762773086441713,3.1129683427031707,True,True,True,dual_endpoint_improved,False
A6PX-P168-0082,OC[C@@]12CCC[C@]13[C@H](CC2)C[C@H]1Cc2ccccc2[C@H]13,168_p47775_full,full,P46095__P47775,P47775,P46095,168_p47775_full::ZINC000096520941,ZINC000096520941,0.09836065573770492,268.4,3.9052000000000024,20.23,1,1,1,0.8185889893871553,4.7801140787064025,-10.035,-5.846,-4.201,-4.183,0.009568466729604923,-3.019,-1.1819999999999995,True,True,0.021308937575668097,0.4497450292110443,0.7732544660568237,0.5566449195146561,0.3265294462442398,0.0882492158561945,0.03530357424169779,0.23437198847532273,0.011419557388671819,0.011485952138900756,0.039354931097477674,0.9999793529510498,0.986606216430664,0.13217465206980705,0.4136325538158417,-4.5341436325552325,77.24418172466595,20.04021418508198,12.846556644811349,-4.792774962489131,6.222747547876351,False,False,False,not_evaluated_cross_domain_gate,False
A6PX-P168-0122,O[C@@H]1CC[C@H]2CC[C@]1(O)CC[C@@]21CCCc2ccccc21,168_p47775_full,full,P46095__P47775,P47775,P46095,168_p47775_full::ZINC000096520941,ZINC000096520941,0.10526315789473684,286.41500000000013,3.336700000000002,40.46,0,2,2,0.7677222981787563,4.969392596071752,-10.048,-5.935,-4.113,-3.4189999999999996,0.33345197888485,-3.019,-1.0940000000000003,True,True,0.06482445523142814,0.30220382660627365,0.8221564054489136,0.24484702870249747,0.273629866540432,0.06889633964747191,0.017804624751443045,0.021720511373132467,0.03070206594784395,0.011722651589661837,0.05440462790429592,0.9991022706031799,0.9463192224502563,0.24442395940423012,0.38879607170820235,-4.572164554906713,59.56887753364422,10.656384089601532,10.197435743856838,-3.9477998030809447,0.494030607390256,False,False,False,not_evaluated_cross_domain_gate,False
A6PX-P168-0091,CCC[C@]1(c2ccccn2)CC[C@@]2(OC)CCC[C@]21C,168_p47775_full,full,P46095__P47775,P47775,P46095,168_p47775_full::ZINC000096520941,ZINC000096520941,0.09836065573770492,273.4200000000001,4.488700000000004,22.12,4,0,2,0.806130465793132,4.13441667407226,-8.889,-4.782,-4.106999999999999,-3.5330000000000004,0.28988541797675066,-3.019,-1.0879999999999992,True,False,0.09436107650399209,0.9869497299194336,0.9202666759490967,0.07905492447316646,0.24705374017357826,0.1357090757228434,0.09666822534054517,0.6142654418945312,0.013080577965592966,0.11631605252623559,0.035159621760249136,0.9999965190887451,0.9963733434677124,0.12867741286754608,0.448767352104187,-4.025789016235027,97.29839153593825,46.802327621445976,19.50976231551229,-3.9977359260263947,6.025588897292816,False,False,False,not_evaluated_cross_domain_gate,False
A6PX-P168-0031,CC[C@@]12C3CCC[C@]1(c1cccc(O)c1)CC[C@]2(O)C3,168_p47775_full,full,P46095__P47775,P47775,P46095,168_p47775_full::ZINC000096520941,ZINC000096520941,0.09836065573770492,272.38800000000003,3.7551000000000023,40.46,2,2,2,0.8603836003446018,4.312577096941714,-9.102,-5.115,-3.9849999999999994,-3.9619999999999997,0.011614167593456362,-3.019,-0.9659999999999993,True,True,0.02809379789978266,0.30723807215690613,0.6314765095710755,0.3453826874494553,0.4215537548065186,0.30526703894138335,0.021106220921501516,0.3350062996149063,0.08679605311226624,0.010484196385368705,0.01972484411671758,0.9999592542648316,0.9624953627586365,0.04294531415216625,0.1971100836992264,-4.671897552555682,87.5947948092572,51.66176325914891,-25.628327392175333,-4.29500471394205,3.2718298668621015,False,False,False,not_evaluated_cross_domain_gate,False
A6PX-P168-0076,NC1CCC[C@]2(CN[C@@]23CCOC3)[C@H]1c1ccccc1,168_p47775_full,full,P46095__P47775,P47775,P46095,168_p47775_full::ZINC000096520941,ZINC000096520941,0.09836065573770492,272.39200000000005,2.0301,47.28,1,2,3,0.822131321054035,4.959219729051324,-9.498,-5.551,-3.943999999999999,-3.9370000000000003,0.006976149845485276,-3.019,-0.9249999999999989,True,False,0.46850626170635223,0.968833065032959,0.9471326470375061,0.05432976055890322,0.13325720354914666,0.014955012686550617,0.40277724266052245,0.43423070907592776,0.009209546376951039,0.21443029195070268,0.04178940393030643,0.9999569416046142,0.8847273111343383,0.011241970211267471,0.5802708268165588,-4.941485981487931,37.775243931082194,-18.723825833410285,14.675677883851147,-1.586306502218624,5.534025114342315,True,True,True,dual_endpoint_improved,False
A6PX-P168-0013,Cc1ccc([C@@H](C2=CNC(=O)C2(C)C)C(C)C)cc1O,168_p47775_full,full,P46095__P47775,P47775,P46095,168_p47775_full::ZINC000096520941,ZINC000096520941,0.14285714285714285,273.376,3.4801200000000017,49.33,3,2,2,0.885467073088408,3.5764101580379375,-8.957,-5.144,-3.8900000000000006,-3.643,0.1209030833169925,-3.019,-0.8710000000000004,True,False,0.07097547166049481,0.5909994721412659,0.7607823014259338,0.16673241704702377,0.641602385044098,0.4384048044681549,0.12242158576846122,0.7089426517486572,0.22935355231165885,0.00916790971532464,0.0978856135159731,0.9998766303062439,0.9330522894859314,0.012705584801733494,0.2854132056236267,-4.782472697397931,60.003224104065524,49.11034261346123,-9.96084619444087,-3.315684676783996,2.6477269112925867,False,False,False,not_evaluated_cross_domain_gate,False
A6PX-P168-0089,O[C@]12CCC[C@]13CCCC[C@]3(c1cccc(F)c1)CC2,168_p47775_full,full,P46095__P47775,P47775,P46095,168_p47775_full::ZINC000096520941,ZINC000096520941,0.09090909090909091,274.37899999999996,4.3327000000000035,20.23,1,1,1,0.8077046772997752,4.2703478198206,-9.79,-5.908,-3.8660000000000005,-3.8579999999999988,0.013597385369580946,-3.019,-0.8470000000000004,True,True,0.027506355522200467,0.35005420446395874,0.8206270337104797,0.34486891627311705,0.4224246725440025,0.3231693714857101,0.003866682411171496,0.2763802342116833,0.07578472197237715,0.004819258232600987,0.03238535725977272,0.999969482421875,0.9847581386566162,0.07564603071659803,0.41908821165561677,-4.254796701296103,71.56003143187641,11.921207411855823,16.246470789639595,-4.198893088876031,4.004271424271829,False,False,False,not_evaluated_cross_domain_gate,False
A6PX-P168-0064,C[C@@H]1CCC[C@@]2(C)[C@H](O)CC[C@@]12C(=O)c1ccccc1,168_p47775_full,full,P46095__P47775,P47775,P46095,168_p47775_full::ZINC000096520941,ZINC000096520941,0.16666666666666666,272.38800000000003,3.836700000000003,37.3,2,1,2,0.8305926769521577,3.742800361834716,-9.042,-5.153,-3.859,-3.7929999999999993,0.17136575568713322,-3.019,-0.8399999999999999,True,True,0.08757325336337089,0.9449298262596131,0.8919952273368835,0.3084489479660988,0.663372528553009,0.5070009917020798,0.029376147780567408,0.5496633440256119,0.03643435537815094,0.031386015191674235,0.13123114556074142,0.9999969244003296,0.9845582127571106,0.4217835247516632,0.3249771624803543,-4.202152633673533,106.49455284990654,25.446754043312932,10.97670764943814,-3.634494738653278,0.4361309960234575,False,False,False,not_evaluated_cross_domain_gate,False
A6PX-P168-0022,CCC[C@]1(c2cccc(O)c2)CC[C@@]2(O)CCC[C@]21C,168_p47775_full,full,P46095__P47775,P47775,P46095,168_p47775_full::ZINC000096520941,ZINC000096520941,0.1016949152542373,274.404,4.145200000000004,40.46,3,2,2,0.8691347515855815,3.977525783384001,-9.01,-5.314,-3.6959999999999997,-3.6610000000000005,0.20626358541115947,-3.019,-0.6769999999999996,True,False,0.04279305413365364,0.5820723295211792,0.6833472728729248,0.40965737104415895,0.34925147593021394,0.297289077937603,0.09828251348808408,0.5042519509792328,0.11149408284109086,0.02789225149899721,0.02565954141318798,0.9999566555023194,0.9632792234420776,0.10974380783736706,0.415507447719574,-4.61581866502217,99.05096912960688,59.87775934155879,-17.728969932879657,-4.66174026139074,3.1800718919811133,False,False,False,not_evaluated_cross_domain_gate,False
A6PX-P168-0100,CC1=CC=C2C(=O)[C@@](C)(C(C)(C)O)C[C@H]3C[C@]1(C)[C@@]23C,168_p47775_full,full,P46095__P47775,P47775,P46095,168_p47775_full::ZINC000096520941,ZINC000096520941,0.10714285714285714,274.404,3.6552000000000024,37.3,1,1,2,0.7921017438660216,4.990316570625925,-8.99,-5.186,-3.636,-3.609000000000001,0.6174026239011298,-3.019,-0.617,True,False,0.09905944764614105,0.9863760948181153,0.8975475430488586,0.013070897178840824,0.5925442010164261,0.19237930197268724,0.018741278164088725,0.6618780136108399,0.10777120590209961,0.05633681565523148,0.08769166395068169,0.9999970912933349,0.9918488144874573,0.1441361613571644,0.14924729466438294,-4.116953298979321,74.15750037837266,29.639384440859196,-31.005679821942227,-3.4679465638435127,-4.912528491191029,False,False,False,not_evaluated_cross_domain_gate,False
A6PX-P168-0057,C[C@@H]1CC[C@]23CC[C@](C)(c4cccc(O)c4)[C@]12CCO3,168_p47775_full,full,P46095__P47775,P47775,P46095,168_p47775_full::ZINC000096520941,ZINC000096520941,0.09836065573770492,272.388,4.019100000000003,29.46,1,1,2,0.8364052061038862,4.275726894512564,-9.161,-5.537,-3.6279999999999992,-3.6179999999999994,0.008164965809277449,-3.019,-0.6089999999999991,True,False,0.06969225313514471,0.369496314227581,0.5213892757892609,0.4602086767554283,0.5448440432548523,0.3526605129241943,0.025079026445746423,0.5730193972587585,0.05106591609087445,0.012232802947983146,0.03240820928476751,0.9999614953994751,0.9826025485992431,0.017077109776437283,0.24357460737228392,-4.854124514994903,95.72692988575717,56.16647388133383,-7.497235033079889,-4.379935098545143,6.471304142630861,False,False,False,not_evaluated_cross_domain_gate,False
A6PX-P168-0077,CC[C@]1(c2ccccc(=O)c2)CC(=O)C(C)(C)C1(C)C,168_p47775_full,full,P46095__P47775,P47775,P46095,168_p47775_full::ZINC000096520941,ZINC000096520941,0.1346153846153846,272.388,3.719800000000003,34.14,2,0,2,0.821953779005885,3.6155137864849625,-8.793,-5.194,-3.6049999999999995,-2.4000000000000004,0.5839663232299157,-3.019,-0.5859999999999994,True,False,0.016440731287002564,0.9840771317481994,0.7994093537330628,0.01498885357286781,0.4891591012477875,0.21188823878765106,0.04074752721935511,0.46302019655704496,0.1888384163379669,0.03376828674226999,0.057457356993108985,0.9999738216400147,0.9942714214324951,0.08233798635192216,0.27079198509454727,-4.109789846419629,97.73831223370583,33.62474107818022,-6.431537653371294,-4.004500418879232,-4.505708475863611,False,False,False,not_evaluated_cross_domain_gate,False
A6PX-P168-0047,C=Cc1ccc(C(=O)[C@]2(C)CC[C@@H]3CC[C@@]2(O)C3)cc1,168_p47775_full,full,P46095__P47775,P47775,P46095,168_p47775_full::ZINC000096520941,ZINC000096520941,0.12280701754385964,270.372,3.843600000000003,37.3,3,1,2,0.8471806528014048,4.501763180028808,-8.684,-5.114,-3.5699999999999994,-3.5440000000000005,0.030652170486860416,-3.019,-0.5509999999999993,True,False,0.1418964996933937,0.8774903297424317,0.9296544551849365,0.3213997662067413,0.5103650748729706,0.31433285176754,0.04293539235368371,0.5678500950336456,0.06363538168370723,0.11428522914648057,0.18105768859386445,0.9999917030334473,0.9775280952453613,0.23116073682904242,0.2255117952823639,-4.268621350839499,85.2988227957948,16.06330885145555,-5.7339187138762275,-4.001202885095687,-1.814247763014609,True,True,True,dual_endpoint_improved,False
A6PX-P168-0005,Cc1cccc([C@@H]2C(=O)CO[C@@]2(C(=O)O)C(C)(C)C)c1,168_p47775_full,full,P46095__P47775,P47775,P46095,168_p47775_full::ZINC000096520941,ZINC000096520941,0.15789473684210525,276.332,2.5474200000000007,63.60000000000001,2,1,3,0.9012761072156882,3.714412859255818,-8.782,-5.255,-3.535,-2.74,0.4215023395216475,-3.019,-0.516,True,True,0.049972867406904695,0.84032142162323,0.9780613780021667,0.0013270307514176237,0.17996253520250322,0.042680511623620986,0.00036394390117493457,0.0024370142113184557,0.36925843805074693,0.010230645164847374,0.6482256829738617,0.9998878479003906,0.9224449157714844,0.005290237528970465,0.0021284000686137006,-4.641458300689601,29.040908423694543,8.09614768275049,-17.2779558669424,-2.7825467091137894,5.9456161036879545,True,True,False,not_dual_endpoint_improved,False
A6PX-P168-0024,COC(C)(C)C(C)(C)c1ccc2cc(C)c(O)c(O)cc1-2,168_p47775_full,full,P46095__P47775,P47775,P46095,168_p47775_full::ZINC000096520941,ZINC000096520941,0.12280701754385964,288.387,3.1203000000000025,46.53,3,1,3,0.8676401117659609,4.297768509533347,-8.559,-5.035,-3.5219999999999994,-2.617,0.4738820762829315,-3.019,-0.5029999999999992,False,True,0.39435008466243743,0.957296860218048,0.7676785469055176,0.11643877252936363,0.45865113139152525,0.22285813689231873,0.14071534052491189,0.41177110373973846,0.10643359422683715,0.14891074746847152,0.17993847355246545,0.9999735593795777,0.984448778629303,0.31687743961811066,0.3727454334497452,-4.325603334974839,70.97763940215536,27.904907058008575,-3.695265125636309,-3.7341996397865005,2.922493779723026,False,False,False,not_evaluated_cross_domain_gate,False
A6PX-P168-0075,C[C@]12[C@@H]3CC[C@]1(O)CCC[C@@]2(c1ccccc1)[C@H](O)C3,168_p47775_full,full,P46095__P47775,P47775,P46095,168_p47775_full::ZINC000096520941,ZINC000096520941,0.14814814814814814,272.388,3.0203000000000015,40.46,1,2,2,0.8247538668532476,4.215977850578506,-9.333,-5.901,-3.4290000000000003,-2.9570000000000007,0.23902022229649617,-3.019,-0.41000000000000014,True,False,0.03536011464893818,0.3316985905170441,0.7506743431091308,0.19444479793310165,0.3452638179063797,0.13335265256464482,0.012472821690607816,0.2213818296790123,0.025605428309063427,0.017196104489266874,0.029952338989824058,0.9999531269073486,0.9574994087219239,0.06045395098626614,0.17813094556331635,-4.337412567134363,58.065206749570486,-16.36282813763446,1.2429214041762755,-3.26545443146792,-0.2172143286103939,True,True,True,dual_endpoint_improved,False
A6PX-P168-0054,C[C@H]1[C@@H](C)[C@@](C)(C(=O)c2ccc3c(c2)CCC3)C[C@@H]1O,168_p47775_full,full,P46095__P47775,P47775,P46095,168_p47775_full::ZINC000096520941,ZINC000096520941,0.10344827586206896,272.38800000000003,3.4011000000000022,37.3,2,1,2,0.8377982796420169,3.831705032164386,-8.784,-5.439,-3.3179999999999996,-3.1950000000000003,0.07652595783276563,-3.019,-0.2989999999999995,True,True,0.1269347608089447,0.9677403569221497,0.9293041825294495,0.35187292098999023,0.5544456422328949,0.10662153102457524,0.08412661384791136,0.528761887550354,0.06577117331326007,0.04639947027899325,0.13860397338867186,0.9999972581863403,0.9903111219406128,0.631027615070343,0.310322567820549,-4.248097420692359,90.38219378213772,22.255973797205165,-2.3385379181859696,-3.722000617364869,-0.3488216046629332,False,False,False,not_evaluated_cross_domain_gate,False
A6PX-P168-0038,C[C@]12CC(=O)CC[C@@]1(C)[C@@H](O)C[C@]2(C)c1ccncc1,168_p47775_full,full,P46095__P47775,P47775,P46095,168_p47775_full::ZINC000096520941,ZINC000096520941,0.10344827586206896,273.3760000000001,2.8695000000000013,50.19,1,1,3,0.855658871762758,4.190839018178373,-8.979,-5.691,-3.2890000000000006,-3.255,0.01883259585576735,-3.019,-0.27000000000000046,True,False,0.0693632804788649,0.8715024709701538,0.8504071593284607,0.05620300192385912,0.3219870820641518,0.2542388029396534,0.026625239476561546,0.6969117045402526,0.016140741849085316,0.13234128579497337,0.08897656500339508,0.9999953508377075,0.9718328356742859,0.053703447431325914,0.1552313230931759,-4.265664957459807,72.15758620890226,-0.687622644724469,-8.933209602425828,-2.161647809046958,-1.2183819188177778,False,False,False,not_evaluated_cross_domain_gate,False
A6PX-P168-0033,COc1ccc(C(=O)[C@@]2(O)CCCCC23CCC3)cc1,168_p47775_full,full,P46095__P47775,P47775,P46095,168_p47775_full::ZINC000096520941,ZINC000096520941,0.11764705882352941,274.36,3.3533000000000017,46.53,3,1,3,0.8597318014253029,3.4320071020653184,-8.658,-5.351,-3.2319999999999993,-3.2079999999999993,0.3244742756453208,-3.019,-0.2129999999999992,True,True,0.15386481285095216,0.7949296236038208,0.9654375672340393,0.5772443413734436,0.5635550558567047,0.44124298095703124,0.04070268645882606,0.649381446838379,0.039440932031720874,0.07673658020794391,0.16756380945444108,0.999981164932251,0.9885385513305665,0.27036394625902177,0.29793021380901336,-4.027396182376082,110.17938187629586,50.91105224340966,-1.5341553566404513,-4.123934208382361,-1.4749100311343624,False,False,False,not_evaluated_cross_domain_gate,False
A6PX-P168-0148,C[C@@]12CC[C@H]3CC=C(O)C=C4C[C@@H](C[C@@]1(C)O)[C@]2(C)[C@]43C,168_p47775_full,full,P46095__P47775,P47775,P46095,168_p47775_full::ZINC000096520941,ZINC000096520941,0.0847457627118644,288.43100000000004,3.8792000000000035,37.3,0,1,2,0.7342296115534325,4.948649003771748,-8.754,-5.541,-3.212999999999999,-2.417,0.3773772059300289,-3.019,-0.19399999999999906,True,True,0.04060150571167469,0.8841445803642273,0.8920276761054993,0.011829292541369796,0.27619076520204544,0.06947558987885713,0.022884403984062374,0.30738900750875475,0.06963610053062438,0.0618290938436985,0.1601853795349598,0.9999411106109619,0.9848897099494934,0.3594915881752968,0.20611509457230567,-4.133505235725811,58.77965507307458,6.59854907193498,-9.494860400206775,-3.940914456354384,-3.729619124710294,False,False,False,not_evaluated_cross_domain_gate,False
A6PX-P168-0046,C[C@H](c1cccc(O)c1)[C@]1(C)CCC[C@H](O)C12CCC2,168_p47775_full,full,P46095__P47775,P47775,P46095,168_p47775_full::ZINC000096520941,ZINC000096520941,0.16071428571428573,274.404,4.217100000000003,40.46,2,2,2,0.8474902664955415,4.29650780535231,-8.618,-5.474,-3.135,-3.1259999999999994,0.011671427600007908,-3.019,-0.11599999999999966,True,False,0.04426227062940598,0.3633071780204773,0.48964132070541383,0.5379396259784699,0.5309357836842536,0.4473470404744148,0.14373962581157684,0.5363968431949615,0.09912936144974083,0.021222387626767158,0.015241214446723461,0.9999537467956543,0.9535023927688598,0.09411443173885345,0.5003743588924408,-4.775348912605215,84.77015841110483,53.93991941764905,-21.462231500746363,-4.609972807540063,4.712660998016991,False,False,False,not_evaluated_cross_domain_gate,False
A6PX-P168-0019,CC[C@@]1(c2ccc(O)cc2)CC[C@]12CC[C@]1(CCO1)C2,168_p47775_full,full,P46095__P47775,P47775,P46095,168_p47775_full::ZINC000096520941,ZINC000096520941,0.10909090909090909,272.388,4.163200000000004,29.46,2,1,2,0.8755071302712423,4.727799949837946,-8.313,-5.18,-3.1140000000000008,-2.9909999999999997,0.0983948959832555,-3.019,-0.09500000000000064,True,True,0.06926769837737083,0.3859789550304413,0.7886117458343506,0.3527863472700119,0.20787175223231316,0.20663726478815078,0.013295155367814004,0.19266892820596696,0.08903077568975278,0.012838090001605452,0.07032907716929912,0.9996315956115722,0.9725802659988403,0.07224058718420565,0.3253105401992798,-4.9801727317733135,79.32096653446224,49.5970210796172,-1.6913051630334983,-4.109572409891216,5.997488567647549,False,False,False,not_evaluated_cross_domain_gate,False
A6PX-P168-0150,Cc1cccc([C@@]2(C)CC[C@@]34CCC[C@]32CCC4=O)c1,168_p47775_full,full,P46095__P47775,P47775,P46095,168_p47775_full::ZINC000096520941,ZINC000096520941,0.10344827586206896,268.4,4.566120000000004,17.07,1,0,1,0.7290815741728314,3.9058409655702366,-8.901,-5.811,-3.09,-3.032,0.0994965102682278,-3.019,-0.07099999999999973,True,True,0.03472293224185705,0.9613324165344238,0.9497312903404236,0.25810841619968417,0.5312578946352005,0.1297463595867157,0.04794931428041309,0.5653727799654007,0.06066549523966387,0.021462028101086616,0.0797976091504097,0.9999976396560669,0.9960092425346374,0.36130338311195376,0.409809198230505,-4.326551215100339,99.20347021684657,47.5972016469381,-6.668014168647237,-4.646608758823936,-0.6265806846155424,True,True,True,dual_endpoint_improved,True
A6PX-P016-0131,Cc1c(Cc2cccc(F)c2)cc2c3c([nH]n2c1=O)CC[C@H](C(=O)Nc1ccc(F)cc1)C3,16_adrb2_full,full,P07550__P21728,P07550,P21728,16_adrb2_full::ZINC000306137492,ZINC000306137492,0.28125,447.4850000000002,4.548620000000003,66.37,4,2,3,0.4821503169652196,3.261348862634991,-9.328,-5.937,-3.390999999999999,-3.2669999999999995,0.08131830462243246,-0.8319999999999999,-2.5589999999999993,True,True,0.21173954606056214,0.834823203086853,0.8946618676185608,0.2220795974135399,0.8215668201446533,0.888289749622345,0.19408212900161742,0.8281202793121338,0.5306794196367264,0.2671514630317688,0.8329855799674988,0.9995625019073486,0.786783766746521,0.8784746885299682,0.8946624279022217,-5.246903719436843,48.70957849976707,34.14071951412862,73.86362498653469,-4.781681884153254,12.828132249596104,True,False,False,seed_baseline_missing_or_failed,False
A6PX-P016-0150,Cc1c(Nc2cccc(F)c2)nc2c3c(nn2c1C)CC[C@H](C(=O)Nc1ccc(F)cc1)C3,16_adrb2_full,full,P07550__P21728,P07550,P21728,16_adrb2_full::ZINC000306137492,ZINC000306137492,0.23469387755102042,447.4890000000002,5.111540000000004,71.32000000000001,4,2,5,0.4560477351630422,3.172226767708641,-8.903,-5.656,-3.2039999999999997,-2.4270000000000005,0.37990905344422754,-0.8319999999999999,-2.372,True,True,0.20839971601963042,0.8303818345069885,0.8861529946327209,0.2506925672292709,0.6013763904571533,0.6499669969081878,0.19319089353084565,0.6308116674423218,0.4500297397375107,0.17263403236865998,0.8857868194580079,0.999579906463623,0.8286390542984009,0.9354524135589599,0.8777579188346862,-5.214404422426011,17.10699660296286,44.30581434222341,127.19977234056167,-4.5130276328139,11.80612026677321,True,False,False,seed_baseline_missing_or_failed,False
A6PX-P016-0053,O=C(Nc1ccc(F)cc1)[C@H]1CCc2nn3c(c2C1)N=C(Cc1cccc(F)c1)C1(CC1)C3=O,16_adrb2_full,full,P07550__P21728,P07550,P21728,16_adrb2_full::ZINC000306137492,ZINC000306137492,0.26804123711340205,460.48400000000026,4.654100000000004,76.35,4,1,5,0.6156613810200762,3.941775656149125,-9.062,-5.988,-3.088,-2.7349999999999994,0.18134007340414962,-0.8319999999999999,-2.2560000000000002,True,False,0.23519161343574524,0.9495721936225892,0.9028282761573792,0.06667635962367058,0.7141832113265991,0.8492615699768067,0.11365724056959152,0.755654489994049,0.31616817489266397,0.10576674044132232,0.8838269472122192,0.9999332547187805,0.8922736883163452,0.9022873163223266,0.7259045958518981,-4.884040633201881,38.95639291770417,45.03773459732198,72.93363574790847,-5.39868813724191,3.1566497379733915,True,False,False,seed_baseline_missing_or_failed,False
A6PX-P016-0060,Cc1c(Nc2cccc(F)c2)nc2n(c1=O)C[C@@H]1CC[C@H](C(=O)Nc3ccc(F)cc3)C[C@H]21,16_adrb2_full,full,P07550__P21728,P07550,P21728,16_adrb2_full::ZINC000306137492,ZINC000306137492,0.3595505617977528,450.4890000000002,4.725720000000004,76.02000000000001,4,2,5,0.6028972476517269,3.6289424409193245,-8.581,-5.618,-2.987,-2.8089999999999993,0.09038067640080348,-0.8319999999999999,-2.1550000000000002,True,False,0.285136216878891,0.8965421676635742,0.9007936000823975,0.10656767413020134,0.45524668097496035,0.6205226361751557,0.2759683519601822,0.8053781390190125,0.2944577232003212,0.3282042324542999,0.8647672533988953,0.9991825580596924,0.8496709942817688,0.808109724521637,0.8368901491165162,-5.0519497150981065,44.73223314552173,34.23429795997375,63.52797233345293,-5.305365036043057,6.773109466496223,True,False,False,seed_baseline_missing_or_failed,False
A6PX-P016-0034,O=C(Nc1ccc(F)cc1)N1CC[C@H]2Cn3c(cc(Nc4cccc(F)c4)cc3=O)[C@H]2C1,16_adrb2_full,full,P07550__P21728,P07550,P21728,16_adrb2_full::ZINC000306137492,ZINC000306137492,0.35714285714285715,436.46200000000016,4.521300000000004,66.37,3,2,4,0.634504552516734,3.2949264562887137,-8.222,-5.166,-2.8890000000000002,-2.3569999999999993,0.3075754649946362,-0.8319999999999999,-2.0570000000000004,True,False,0.08667185977101326,0.8976863384246826,0.8310401201248169,0.3259665071964264,0.5284102141857148,0.5392747521400452,0.21313353925943374,0.7339718818664551,0.20081606805324553,0.5693449378013611,0.8463574767112731,0.998330008983612,0.8736756682395935,0.7032656192779541,0.8960650205612183,-4.948430195061129,27.95551941695846,3.280514979621734,65.7453854511808,-5.981091418904013,-0.10944871573610637,False,False,False,not_evaluated_cross_domain_gate,False
A6PX-P016-0133,Cc1c(O)c(Cc2cccc(F)c2)c(O)c2c3c(nn12)CCN(C(=O)Cc1ccc(F)cc1)C3,16_adrb2_full,full,P07550__P21728,P07550,P21728,16_adrb2_full::ZINC000306137492,ZINC000306137492,0.36363636363636365,463.48400000000015,4.050320000000005,78.07000000000001,4,2,5,0.4787962865656221,2.9400133039614786,-8.257,-5.427,-2.66,-2.3839999999999995,0.18378489842445975,-0.8319999999999999,-1.8280000000000003,True,False,0.16237123906612397,0.52542724609375,0.8540873885154724,0.04729021489620209,0.7366404414176941,0.8532311677932739,0.13334870636463164,0.783920407295227,0.362453493475914,0.08403950482606888,0.8669268488883972,0.9991233706474304,0.8927803635597229,0.923659873008728,0.8578720808029174,-5.040034746999894,16.44039779464246,74.3409974112251,16.91395976743392,-4.822104376458375,2.200463046224683,False,False,False,not_evaluated_cross_domain_gate,False
A6PX-P016-0129,Cc1c(Cc2cccc(F)c2)nc2c3c(nn2c1C)CCN(C(=O)Nc1ccc(F)cc1)C3,16_adrb2_full,full,P07550__P21728,P07550,P21728,16_adrb2_full::ZINC000306137492,ZINC000306137492,0.28421052631578947,447.4890000000002,4.805340000000005,62.53,3,1,4,0.49055393535489317,2.7354289341051565,-8.433,-5.769,-2.654,-2.62,0.061456398274621495,-0.8319999999999999,-1.822,False,False,0.10864185839891434,0.9105529665946961,0.8890123724937439,0.23794414699077607,0.831473457813263,0.7920685768127441,0.07809765338897705,0.8587172269821167,0.32082209214568136,0.20369851887226104,0.8976262450218201,0.9995878338813782,0.9421249151229858,0.9586653590202332,0.8666295647621155,-4.976096955459722,27.071477239902038,66.55213499797918,96.99862111337397,-5.70733231558853,2.027473337171161,False,False,False,not_evaluated_cross_domain_gate,False
A6PX-P016-0018,Cc1c([C@H]2CN(C(=O)Cc3ccc(F)cc3)CCC2=O)[nH]n(Cc2cccc(F)c2)c1=O,16_adrb2_full,full,P07550__P21728,P07550,P21728,16_adrb2_full::ZINC000306137492,ZINC000306137492,0.4567901234567901,439.46200000000016,2.939020000000002,75.17,5,1,4,0.664369501558418,3.174347890238372,-7.393,-4.861,-2.3549999999999995,-1.923,0.28800347220129124,-0.8319999999999999,-1.5229999999999997,False,False,0.04168489500880242,0.8712820053100586,0.8635113954544067,0.014825314003974199,0.6548291921615601,0.6474239587783813,0.1259225383400917,0.8423356175422668,0.18270943313837051,0.19916473925113679,0.7009664416313172,0.9995885491371155,0.9133746504783631,0.7587549090385437,0.6039714217185974,-4.950512640981583,79.89355507760197,20.833457347073683,-39.756800873268126,-4.503872247666451,1.1147726286557573,False,False,False,not_evaluated_cross_domain_gate,False
A6PX-P016-0051,Cc1c(Nc2cccc(F)c2)cc2n(c1=O)CN1CC=C(C(=O)Nc3ccc(F)cc3)C[C@H]21,16_adrb2_full,full,P07550__P21728,P07550,P21728,16_adrb2_full::ZINC000306137492,ZINC000306137492,0.25263157894736843,448.4730000000002,4.461520000000004,66.37,4,2,5,0.6185891606255202,3.4991094190998018,-7.606,-5.371,-2.2329999999999997,-1.4129999999999994,0.4110517674886652,-0.8319999999999999,-1.4009999999999998,True,False,0.4083258628845215,0.8232386350631714,0.807561731338501,0.2048398047685623,0.5578076183795929,0.563167154788971,0.40779303312301635,0.686124849319458,0.4745635032653809,0.48805308938026426,0.8658215641975403,0.9910136938095093,0.8382435202598572,0.8999794125556946,0.9171457529067993,-5.153804101009594,35.92239387141453,42.18403736697719,88.41098974122256,-5.230406135839766,7.125868862887437,False,False,False,not_evaluated_cross_domain_gate,False
A6PX-P016-0083,Cc1c(O)c(Cc2cccc(F)c2)cc2c1O[C@@H]1CCN(C(=O)Nc3ccc(F)cc3)C[C@H]21,16_adrb2_full,full,P07550__P21728,P07550,P21728,16_adrb2_full::ZINC000306137492,ZINC000306137492,0.33695652173913043,450.4850000000001,5.352020000000005,61.80000000000001,3,2,3,0.5654257417453602,3.3324470707546396,-7.57,-5.359,-2.202,-2.159,0.03716928241916383,-0.8319999999999999,-1.37,True,False,0.16273877620697022,0.8339547634124755,0.7720394492149353,0.3529135450720787,0.7687502145767212,0.7611151695251465,0.24776126742362975,0.7109823524951935,0.11145666800439358,0.11699203997850419,0.7045110702514649,0.9997155070304871,0.8515912532806397,0.7995582342147827,0.9106279850006104,-5.2093970619178105,45.278149754632935,52.72003422073394,0.93209083525999,-5.876652466416229,-2.1361779321162486,False,False,False,not_evaluated_cross_domain_gate,False
A6PX-P016-0035,O=C(Cc1ccc(F)cc1)N1CC[C@H]2Cn3c(nc(Cc4cccc(F)c4)cc3=O)[C@H]2C1,16_adrb2_full,full,P07550__P21728,P07550,P21728,16_adrb2_full::ZINC000306137492,ZINC000306137492,0.5945945945945946,435.4740000000001,3.3007000000000017,55.2,4,0,4,0.6320412805285874,3.3818110716733294,-7.347,-5.276,-2.0710000000000006,-1.9859999999999998,0.14676133308500894,-0.8319999999999999,-1.2390000000000008,True,False,0.15176741927862167,0.9686412334442138,0.8625187754631043,0.025641480460762978,0.4589755594730377,0.5233430385589599,0.09208159372210503,0.863843846321106,0.09730547331273556,0.38116940259933474,0.585374402999878,0.9998459219932556,0.9812706351280213,0.9058614134788513,0.8975857973098755,-5.080713513844183,59.787178764144,27.371106384374816,-26.3997279418571,-3.8657539289519285,-2.2222257616089953,True,False,False,seed_baseline_missing_or_failed,False
A6PX-P016-0065,O=C(Nc1ccc(F)cc1)[C@H]1CCCCc2c(O)cc(Cc3ccccc3)cc2C1,16_adrb2_full,full,P07550__P21728,P07550,P21728,16_adrb2_full::ZINC000306137492,ZINC000306137492,0.20430107526881722,403.49700000000007,5.6459000000000055,49.33,4,2,2,0.5917138834527889,2.602767554585931,-7.696,-5.874,-1.9819999999999993,-1.42,0.4089028681185245,-0.8319999999999999,-1.1499999999999995,True,False,0.3092691570520401,0.6622975111007691,0.811971390247345,0.4736793488264084,0.8607728838920593,0.8193214893341064,0.34965108036994935,0.44642778635025027,0.5732278853654862,0.04625638462603092,0.7420486032962799,0.9997742176055908,0.5066269487142563,0.7261497974395752,0.8536559224128724,-5.194418973262442,70.19718111326078,89.74172542438671,6.704011071818611,-6.020138197547238,6.196265489454481,False,False,False,not_evaluated_cross_domain_gate,False
A6PX-P016-0008,Cc1c(Cc2ccccc2)cc2n(c1=O)N[C@@H]1C=CC(C(O)=Nc3ccccn3)=C[C@H]21,16_adrb2_full,full,P07550__P21728,P07550,P21728,16_adrb2_full::ZINC000306137492,ZINC000306137492,0.17647058823529413,410.47700000000015,3.2867200000000016,76.02000000000001,4,2,5,0.6921593955211243,3.864396210137315,-8.302,-6.369,-1.9329999999999998,-1.1519999999999992,0.38231081014739304,-0.8319999999999999,-1.101,True,False,0.5302659749984742,0.8709339022636413,0.8705448150634766,0.26630535125732424,0.758742094039917,0.8408999443054199,0.1761926755309105,0.773878526687622,0.3703183025121689,0.4566604197025299,0.8960085391998291,0.9987540960311889,0.9204858660697937,0.8032446503639221,0.8433265686035156,-5.170229865537097,46.70949448373496,54.613991253148356,48.34143641849541,-5.004583510722556,1.8510151887558084,False,False,False,not_evaluated_cross_domain_gate,False
A6PX-P016-0074,Cc1c(Cc2cccc(F)c2)cn(NC(=O)CCNC(=O)N[C@H]2CCNC2)c1C,16_adrb2_full,full,P07550__P21728,P07550,P21728,16_adrb2_full::ZINC000306137492,ZINC000306137492,0.2631578947368421,401.48600000000016,1.95614,87.19,7,4,4,0.5720403601514473,3.2882419136413343,-6.581,-4.804,-1.7770000000000001,-1.3209999999999997,0.23236800315208822,-0.8319999999999999,-0.9450000000000003,True,False,0.2870674699544907,0.8558179259300231,0.8334919571876526,0.03380104936659336,0.2059181436896324,0.08123663961887359,0.2584634512662888,0.8103232979774475,0.17589125782251358,0.6548567652702332,0.34596228301525117,0.9976776242256165,0.7603309392929077,0.18468142449855804,0.5908717691898346,-5.43158710519913,15.71529279569549,7.627313301875839,30.53416032847732,-2.3398401995189935,9.827577681484003,True,False,False,seed_baseline_missing_or_failed,False
A6PX-P016-0030,Cc1c([C@H]2CN(C(=O)Nc3ccc(F)cc3)CC[C@@H]2O)nn(Cc2cccc(F)c2)c1C,16_adrb2_full,full,P07550__P21728,P07550,P21728,16_adrb2_full::ZINC000306137492,ZINC000306137492,0.45121951219512196,440.49400000000014,4.208740000000003,70.39000000000001,4,2,4,0.6386498192911891,3.248563479700084,-6.872,-5.057,-1.7030000000000003,-1.5839999999999996,0.10210125692990595,-0.8319999999999999,-0.8710000000000004,False,False,0.02825133688747883,0.7654922246932984,0.7839659094810486,0.028755119256675243,0.3123770296573639,0.2369792267680168,0.1765451490879059,0.5966731369495392,0.1566622167825699,0.4974525511264801,0.48600390553474426,0.9990785956382752,0.9074925303459167,0.759266710281372,0.8920991539955139,-4.861479109997799,29.45034404669436,32.92242897004299,27.24030404058019,-5.0626489115515465,0.4696195006459404,False,False,False,not_evaluated_cross_domain_gate,False
A6PX-P016-0038,Cc1c(Nc2cccc(F)c2)nc2n(c1=O)CN1CC[C@H](C(=O)Nc3ccc(F)cc3)C[C@H]21,16_adrb2_full,full,P07550__P21728,P07550,P21728,16_adrb2_full::ZINC000306137492,ZINC000306137492,0.28421052631578947,451.4770000000002,3.9364200000000027,79.26,4,2,6,0.6284122580958373,3.5049362687906465,-7.217,-5.388,-1.686,-1.662,0.3423799059524374,-0.8319999999999999,-0.8540000000000001,True,False,0.2985143005847931,0.8709342122077942,0.803470778465271,0.15547228157520293,0.4803061246871948,0.5774976968765259,0.26765328347682954,0.6207059919834137,0.2350446254014969,0.6194537997245788,0.9018546938896179,0.9953223586082458,0.860796582698822,0.7104628205299377,0.9062746405601502,-5.19734280839941,26.919113138323905,29.23960533279011,51.66422883017965,-4.997494255104982,9.07634897051067,False,False,False,not_evaluated_cross_domain_gate,False
A6PX-P016-0037,Cc1c(COc2ccccc2)nc2n1C[C@@H]1CC[C@H](C(=O)Nc3ccc(F)cc3)C[C@H]21,16_adrb2_full,full,P07550__P21728,P07550,P21728,16_adrb2_full::ZINC000306137492,ZINC000306137492,0.2765957446808511,419.50000000000017,5.061820000000004,56.150000000000006,5,1,4,0.6287881623091115,3.4832929223641926,-7.714,-5.661,-1.6790000000000003,-1.5119999999999996,0.22618723807206031,-0.8319999999999999,-0.8470000000000004,True,False,0.47699797749519346,0.909497332572937,0.9017253637313842,0.18052207976579665,0.7083195090293884,0.6703070282936097,0.5907972872257232,0.881663727760315,0.18020583540201188,0.208612859249115,0.46319749355316164,0.9999069571495056,0.9117959141731262,0.9487768650054932,0.8959905743598938,-4.964477416964891,65.89592625818658,70.30557500252311,-16.596358062832685,-4.4107730394401665,1.8496619804779642,False,False,False,not_evaluated_cross_domain_gate,False
A6PX-P016-0121,Cc1c(Cc2cccc(F)c2)nc2c3c([nH]n2c1=O)CC[C@H](C(=O)Nc1ccc(F)cc1)C3,16_adrb2_full,full,P07550__P21728,P07550,P21728,16_adrb2_full::ZINC000306137492,ZINC000306137492,0.3020833333333333,448.4730000000002,3.943620000000003,79.26,4,2,4,0.49638361614407517,3.32428257785594,-8.654,-6.708,-1.6749999999999998,-1.229,0.29560596896694896,-0.8319999999999999,-0.843,False,False,0.17433034330606462,0.8425373673439026,0.9010885715484619,0.21299986466765403,0.8104673266410828,0.8842144966125488,0.1453855887055397,0.8317867398262024,0.5125806137919426,0.21774502396583556,0.9076716780662537,0.999716055393219,0.7681954741477967,0.8694546580314636,0.8919260859489441,-5.316486398186816,37.08217217859705,30.627323416330352,94.57621742546073,-4.769097329713217,6.74339541862854,False,False,False,not_evaluated_cross_domain_gate,False
A6PX-P016-0002,CN(C(=O)NCc1cccc(F)c1)C1=N[C@H]2C[C@@H](C(=O)Nc3ccc(F)cc3)CCC2=N1,16_adrb2_full,full,P07550__P21728,P07550,P21728,16_adrb2_full::ZINC000306137492,ZINC000306137492,0.24742268041237114,439.4660000000001,3.7242000000000033,86.15999999999998,4,2,4,0.7608283219093088,3.6117242235715974,-7.38,-5.711,-1.6689999999999996,-1.1980000000000004,0.6178189234899027,-0.8319999999999999,-0.8369999999999997,True,False,0.2678062081336975,0.9102219223976136,0.8656004667282104,0.1806231826543808,0.5285491824150086,0.3129028856754303,0.6910014152526855,0.6287726998329163,0.14172507524490358,0.21774726510047912,0.6886517643928528,0.9974418640136719,0.8713672757148743,0.43938227891922,0.6921616911888122,-4.97541505647113,37.32577843364548,43.054176097093396,22.49478322455871,-5.469394139554912,0.8791347725654672,True,False,False,seed_baseline_missing_or_failed,False
A6PX-P016-0164,Cc1c(Cc2cccc(F)c2)nc2c3c(nn2c1C)CCC[C@H](C(=O)Nc1ccc(F)cc1)C3,16_adrb2_full,full,P07550__P21728,P07550,P21728,16_adrb2_full::ZINC000306137492,ZINC000306137492,0.2755102040816326,460.52800000000025,5.348840000000005,59.290000000000006,4,1,4,0.4179171881682755,3.1826237351108135,-7.596,-5.945,-1.6509999999999998,-1.5499999999999998,0.08782684985558542,-0.8319999999999999,-0.819,True,False,0.1856605589389801,0.9069566607475281,0.8852809071540833,0.11545827612280846,0.7304714441299438,0.7928437113761901,0.13817270547151567,0.79960777759552,0.440240278840065,0.13793559074401857,0.7889273524284363,0.9998788714408875,0.8755804300308228,0.9676231145858765,0.879789924621582,-5.124683554951868,28.513804915272864,56.024335963638535,96.47426087031178,-4.35997911290657,11.30273262639073,True,False,False,seed_baseline_missing_or_failed,False
A6PX-P016-0105,Cc1c(Cc2ccccc2)nc2c3c([nH]n2c1=O)CC[C@H](C(=O)Nc1ccc(F)cc1)C3,16_adrb2_full,full,P07550__P21728,P07550,P21728,16_adrb2_full::ZINC000306137492,ZINC000306137492,0.24489795918367346,430.4830000000002,3.804520000000003,79.26,4,2,4,0.5168750065169035,3.228543241408942,-7.632,-5.984,-1.6479999999999997,-1.577,0.13444784201400273,-0.8319999999999999,-0.8159999999999998,True,False,0.21789323687553405,0.8395939588546752,0.9055222034454345,0.25375921428203585,0.8432017922401428,0.9022479176521301,0.13594789206981658,0.8099385261535644,0.5293213546276092,0.2265530616044998,0.9045776128768921,0.9997437596321106,0.7671148777008057,0.8686181664466858,0.882461678981781,-5.368967470507895,42.52358042055755,31.76538499158781,79.85473682878765,-4.697780618745517,4.575718520155329,False,False,False,not_evaluated_cross_domain_gate,False
A6PX-P016-0011,Cc1c(Nc2ccccc2)cc2n(c1=O)O[C@@H]1CCN(C(=O)Cc3ccc(F)cc3)C[C@H]21,16_adrb2_full,full,P07550__P21728,P07550,P21728,16_adrb2_full::ZINC000306137492,ZINC000306137492,0.4069767441860465,433.4830000000002,3.408820000000002,63.57,4,1,5,0.6850940270218765,3.5801707706699837,-7.761,-6.127,-1.6139999999999999,-1.0189999999999992,0.2853165882936984,-0.8319999999999999,-0.782,True,False,0.1096659280359745,0.9071778059005737,0.7565330862998962,0.11092815399169922,0.7779885411262513,0.7287298440933228,0.32833001017570496,0.9030601501464843,0.173310437053442,0.3719318866729736,0.7640270113945007,0.9996796488761902,0.957785141468048,0.7685641169548034,0.9145164608955383,-5.083331075312079,64.63809991584458,29.89167929791721,0.6517141856377698,-4.211731797773355,3.733927676907881,False,False,False,not_evaluated_cross_domain_gate,False
A6PX-P016-0104,Cn1c(=O)c(Cc2cncc(F)c2)cc2c1nc1n2C[C@@H](C(=O)Nc2ccc(F)cc2)CC1,16_adrb2_full,full,P07550__P21728,P07550,P21728,16_adrb2_full::ZINC000306137492,ZINC000306137492,0.24,449.4610000000001,3.2001000000000017,81.81,4,1,6,0.5188984179940526,3.2833450983142054,-7.335,-5.834,-1.5780000000000003,-1.4850000000000003,0.052040582454678755,-0.8319999999999999,-0.7460000000000004,True,False,0.25204541683197024,0.7780872702598571,0.8711618185043335,0.06704194396734238,0.3901977568864822,0.6399967968463898,0.26349147856235505,0.8993820190429688,0.20208145827054977,0.3528839111328125,0.854354989528656,0.9991922020912171,0.9118768692016601,0.894533658027649,0.9116139769554138,-5.3301302794668235,40.51389980838255,28.690250094947686,46.85862446273239,-3.723008589936532,2.639969275922968,False,False,False,not_evaluated_cross_domain_gate,False
A6PX-P016-0026,Cc1c(N2C[C@@H](C(O)=Nc3ccc(F)cc3)CCC2=O)nn(Cc2cccc(F)c2)c1C,16_adrb2_full,full,P07550__P21728,P07550,P21728,16_adrb2_full::ZINC000306137492,ZINC000306137492,0.3953488372093023,438.4780000000001,4.208140000000004,67.23,5,1,4,0.6490826334110968,2.909863274853757,-7.219,-5.631,-1.556,-1.5360000000000005,0.25751634252347266,-0.8319999999999999,-0.7240000000000002,True,False,0.07509314715862274,0.9603375673294068,0.7960076808929444,0.06766401529312134,0.8361271739006042,0.812621784210205,0.34643490314483644,0.901176643371582,0.2954451158642769,0.3001409500837326,0.7447975754737854,0.9997447848320007,0.9492140650749207,0.9125742435455322,0.8249275922775269,-5.123793491435051,44.514281966754154,44.96643616762331,25.053208354118105,-4.593147205136189,6.252271513332909,False,False,False,not_evaluated_cross_domain_gate,False
A6PX-P016-0162,Cc1c(Cc2cc(F)cc(F)c2)cc2c3c(nn2c1C)CC[C@H](C(=O)Nc1ccc(F)cc1)C3,16_adrb2_full,full,P07550__P21728,P07550,P21728,16_adrb2_full::ZINC000306137492,ZINC000306137492,0.2268041237113402,463.5030000000002,5.702840000000005,46.400000000000006,4,1,3,0.4219113754926697,3.304202913342375,-8.487,-6.932,-1.529,-1.274,0.6539281306076383,-0.8319999999999999,-0.6970000000000001,True,False,0.16671579629182814,0.8672715663909912,0.8906068086624146,0.06714475154876709,0.7009009480476379,0.7463387966156005,0.11854007244110107,0.6921054363250733,0.5856472373008728,0.14028001874685286,0.8009453773498535,0.9997555494308472,0.8756825089454651,0.939205265045166,0.8796266436576843,-4.811719035489963,26.10804118786593,48.53304016891106,95.32050510708234,-5.042461569645434,10.26337203514369,False,False,False,not_evaluated_cross_domain_gate,False
A6PX-P016-0024,Cc1c(Cc2ccccc2)cc2n(c1=O)CN1CCN(C(=O)Cc3ccn(C)c3)C[C@H]21,16_adrb2_full,full,P07550__P21728,P07550,P21728,16_adrb2_full::ZINC000306137492,ZINC000306137492,0.3076923076923077,416.52500000000015,2.48512,50.480000000000004,4,0,5,0.6567000650348337,3.4376997736574513,-6.851,-5.368,-1.4829999999999997,-1.1160000000000005,0.1985889109581786,-0.8319999999999999,-0.6509999999999998,True,False,0.0901146687567234,0.8448765516281128,0.6771800875663757,0.010315026878379286,0.333137272298336,0.3562342055141926,0.11997460350394248,0.8952876210212708,0.09655980169773101,0.4318152070045471,0.5177760124206543,0.9988041996955872,0.955663013458252,0.9125355005264282,0.8471650600433349,-4.916465020385845,65.4073119844789,75.98419109354863,-28.3752294861794,-2.2622043328538934,-1.7435305160190648,True,False,False,seed_baseline_missing_or_failed,False
A6PX-P016-0003,Cc1cccc(CCNC(O)=NCC2CCN(C(=O)Cc3ccccc3)CC2)c1,16_adrb2_full,full,P07550__P21728,P07550,P21728,16_adrb2_full::ZINC000306137492,ZINC000306137492,0.32926829268292684,393.5310000000002,3.3180200000000015,61.440000000000005,7,2,2,0.7580726940517544,2.0159918445981493,-6.763,-4.547,-1.42,-1.0630000000000006,0.5053687322693751,-0.8319999999999999,-0.5880000000000001,False,False,0.05072743110358715,0.9521462917327881,0.6878182113170623,0.13060780689120294,0.7146083354949951,0.4818215548992157,0.5560834348201752,0.9156474828720093,0.09798413142561913,0.20026600807905198,0.2666063591837883,0.9996422171592713,0.9444193005561828,0.7388832688331604,0.874631154537201,-4.949631918487712,43.38416691744838,46.149148745954435,-17.28449945961592,-3.75110770102413,-6.368963201304488,False,False,False,not_evaluated_cross_domain_gate,False
A6PX-P016-0144,Cc1c(Cc2cccc(F)c2)nc2c(N[C@H](C)C(=O)Nc3ccc(F)cc3)cnn2c1C,16_adrb2_full,full,P07550__P21728,P07550,P21728,16_adrb2_full::ZINC000306137492,ZINC000306137492,0.23958333333333334,435.4780000000001,4.654240000000003,71.32000000000001,6,2,5,0.4623894737181306,3.01064942869991,-6.69,-5.159,-1.3180000000000005,-1.0060000000000002,0.4624228464175279,-0.8319999999999999,-0.48600000000000065,False,False,0.16992317289113998,0.7619146704673767,0.9012148976325989,0.19515951424837114,0.8767363071441651,0.8068195104598999,0.3251885801553726,0.8980862259864807,0.49781811237335205,0.20826103389263154,0.9179365992546081,0.9992200255393981,0.8983294248580933,0.9417118906974793,0.9023515343666076,-5.19251583560889,43.16557510252332,78.26922048279398,119.30309132111964,-5.125590795345995,17.823327604874024,False,False,False,not_evaluated_cross_domain_gate,False
A6PX-P016-0049,Cc1nc[nH]c1-c1[nH]c2c(c1C)CC[C@H]1CCN(C(=O)Cc3ccc(O)cc3)C[C@H]21,16_adrb2_full,full,P07550__P21728,P07550,P21728,16_adrb2_full::ZINC000306137492,ZINC000306137492,0.3333333333333333,404.51400000000024,3.8482400000000023,85.00999999999999,3,3,3,0.6198656331239385,3.708024034800836,-7.284,-5.987,-1.2969999999999997,-1.2359999999999998,0.20539771717870287,-0.8319999999999999,-0.46499999999999986,True,True,0.16861169338226317,0.6265260577201843,0.6742684125900269,0.25060840100049975,0.5203041881322861,0.5013200998306274,0.2696187704801559,0.6934310674667359,0.04067140887491405,0.18835800364613534,0.2990274548530579,0.999768054485321,0.8229109048843384,0.4185073792934418,0.8077063679695129,-5.763817993037947,40.725307888644615,57.61801788128234,-58.951529607567146,-3.838336202138886,1.228169439997285,True,False,False,seed_baseline_missing_or_failed,False
A6PX-P016-0005,Cc1c(Nc2cc(Cc3nccn3C)ccn2)nc(N2C[C@@H](C)CCC2=O)n1C,16_adrb2_full,full,P07550__P21728,P07550,P21728,16_adrb2_full::ZINC000306137492,ZINC000306137492,0.15384615384615385,393.49500000000023,2.954320000000001,80.86999999999999,5,1,7,0.7207870430226623,3.546729343284863,-6.437,-5.222,-1.2149999999999999,-1.0939999999999994,0.09676202193468726,-0.8319999999999999,-0.383,False,False,0.14772574454545975,0.8152859210968018,0.8314887642860412,0.019945426378399134,0.11883966401219367,0.15892243385314941,0.21354890316724778,0.581585693359375,0.08612479493021966,0.6286999821662903,0.5103083729743958,0.9990878939628601,0.9575944542884827,0.40561612844467165,0.8165950298309326,-5.453727660151546,41.40501996844096,46.11908584605231,-6.969933512019416,-2.4208216079937106,6.171845941488439,False,False,False,not_evaluated_cross_domain_gate,False
A6PX-P016-0096,Cc1c(Cc2cccc(F)c2)cc2c(c1O)C[C@@H]1CCN(C(=O)Nc3ccc(F)cc3)C[C@H]21,16_adrb2_full,full,P07550__P21728,P07550,P21728,16_adrb2_full::ZINC000306137492,ZINC000306137492,0.36363636363636365,448.51300000000015,5.7633200000000055,52.57000000000001,3,2,2,0.5350409058611475,3.27656311003451,-7.845,-6.636,-1.2089999999999996,-1.157,0.695174478498424,-0.8319999999999999,-0.3769999999999998,True,False,0.1607579842209816,0.9038729190826416,0.8539245247840881,0.3978715449571609,0.7228090822696686,0.7537237286567688,0.21052680015563965,0.5845309555530548,0.22302058339118958,0.11881917417049408,0.6590901136398315,0.9999302983283996,0.8317178845405578,0.7787916660308838,0.9126138925552368,-5.161712984277576,38.66192418072689,64.99694967738485,-8.996497889780947,-6.279173209210766,4.896694346119019,False,False,False,not_evaluated_cross_domain_gate,False
A6PX-P170-0139,CNC(=O)CNC(=O)CCNC(=O)c1cc(C)c(OC(F)F)c(C)c1,170_p47898_partial,partial,P30939__P47898,P47898,P30939,170_p47898_partial::ZINC000730771216,ZINC000730771216,0.5789473684210527,357.3570000000001,0.8869399999999996,96.53000000000002,8,3,4,0.6436646739203197,2.253977527795472,-7.105,-4.846,-2.359,-1.492,0.596491408152708,-1.04,-1.319,True,False,0.7550997495651245,0.9041832447052002,0.9713773012161255,0.13841009885072708,0.06300558745861054,0.013943960098549724,0.013046357547864318,0.1517708718776703,0.7416302680969238,0.21317282393574716,0.6004011929035187,0.9927779555320739,0.8066306233406066,0.02853671684861183,0.32557461559772494,-4.909776956385667,21.64389381899259,15.37133787188527,1.8178200273763898,-2.5627476024709632,-1.9708874446327997,True,False,False,seed_baseline_missing_or_failed,False
A6PX-P170-0048,Cc1cc(C(=O)NCCC(=O)N2CC[C@@H](C(=O)O)C2)cc(C)c1OC(F)F,170_p47898_partial,partial,P30939__P47898,P47898,P30939,170_p47898_partial::ZINC000730771216,ZINC000730771216,0.5230769230769231,384.379,1.9578399999999991,95.94000000000001,7,2,4,0.7492716896698239,2.741257905254745,-6.451,-4.819,-1.7509999999999994,-1.08,0.34204320714721903,-1.04,-0.7109999999999994,True,False,0.4421525985002518,0.8382813811302186,0.9530260920524597,0.041942084580659865,0.037196075357496736,0.03215768523514271,0.024753368645906448,0.051223226077854636,0.45865354537963865,0.26299390345811846,0.6593620002269744,0.9689672827720642,0.4357148289680481,0.025524010881781578,0.15092399790883065,-5.061999106472687,-4.784516877776566,-13.372025632675847,-22.771693331760456,-2.3042158539320496,0.003380852497708986,True,False,False,seed_baseline_missing_or_failed,False
A6PX-P170-0192,Cc1cc(C(=O)NCCC(=O)OC[C@@H](N)C(=O)O)cc(C)c1OC(F)F,170_p47898_partial,partial,P30939__P47898,P47898,P30939,170_p47898_partial::ZINC000730771216,ZINC000730771216,0.49206349206349204,374.34000000000003,0.9798400000000003,127.95000000000002,9,3,6,0.5497523862827755,2.832955302857936,-6.396,-4.325,-1.7220000000000004,-1.245,0.4623267242978714,-1.04,-0.6820000000000004,True,False,0.6934430599212646,0.8449601769447327,0.9731996655464172,0.5292013227939606,0.17691042572259902,0.1602588839828968,0.08723949268460274,0.3358970880508423,0.6671070218086242,0.3557027891278267,0.6275691151618957,0.9889224171638489,0.5058987617492676,0.036226728744804856,0.32374332249164584,-5.562578206261606,41.07708258515913,9.280260422973502,-15.760717671877227,-2.630422913227288,0.019865384214423985,False,False,False,not_evaluated_cross_domain_gate,False
A6PX-P170-0044,CC(=O)CNC(=O)CCNC(=O)c1cc(C)c(OC(F)F)c(C)c1,170_p47898_partial,partial,P30939__P47898,P47898,P30939,170_p47898_partial::ZINC000730771216,ZINC000730771216,0.5892857142857143,342.34200000000004,1.7299399999999994,84.50000000000001,8,2,4,0.7534778518524485,2.278963332836174,-7.902,-6.213,-1.686,-1.5069999999999997,0.26551961635002924,-1.04,-0.6459999999999999,True,True,0.7444662094116211,0.9490394830703736,0.9819032430648804,0.3094004452228546,0.1500384822487831,0.049581419490277764,0.020695007964968683,0.1017655648291111,0.7862012982368469,0.17268584817647933,0.5929019331932068,0.9983588337898255,0.9031792640686035,0.05172427035868168,0.27545624077320097,-4.641066212096258,50.13831127730149,26.16691736830119,-15.447243578633884,-3.0976124730179206,-1.0687372300453484,True,False,False,seed_baseline_missing_or_failed,False
A6PX-P171-0007,O=C1C[C@H](C(=O)N2CCN(C(=O)[C@@H]3COc4ccccc4N3)CC2)CN1Cc1ccccc1,171_mt1_partial,partial,P48039__P49286,P48039,P49286,171_mt1_partial::ZINC000016695074,ZINC000016695074,0.7241379310344828,448.52300000000025,1.579000000000001,82.19,4,1,5,0.768178874208293,3.160056532702268,-9.545,-6.483,-3.0620000000000003,-1.9849999999999994,0.5733191858719623,-2.7750000000000004,-0.2869999999999999,True,False,0.08441905938088894,0.630002236366272,0.4964971452951431,0.010521393548697234,0.43752401173114774,0.23763886764645575,0.04075843393802643,0.7100890517234802,0.1479222595691681,0.08622526600956917,0.6216541528701782,0.9792951226234436,0.845974612236023,0.49228664487600327,0.7582684874534606,-4.773270946334207,39.77837792537493,50.310096933909776,-26.702793014397457,-3.2825862787306597,-5.286497703020929,True,True,False,not_dual_endpoint_improved,False
A6PX-P171-0023,O=C1C[C@@H](C(=O)N2CCN(C(=O)[C@H]3CC(=O)N(Cc4ccccc4)C3)CC2)Oc2cc(O)ccc21,171_mt1_partial,partial,P48039__P49286,P48039,P49286,171_mt1_partial::ZINC000016695074,ZINC000016695074,0.6507936507936508,477.51700000000034,1.4454999999999991,107.46000000000001,4,1,6,0.7143612355254846,3.2461196462473207,-9.374,-6.495,-2.88,-2.3869999999999996,0.23335095171579393,-2.7750000000000004,-0.10499999999999954,True,False,0.08323253020644188,0.2456027939915657,0.4847837209701538,0.008882588613778353,0.30041842758655546,0.21197821646928788,0.05598938688635826,0.4960905432701111,0.08876101672649384,0.05790654793381691,0.7415099024772644,0.9605069279670715,0.694541871547699,0.5813825637102127,0.4042684376239777,-5.109632324421243,70.65224128846778,57.25545334781151,-44.36886934500068,-3.684817920891555,3.436219271743089,True,True,False,not_dual_endpoint_improved,False
A6PX-P172-0153,C[C@@H]1C[C@@H](C)CN(C(=O)CN2CCN(C(=O)N[C@@H]3COc4ccccc4C3=O)CC2)C1,172_npbw1_partial,partial,P48145__P48146,P48145,P48146,172_npbw1_partial::ZINC000429320588,ZINC000429320588,0.4925373134328358,428.53300000000024,1.4620000000000009,82.19000000000001,3,1,5,0.7883896063138941,3.435934146140415,-8.797,-7.001,-1.7960000000000003,-1.6599999999999993,0.4204040384624717,-1.5869999999999997,-0.20900000000000052,True,False,0.0561195669695735,0.9255061626434327,0.5845468521118165,0.0051627494394779205,0.13800026327371598,0.04612102825194597,0.16246483027935027,0.23630733639001847,0.05932557824999094,0.4360948860645294,0.3637429684400558,0.9913503646850585,0.9019692778587342,0.42731162905693054,0.6079140424728393,-4.572833606718971,43.83169265655774,53.036645935948115,-46.41328476219121,-2.5799636409314664,-4.106559607272794,True,False,False,seed_baseline_missing_or_failed,False
A6PX-P174-0124,COC(=O)c1ccc(CCN(Cc2ccccc2)c2cc(=O)nc(N)[nH]2)cc1,174_p49019_full,full,P49019__Q9BXC0,P49019,Q9BXC0,174_p49019_full::ZINC000000666987,ZINC000000666987,0.3466666666666667,378.4320000000001,2.388,101.30999999999999,7,2,6,0.6123322519618333,2.3572813908165102,-6.338,-5.176,-1.1269999999999998,-1.0040000000000004,0.09637542333096236,-0.3810000000000002,-0.7459999999999996,True,True,0.20597493536770345,0.8007344603538513,0.8041686654090882,0.35973294675350187,0.9073966860771179,0.8407345890998841,0.4017315745353699,0.786229157447815,0.23817529678344726,0.311280232667923,0.8851378083229064,0.9983939051628112,0.8277513980865479,0.31854129061102865,0.8578952074050903,-5.163274971801182,115.27568991437428,73.36820449642332,-30.742125777906722,-5.662867704398822,-1.9650256845638652,True,False,False,seed_baseline_missing_or_failed,False
A6PX-P174-0030,CNC(=O)c1ccc(Oc2nc3c(c(=O)n(C)c(=O)n3C)n2Cc2ccccc2)cc1,174_p49019_partial,partial,P49019__Q9BXC0,P49019,Q9BXC0,174_p49019_partial::ZINC000000666987,ZINC000000666987,0.8214285714285714,419.4410000000001,1.6338999999999995,100.15,5,1,8,0.5300695457814553,2.30678062667932,-6.501,-5.006,-1.282,-1.016,0.20746726649441996,-0.3810000000000002,-0.9009999999999998,False,False,0.2653847932815552,0.5917236804962158,0.8969277262687683,0.06979151628911495,0.23063984513282776,0.6139721393585205,0.02208630843088031,0.47908023595809934,0.34284060448408127,0.3197832822799683,0.942916738986969,0.9933475494384766,0.8513521432876587,0.9152840375900269,0.8203668475151062,-4.832895854104477,17.951043824441538,16.047505352658405,31.33198198273464,-4.953189293099019,-1.924100111753729,False,False,False,not_evaluated_cross_domain_gate,False
A6PX-P174-0055,Cn1c(=O)c2c(nc(Oc3ccc(C4(O)CCCC4)cc3)n2Cc2ccccc2)n(C)c1=O,174_p49019_partial,partial,P49019__Q9BXC0,P49019,Q9BXC0,174_p49019_partial::ZINC000000666987,ZINC000000666987,0.6774193548387096,446.5070000000001,3.035900000000002,91.28000000000002,5,1,8,0.5088851673484502,2.5834747606190707,-6.918,-5.681,-1.237,-1.1659999999999995,0.040334710720282996,-0.3810000000000002,-0.8559999999999999,False,True,0.21912003457546234,0.6725623548030853,0.9260869145393371,0.07338000684976578,0.39233924448490143,0.8224589228630066,0.01978761455975473,0.532127857208252,0.3645180806517601,0.3729063391685486,0.8439785242080688,0.9996076822280884,0.8996182799339294,0.9592784762382507,0.8454865217208862,-4.518843969684939,21.833763453715722,24.306901798777425,-13.522725702047214,-5.621306530504365,-2.1353088227764254,False,False,False,not_evaluated_cross_domain_gate,False
A6PX-P176-0298,C[C@@H](NC(=O)[C@H](C)n1ccc(-c2ccccc2)n1)C(=O)Nc1ccnc2ccccc12,177_cx3c1_full,full,P49238__P51685,P49238,P51685,177_cx3c1_full::ZINC000745684968,ZINC000745684968,0.22727272727272727,413.4810000000001,3.8027000000000024,88.91,6,2,5,0.5031620039045006,2.9294824849860603,-7.765,-5.951,-1.8239999999999998,-1.5860000000000003,0.17588127308563065,-1.306,-0.5179999999999998,True,True,0.1872422605752945,0.6123129844665527,0.8195799827575684,0.1143238015472889,0.6965317130088806,0.6807189822196961,0.08795686215162277,0.7481476187705993,0.47137163281440736,0.3698476582765579,0.9356852650642395,0.9947624206542969,0.8529489040374756,0.6478617489337921,0.7135968923568725,-5.200423130698744,54.182320608470626,78.35466105726316,80.85423515487327,-4.7841647337570326,4.115482872399053,True,False,False,seed_baseline_missing_or_failed,False
A6PX-P178-0081,CC(=Cc1ccncc1)C1=C2C=CC=CC2C(c2ccn(C)c2C(=O)O)=C1,178_p49286_full,full,P48039__P49286,P49286,P48039,178_p49286_full::ZINC001164801225,ZINC001164801225,0.11650485436893204,356.42500000000007,4.657600000000004,55.12,4,1,3,0.866892151255507,3.962413248541596,-10.761,-7.307,-3.2,-2.3549999999999995,0.4697921526235475,-3.0440000000000005,-0.1559999999999997,True,False,0.44038561582565305,0.630843985080719,0.8858366966247558,0.5902713716030121,0.6839457035064698,0.7062398314476013,0.4579941093921661,0.8170197248458863,0.1986748605966568,0.5341070294380188,0.8220479846000671,0.9992920875549316,0.8270464062690734,0.3824014633893967,0.36672613620758054,-5.085693051977636,16.419059797182797,12.822287162622521,-10.670531399957511,-4.403220250577093,-1.9997434795298126,True,False,False,seed_baseline_missing_or_failed,False
A6PX-P178-0004,NC(=O)c1c(Cl)ncnc1N1C[C@@H](C=C2C=CCCC2)[C@@H]2OCCC[C@@H]21,178_p49286_partial,partial,P48039__P49286,P49286,P48039,178_p49286_partial::ZINC001164801225,ZINC001164801225,0.49382716049382713,374.8720000000002,2.8792000000000018,81.34000000000002,3,1,5,0.8225007023071511,4.531073169763916,-10.471,-6.744,-3.7619999999999996,-3.7270000000000003,0.08814004008772977,-3.0440000000000005,-0.7179999999999991,True,False,0.6768415927886963,0.9624690055847168,0.9076241254806519,0.0850754901766777,0.3439637884497643,0.16228319145739079,0.03636667774990201,0.3916953906416893,0.07180754542350769,0.5651814579963684,0.6930026173591614,0.9999320387840271,0.971002995967865,0.292710480093956,0.4171443462371826,-4.923961227278602,46.434531827595535,32.75918554610884,22.34902201725802,-4.0697979934514095,6.073968120288124,True,False,False,seed_baseline_missing_or_failed,False
A6PX-P178-0026,Cc1cc(C[C@@H](C)[C@@H]2CN(c3ncnc(Cl)c3C(N)=O)[C@H]3CCCO[C@@H]23)on1,178_p49286_partial,partial,P48039__P49286,P49286,P48039,178_p49286_partial::ZINC001164801225,ZINC001164801225,0.5060240963855421,405.88600000000025,2.3879200000000003,107.37000000000002,5,1,7,0.7605510311082132,4.442236119312925,-10.212,-6.68,-3.723,-3.4719999999999995,0.22188936182000496,-3.0440000000000005,-0.6789999999999994,True,True,0.6171562433242798,0.9314634680747986,0.9568592429161071,0.0349857272580266,0.09945813752710819,0.05550141716375947,0.012901771161705256,0.29045126438140867,0.05354640707373619,0.5341058731079101,0.7766677975654602,0.999849510192871,0.9757139682769775,0.37417280972003936,0.5261196196079254,-4.996798415291781,41.30542717803718,33.08729446981474,28.936938149339888,-3.4228261677147787,4.267413592818898,True,False,False,seed_baseline_missing_or_failed,False
A6PX-P178-0018,NC(=O)c1c(Cl)ncnc1N1C[C@@H](Cc2ccc(O)cc2)[C@@H]2OCCC[C@@H]21,178_p49286_partial,partial,P48039__P49286,P49286,P48039,178_p49286_partial::ZINC001164801225,ZINC001164801225,0.5733333333333334,388.8550000000002,2.1609999999999996,101.57000000000001,4,2,6,0.7780748702668177,3.8956354003800353,-10.161,-6.766,-3.3949999999999996,-3.2330000000000005,0.10684048338007818,-3.0440000000000005,-0.3509999999999991,True,False,0.5337875247001648,0.8002481698989868,0.9076240062713623,0.09167707730084658,0.1740614242851734,0.11908556194975972,0.04557151198387146,0.2584430888295174,0.05204588957130909,0.39737012684345246,0.5149584919214248,0.9994733572006226,0.8426423072814941,0.16498227342963218,0.504184240102768,-5.194813191446629,75.12368191563331,32.8481880766531,-15.243034489908126,-4.344469098993021,-4.153109416966008,True,False,False,seed_baseline_missing_or_failed,False
A6PX-P178-0003,NC(=O)c1c(Cl)ncnc1N1C[C@@H](Cc2ccccc2)[C@@H]2OCCC[C@@H]21,178_p49286_partial,partial,P48039__P49286,P49286,P48039,178_p49286_partial::ZINC001164801225,ZINC001164801225,0.625,372.8560000000002,2.455400000000001,81.34000000000002,4,1,5,0.8335429382976683,3.7843020928408393,-10.231,-6.967,-3.2689999999999992,-3.1580000000000004,0.057913728942280744,-3.0440000000000005,-0.22499999999999876,True,True,0.6772154271602631,0.975386381149292,0.9552062273025512,0.13662729784846306,0.35840759724378585,0.13568112310022115,0.047186947986483575,0.36631539463996887,0.06931464783847333,0.5882473349571228,0.6791819989681244,0.999955153465271,0.9736608862876892,0.32864339351654054,0.6233956456184387,-4.930837337978858,64.43040499222062,38.9872389492754,18.364843907199955,-4.164955600782624,5.478407862472601,True,False,False,seed_baseline_missing_or_failed,False
A6PX-P178-0011,NC(=O)c1c(Cl)ncnc1N1C[C@@H](c2ccc(O)cc2)[C@@H]2OCCC[C@@H]21,178_p49286_partial,partial,P48039__P49286,P49286,P48039,178_p49286_partial::ZINC001164801225,ZINC001164801225,0.5540540540540541,374.8280000000002,2.0858999999999996,101.57000000000001,3,2,6,0.7974591273646704,3.8762252362919822,-9.736,-6.627,-3.1420000000000003,-1.995,0.5589599468854836,-3.0440000000000005,-0.09799999999999986,True,True,0.5506750047206879,0.7858712315559387,0.9102173089981079,0.08201879654079676,0.13776301741600036,0.09812076073139905,0.016067962255328895,0.09694266989827156,0.04678153805434704,0.2849428951740265,0.6115063428878784,0.9992323040962219,0.8259749174118042,0.09266476966440677,0.3646741330623627,-5.218457578009785,66.80459084362077,18.47178573242233,-9.484997568373034,-4.121769098286431,-4.331702743466385,False,False,False,not_evaluated_cross_domain_gate,False
A6PX-P180-0179,COc1cc2c(cc1CCNC(=O)c1ccc3c(c1)c(=O)n(C)c(=O)n3C)CCC2,179_p49682_full,full,P46092__P49682,P49682,P46092,179_p49682_full::ZINC000019289706,ZINC000019289706,0.6615384615384615,407.47000000000025,1.7069999999999999,82.33000000000001,5,1,6,0.6981047516139832,2.351226779990938,-6.999,-5.237,-1.7619999999999996,-1.2930000000000001,0.3101171821532412,-1.734,-0.02799999999999958,True,True,0.4144974112510681,0.8539000988006592,0.9532111287117004,0.43248637318611144,0.645038115978241,0.6701034665107727,0.050985316187143324,0.8011108636856079,0.2408781975507736,0.3042260974645615,0.8939562559127807,0.9995374083518982,0.9594016551971436,0.8895322322845459,0.7453559637069702,-4.588084226376773,19.128382326878096,56.821424608937534,25.94845544870812,-4.079498621181756,-6.097029740586057,True,True,True,dual_endpoint_improved,True
A6PX-P181-0150,O=C(N1CCN(S(=O)(=O)c2cc[nH]c2)CC1)C1(c2ccccc2)CCOCC1,180_p49682_full,full,P49238__P49682,P49682,P49238,180_p49682_full::ZINC000238953183,ZINC000238953183,0.6610169491525424,403.50400000000025,1.5959999999999996,82.71000000000001,4,1,4,0.84060717786905,2.623024638679757,-8.076,-7.016,-1.0600000000000005,-1.0470000000000006,0.2967966007592102,0.5540000000000003,-1.6140000000000008,True,False,0.044580701366066934,0.602904224395752,0.5442568272352218,0.0066542741027660664,0.5440456569194794,0.30861137583851816,0.02532549612224102,0.5040603756904602,0.1057452343404293,0.07428746297955513,0.6424433171749115,0.9987131118774414,0.9015869498252869,0.17863612733781337,0.4568359017372131,-4.996564385906052,77.55464702219662,60.79739620510852,-49.922636640247994,-3.7682262593466804,-7.905327414197619,True,False,False,seed_baseline_missing_or_failed,False
A6PX-P182-0048,C[C@]12CC[C@@H]3[C@@H](CC[C@]4(C)[C@H]([C@H]5CCC(=O)C5)CC[C@@]34O)[C@@]1(C(=O)O)CCC(=O)C2,182_p50391_full,full,P25929__P50391,P50391,P25929,182_p50391_full::ZINC000253506777,ZINC000253506777,0.375,416.5580000000002,4.153300000000003,91.67000000000002,2,2,4,0.7053865265923893,4.846913429496626,-9.395,-5.423,-3.9739999999999993,-3.652,0.15202850609891086,-3.257999999999999,-0.7160000000000002,True,False,0.007724479353055358,0.27079143524169924,0.7882390737533569,0.003194577537942678,0.009756320342421531,0.017830122727900743,0.001332596901920624,0.004573430342134088,0.01574104463797994,0.036616708151996136,0.20491712391376496,0.9849500179290771,0.832922899723053,0.1465752474963665,0.0550113346427679,-5.053509341959162,24.713000355192797,-15.954572988774975,8.366281919716448,-4.4271860128458504,-8.047299276658146,True,True,False,not_dual_endpoint_improved,False
A6PX-P182-0077,C[C@]12CC[C@@H]3[C@@H](CC[C@]4(C)[C@H](C5CCC(=O)C5)CC[C@@]34O)[C@@]1(C(=O)O)CC[C@@H](O)C2,182_p50391_full,full,P25929__P50391,P50391,P25929,182_p50391_full::ZINC000253506777,ZINC000253506777,0.463768115942029,418.57400000000024,3.9451000000000027,94.83000000000001,2,3,4,0.6312253725891235,4.881084598076467,-9.181,-5.362,-3.8320000000000007,-3.304999999999999,0.3086627069580433,-3.257999999999999,-0.5740000000000016,True,False,0.0062120900955051185,0.18746442794799806,0.7129958510398865,0.004221402719849721,0.006842314498499036,0.01722929310053587,0.0016940132598392665,0.004506836563814431,0.0095473482622765,0.028933833260089158,0.19361186027526855,0.9804523229598999,0.7215789735317231,0.14782416671514512,0.07126223519444466,-5.2039056376794335,20.496466210309872,-20.37533878756047,18.154931094346402,-4.407503599324793,-7.601787601769525,False,False,False,not_evaluated_cross_domain_gate,False
A6PX-P182-0073,C[C@]12CC[C@@H]3[C@@H](CC[C@]4(C)[C@H](C5=CC(=O)C=CC5)CC[C@@]34O)[C@@]1(C(=O)O)CCC(=O)C2,182_p50391_full,full,P25929__P50391,P50391,P25929,182_p50391_full::ZINC000253506777,ZINC000253506777,0.40789473684210525,426.5530000000001,4.657300000000005,94.83000000000001,2,3,4,0.6394415603459187,4.5549603224427635,-9.606,-5.903,-3.7030000000000003,-3.686,0.02479695321786349,-3.257999999999999,-0.4450000000000012,True,False,0.020102729182690383,0.28037714660167695,0.8071343779563904,0.0185774318408221,0.032878031581640245,0.06432407759130002,0.005625612082076259,0.01747449447866529,0.05641023647040129,0.06657027527689933,0.19387854039669036,0.9929377794265747,0.6275422871112823,0.12650714218616485,0.0894426867365837,-5.286602992688916,42.49544043504041,18.80370031815658,-19.001938419986097,-5.195520787620642,-4.815321056960349,True,True,False,not_dual_endpoint_improved,False
A6PX-P182-0076,C[C@]12CC[C@@H]3[C@@H](CC[C@]4(C)[C@H]([C@@H]5CCC(=O)C5)CC[C@@]34O)[C@@]1(C(=O)O)CC[C@@H](O)C2,182_p50391_full,full,P25929__P50391,P50391,P25929,182_p50391_full::ZINC000253506777,ZINC000253506777,0.463768115942029,418.57400000000024,3.9451000000000027,94.83000000000001,2,3,4,0.6312253725891235,4.881084598076467,-9.156,-5.473,-3.636,-3.232,0.28845026530678647,-3.257999999999999,-0.378000000000001,True,False,0.005356427328661084,0.14902957156300545,0.6840860247612,0.00462430773768574,0.0061695389449596405,0.01638312404975295,0.0015802530833752826,0.005270999879576266,0.008125995526643236,0.026722434721887112,0.17986031472682953,0.9835844159126281,0.7511578142642975,0.12680793106555938,0.07325711995363235,-5.215583973253583,21.43263997373192,-23.642544011167043,18.49924441726328,-4.380586474311244,-7.575572008352435,False,False,False,not_evaluated_cross_domain_gate,False
A6PX-P182-0078,C[C@]12CC[C@@H]3[C@@H](CC[C@]4(C)[C@H]([C@@H]5CC[C@H](O)C5)CC[C@@]34O)[C@@]1(C(=O)O)CCC(=O)C2,182_p50391_full,full,P25929__P50391,P50391,P25929,182_p50391_full::ZINC000253506777,ZINC000253506777,0.4027777777777778,418.57400000000024,3.9451000000000027,94.83,2,3,4,0.6312253725891235,4.881216386769702,-9.198,-5.699,-3.4990000000000006,-3.4899999999999993,0.11814397995666187,-3.257999999999999,-0.24100000000000144,True,False,0.0049624051433056595,0.12034473866224289,0.6562927305698395,0.0038989921944448725,0.005847472441382706,0.016101839020848274,0.001048995487508364,0.0035494312993250786,0.008060924199526198,0.02058461862616241,0.143242771923542,0.9812859535217285,0.7464997112751007,0.12078380212187767,0.0605554573237896,-5.186567095982187,21.19362141790013,-30.086055841155392,12.706092094980914,-4.074513934971264,-7.445136866813388,False,False,False,not_evaluated_cross_domain_gate,False
A6PX-P182-0069,C[C@]12CC[C@@H]3[C@@H](CC[C@]4(C)[C@H](C5CC(=O)C5)CC[C@@]34O)[C@@]1(C(=O)O)CC[C@@H](O)C2,182_p50391_full,full,P25929__P50391,P50391,P25929,182_p50391_full::ZINC000253506777,ZINC000253506777,0.48484848484848486,404.5470000000002,3.5550000000000024,94.83000000000001,2,3,4,0.6541450960489141,4.814104111806249,-8.725,-5.295,-3.42,-3.396000000000001,0.03442221504913452,-3.257999999999999,-0.1620000000000008,True,False,0.0061256895307451485,0.18988566398620604,0.7225554704666137,0.0034821880341041832,0.007280704285949469,0.015887701231986285,0.0014462834456935524,0.0035397927393205466,0.009280008610221557,0.028134209988638758,0.1909237965941429,0.9790525674819947,0.6909609913825989,0.10449097603559494,0.05944016017019749,-5.180127692053064,19.087422874448116,-25.24626973950448,17.333675059164353,-4.122304080572151,-7.496823494158077,True,True,True,dual_endpoint_improved,True
A6PX-P182-0047,C[C@]12CC[C@@H]3[C@@H](CC[C@]4(C)[C@H]([C@@H]5CCC(=O)C5)CC[C@@]34O)[C@@]1(C(=O)O)CCC(=O)C2,182_p50391_full,full,P25929__P50391,P50391,P25929,182_p50391_full::ZINC000253506777,ZINC000253506777,0.375,416.5580000000002,4.153300000000003,91.67000000000002,2,2,4,0.7053865265923893,4.846913429496626,-9.281,-5.957,-3.325,-3.2830000000000004,0.2109444371287271,-3.257999999999999,-0.06700000000000106,True,False,0.006663912767544388,0.2317801758646965,0.7551605939865113,0.0032947339990641923,0.01009415581356734,0.019013790320605038,0.001171346046612598,0.004582328221295029,0.014866127027198672,0.03275081347674132,0.1950806498527527,0.9854714632034302,0.8391019940376282,0.13193696960806847,0.055021655187010764,-5.067813318002348,24.1578791449842,-17.65188091602611,8.78147777304706,-4.3849649728299624,-7.928947239079131,True,True,True,dual_endpoint_improved,True
A6PX-P184-0043,COc1ccccc1C(=O)N1CCN(C(=O)N[C@H]2C[C@H](Oc3ccccc3)C2)CC1,184_p50406_full,full,P21728__P50406,P50406,P21728,184_p50406_full::ZINC000743171812,ZINC000743171812,0.42857142857142855,409.4860000000002,2.7726000000000006,71.11,5,1,4,0.8244544370814928,2.1286539969600167,-10.227,-6.437,-3.824,-3.3240000000000007,0.2477920274925902,-3.491999999999999,-0.33200000000000074,True,False,0.29945820569992065,0.9281726598739624,0.8876354575157166,0.05936701148748398,0.5434423685073853,0.4040974244475365,0.014433480892330408,0.5552414953708649,0.1488029234111309,0.3124131545424461,0.8227073669433593,0.9988967537879944,0.9727599501609803,0.35591006502509115,0.768816876411438,-4.624709547771042,68.59321539909058,44.30987250352586,0.6165230696486781,-3.117790440838626,-1.5299823878219907,True,True,True,dual_endpoint_improved,True
A6PX-P184-0012,Cc1cc(C)c(O)c(N2CCN(C(=O)Nc3ccn(Cc4ccccn4)n3)CC2)c1,184_p50406_partial,partial,P21728__P50406,P50406,P21728,184_p50406_partial::ZINC000743171812,ZINC000743171812,0.5857142857142857,406.4900000000001,3.0029400000000015,86.52,4,2,6,0.6956221633575951,2.4896779683374746,-10.136,-6.587,-3.5489999999999995,-2.2150000000000007,0.7321370545646942,-3.491999999999999,-0.057000000000000384,True,False,0.06792987026274204,0.6132596015930176,0.8447144150733947,0.04234553892165423,0.5978745341300964,0.6118078172206879,0.025570905301719904,0.6526328444480896,0.1871819257736206,0.2439705654978752,0.8549106001853943,0.9982156157493591,0.8728826880455017,0.39564918875694277,0.6486540555953979,-5.384589046868329,50.65263821604135,70.95344812500346,-34.90893978065833,-4.31511370251233,-2.8132500017921487,True,True,True,dual_endpoint_improved,True
A6PX-P187-0026,CC(C)(C)C(=O)CN1CCc2cc(C(=O)Nc3ccc(-c4ccccc4)nn3)ccc21,185_p51677_partial,partial,O00421__P51677,P51677,O00421,185_p51677_partial::ZINC000466646546,ZINC000466646546,0.6417910447761194,414.5090000000001,4.373600000000004,75.19,5,1,5,0.6708272755327098,2.4006717105954056,-8.674,-5.876,-2.845999999999999,-2.520999999999999,0.1910154153174266,-2.7429999999999994,-0.10299999999999976,True,True,0.35983731746673586,0.7520045757293701,0.8888306856155396,0.18472665548324585,0.6941450357437133,0.7998978137969971,0.09120298624038696,0.5500280559062958,0.5907463133335114,0.2218346357345581,0.9047950625419616,0.9985506296157837,0.919610857963562,0.9557044506072998,0.7193105220794678,-4.8368696414782875,59.46882948501025,59.76352280834385,41.875654715067604,-5.430797633958478,-4.026247610033692,True,True,True,dual_endpoint_improved,True
A6PX-P188-0044,Cc1cc(CCC(O)=Cc2cn(C)c3ccccc3c2=O)c2ccc(O)c(C)c2c1,186_p51677_full,full,P32246__P51677,P51677,P32246,186_p51677_full::ZINC000003433763,ZINC000003433763,0.2235294117647059,399.4900000000002,4.758540000000004,59.3,5,1,4,0.5264065934251063,2.5869822744964335,-8.954,-5.062,-3.8920000000000003,-3.8310000000000004,0.14893921205944632,-2.966000000000001,-0.9259999999999993,True,False,0.14671605825424194,0.5493670523166656,0.7328248262405396,0.5367683053016663,0.7885454177856446,0.7416433215141296,0.2663299083709717,0.750957989692688,0.26976665705442426,0.07542089074850082,0.5890464961528779,0.9997390866279602,0.8980929493904114,0.9705959796905518,0.812192440032959,-5.225845008915043,83.71368227911611,75.15097323486278,9.682191290340933,-5.680561640317429,-3.4532473074518597,True,True,False,not_dual_endpoint_improved,False
A6PX-P185-0159,Cc1cnc2ccccc2c1C=C[C@@H]1CCC[C@]2(CC1)OC(=O)c1c2c(O)n(C)c(=O)c1C,188_p51677_full,full,P51677__P51681,P51677,P51681,188_p51677_full::ZINC000767274592,ZINC000767274592,0.1919191919191919,444.53100000000023,4.915340000000006,81.41999999999999,2,1,6,0.5678719874162218,4.4991849603213785,-9.48,-6.94,-2.543,-2.5,0.021275964529643882,-1.6370000000000005,-0.9059999999999997,True,False,0.16799684017896652,0.8241742730140686,0.8699667453765869,0.15569449365139007,0.589588075876236,0.7104974031448364,0.03513216972351074,0.7449559330940246,0.1530250556766987,0.13212620615959167,0.7354301929473877,0.9999503850936889,0.9752613782882691,0.9008261680603027,0.4878225564956665,-4.671831922169173,56.011573813916776,82.50032591008217,12.316657707882744,-5.775115063660907,1.5492490502813967,True,True,True,dual_endpoint_improved,True
A6PX-P185-0213,Cc1nc2ccccc2c(CNC(O)=CCn2cnc3c2c(=O)n(C)c(=O)n3C)c1C,188_p51677_full,full,P51677__P51681,P51677,P51681,188_p51677_full::ZINC000767274592,ZINC000767274592,0.5277777777777778,420.4730000000002,1.3052399999999995,103.81,5,1,8,0.5242360868920497,2.565858265319749,-6.874,-4.762,-2.332,-1.8399999999999999,0.23311847250319376,-1.6370000000000005,-0.6949999999999994,True,False,0.3427317202091217,0.8344406962394715,0.8292844653129577,0.048887486942112444,0.11717158704996108,0.16106873899698257,0.13332731351256372,0.7418673038482666,0.17762536257505418,0.5516870439052581,0.7701543092727661,0.9941693305969238,0.8946297764778137,0.7698703408241272,0.7180144488811493,-5.32435711689657,30.6623983290787,46.38680233749155,1.1265877453791457,-2.7324169775955225,-4.495137972210822,False,False,False,not_evaluated_cross_domain_gate,False
A6PX-P185-0253,Cc1cnc2ccc(F)cc2c1C=C[C@H]1CC[C@@H](n2ccc3c2c(=O)n(C)c(=O)n3C)C1,188_p51677_full,full,P51677__P51681,P51677,P51681,188_p51677_full::ZINC000767274592,ZINC000767274592,0.20833333333333334,432.4990000000002,4.089020000000003,61.82,3,0,6,0.48995895237659265,3.8196450181616237,-8.35,-6.2,-2.1439999999999992,-2.1100000000000003,0.053224889749898745,-1.6370000000000005,-0.5069999999999988,True,False,0.4574219584465027,0.9621332168579102,0.903946328163147,0.2531776949763298,0.2798543393611908,0.3651855379343033,0.03682678546756506,0.8225012063980103,0.19239963889122008,0.4084173977375031,0.7980926036834717,0.999944019317627,0.9737728118896485,0.9142941832542419,0.7741616487503051,-4.6647240195757504,46.220548181614916,19.562601078797353,26.009545150333416,-4.76240056209788,-4.937362142943862,False,False,False,not_evaluated_cross_domain_gate,False
A6PX-P185-0179,Cc1cnc2ccccc2c1CN=C(O)CCc1nnc2c(C)c(C)c(C)c(C)n12,188_p51677_full,full,P51677__P51681,P51677,P51681,188_p51677_full::ZINC000767274592,ZINC000767274592,0.2441860465116279,401.5140000000001,4.0686000000000035,72.18,5,1,5,0.5471598943091374,2.76703502174918,-7.484,-5.539,-2.0970000000000004,-1.4090000000000007,0.6349579163657662,-1.6370000000000005,-0.45999999999999996,True,False,0.21630239188671113,0.9036802768707275,0.8901640772819519,0.040557057783007625,0.2432265490293503,0.11760313212871551,0.1005655899643898,0.8800544023513794,0.20389971286058425,0.3639506191015244,0.6553750395774841,0.9976274251937867,0.9766517996788024,0.8933943390846253,0.6307729721069336,-5.568331551069517,41.08995245778359,64.54150256460626,57.43605291750231,-3.286968152971616,-1.1433191378138952,False,False,False,not_evaluated_cross_domain_gate,False
A6PX-P185-0139,CC1=CNc2ccccc2C1=CNC(=O)CCCn1c[nH+]c2c1c(=O)n(C)c(=O)n2C,188_p51677_full,full,P51677__P51681,P51677,P51681,188_p51677_full::ZINC000767274592,ZINC000767274592,0.3902439024390244,420.4730000000002,1.7231999999999996,103.28,5,1,8,0.67875868651294,3.6479558461397925,-6.794,-5.045,-1.8730000000000002,-1.0389999999999997,0.6793258095756081,-1.6370000000000005,-0.23599999999999977,False,False,0.2525700211524963,0.8923103451728821,0.7619594097137451,0.03234557006508112,0.1435319408774376,0.3086658507585526,0.10809711664915085,0.5457168161869049,0.17275891304016114,0.46797680854797363,0.8776020765304565,0.9963631272315979,0.8583726286888123,0.8768428921699524,0.6619988024234772,-5.017462757172391,28.3694264842271,51.85670105446191,-16.73547198765632,-3.1949613852046537,-12.002327224890971,False,False,False,not_evaluated_cross_domain_gate,False
A6PX-P185-0171,Cn1c(=O)c2c(ccn2CCC(=O)NCc2ccnc3ccccc23)n(C)c1=O,188_p51677_full,full,P51677__P51681,P51677,P51681,188_p51677_full::ZINC000767274592,ZINC000767274592,0.34177215189873417,391.43100000000015,1.2933999999999999,90.92000000000002,5,1,7,0.5550936641578216,2.4693439083880175,-7.005,-5.254,-1.7510000000000003,-1.2530000000000001,0.3433728132640803,-1.6370000000000005,-0.11399999999999988,True,False,0.362191778421402,0.7974890351295472,0.814459753036499,0.17516344636678696,0.22845049500465392,0.2155608654022217,0.08194153234362603,0.7201102018356323,0.20253472328186034,0.557134211063385,0.8326602339744568,0.9938222408294678,0.8539767742156983,0.5510642290115356,0.6456123292446136,-5.369478968792641,44.835116844911944,45.106075979968644,30.579363231749767,-2.828327136172866,-6.151745710406347,False,False,False,not_evaluated_cross_domain_gate,False
A6PX-P185-0162,Cn1nc(N)c2ncn(CCC(=O)N3Cc4cnc5ccccc5c4C3)c2c1=O,188_p51677_full,full,P51677__P51681,P51677,P51681,188_p51677_full::ZINC000767274592,ZINC000767274592,0.28735632183908044,389.4190000000001,1.1928999999999998,111.93,3,1,8,0.5633318067991192,2.824246200483227,-6.675,-4.981,-1.7170000000000005,-1.3629999999999995,0.20056143420131647,-1.6370000000000005,-0.08000000000000007,True,False,0.7530783653259278,0.9335715651512146,0.8297555208206177,0.06029864028096199,0.25257860869169235,0.2941712439060211,0.05719141438603401,0.6148828744888306,0.12142796590924262,0.4244144320487976,0.8710878849029541,0.9995524048805237,0.9044013142585754,0.6810393571853638,0.8441744446754456,-5.833572926396656,33.3452649912094,31.90932699790745,-4.848868892750103,-2.1919015471000494,-6.616780657598852,True,True,True,dual_endpoint_improved,True
A6PX-P185-0190,Cn1c(=O)c2c(ncn2CCC(=O)NCc2ccnc3ccccc23)n(C)c1=O,188_p51677_full,full,P51677__P51681,P51677,P51681,188_p51677_full::ZINC000767274592,ZINC000767274592,0.49295774647887325,392.41900000000015,0.6883999999999997,103.81,5,1,8,0.538148222284149,2.398129086624415,-6.524,-4.763,-1.6950000000000003,-1.6219999999999999,0.2574675815623312,-1.6370000000000005,-0.05799999999999983,True,False,0.3929905593395233,0.8107848286628723,0.8258615374565125,0.05555500611662865,0.11293093673884869,0.13342622593045234,0.0885128565132618,0.49777989983558657,0.15741788372397422,0.557343316078186,0.8154661178588867,0.993346118927002,0.7485541105270386,0.5934397637844085,0.5896288752555847,-5.346887356918915,40.76683080716291,36.55227475437205,0.910132239684387,-2.6299640824561163,-4.497290092095559,True,True,False,not_dual_endpoint_improved,False
A6PX-P185-0154,Cc1cnc2ccccc2c1CNC(=O)CCCc1c(C)c(C)c(O)c(C)c1O,188_p51677_full,full,P51677__P51681,P51677,P51681,188_p51677_full::ZINC000767274592,ZINC000767274592,0.21686746987951808,392.49900000000014,4.518780000000005,82.45,6,3,4,0.57599547466197,2.579752421521226,-7.049,-4.432,-1.6789999999999994,-1.056,0.7202726335677807,-1.6370000000000005,-0.04199999999999893,False,False,0.14687797874212266,0.5902889251708985,0.7839646816253663,0.4846816897392273,0.7882604241371155,0.6529391527175903,0.2889432102441788,0.8501838326454163,0.2031017927452922,0.11371952816843986,0.5190355956554413,0.9988566398620605,0.9349207639694214,0.601210606098175,0.7934296131134033,-5.469341224674876,68.71743186191834,97.0135862993695,-0.6465243521897583,-4.921654660495333,-2.8164775108737983,False,False,False,not_evaluated_cross_domain_gate,False
A6PX-P185-0146,CC1=Nc2ccccc2C(CN=C(O)C[C@H](C)n2c[nH+]c3c2c(=O)n(C)c(=O)n3C)=C(C)N1,188_p51677_full,full,P51677__P51681,P51677,P51681,188_p51677_full::ZINC000767274592,ZINC000767274592,0.3181818181818182,449.5150000000002,1.7760999999999996,115.30999999999999,5,2,9,0.6161085932725323,3.575047074897361,-6.961,-5.291,-1.67,-1.04,0.6528916874609108,-1.6370000000000005,-0.032999999999999474,True,False,0.22114795446395874,0.8873803377151489,0.7709429144859314,0.014434523042291402,0.12868988290429115,0.28949443995952606,0.21252026706933974,0.6118860602378845,0.16399357169866563,0.41707435846328733,0.7995803594589234,0.9946640372276306,0.8296144604682922,0.9184192299842835,0.8104220867156983,-5.6931063108772815,8.08096825344023,44.71687103998397,45.340641703338555,-2.9508631925984554,-4.748632009102889,False,False,False,not_evaluated_cross_domain_gate,False
A6PX-P185-0149,Cc1ccc2nccn2c1NC(=O)CCc1cnc2c(C)cc(C)c(C)n12,188_p51677_full,full,P51677__P51681,P51677,P51681,188_p51677_full::ZINC000767274592,ZINC000767274592,0.19318181818181818,361.4490000000001,3.7869800000000025,63.7,4,1,5,0.6014599206618207,2.976442561028305,-7.054,-5.289,-1.6500000000000004,-1.5279999999999996,0.09676891144485558,-1.6370000000000005,-0.0129999999999999,True,False,0.5720631241798401,0.8593325257301331,0.8968351602554321,0.30310883522033694,0.4073371797800064,0.219366455078125,0.3638769179582596,0.8635504007339477,0.19134927541017532,0.5111614286899566,0.7302825093269348,0.9995086908340454,0.9764876008033753,0.7137715458869934,0.8696803092956543,-5.225281875954721,31.350897194156403,59.83734338663103,43.72836964297913,-3.1592692880866875,2.4874090881779227,True,True,False,not_dual_endpoint_improved,False
A6PX-P185-0006,Cn1c(=O)c2c(ncn2CCC(=O)OCC2=CCCNc3ccccc32)n(C)c1=O,188_p51677_partial,partial,P51677__P51681,P51677,P51681,188_p51677_partial::ZINC000767274592,ZINC000767274592,0.547945205479452,409.44600000000014,1.2661999999999998,100.15,5,1,9,0.6372228558561241,2.9008112273083277,-6.641,-3.878,-2.91,-1.7150000000000007,0.5697989898980942,-1.6370000000000005,-1.2729999999999997,True,False,0.4588858067989349,0.9358697533607483,0.7340355157852173,0.36538497507572176,0.5050876855850219,0.5968984723091125,0.2644548714160919,0.8676258087158203,0.09248061403632164,0.33773075938224795,0.8750869035720825,0.9989871263504029,0.8985178470611572,0.8995891213417053,0.8548955798149109,-5.1132255101472435,96.75563224146431,60.82433999992494,21.328564848075622,-3.37655186081716,-3.251506451202199,False,False,False,not_evaluated_cross_domain_gate,False
A6PX-P185-0015,Cc1ccc(Cl)c(COC(=O)CCn2cnc3c2c(=O)n(C)c(=O)n3C)c1,188_p51677_partial,partial,P51677__P51681,P51677,P51681,188_p51677_partial::ZINC000767274592,ZINC000767274592,0.582089552238806,390.8270000000001,1.5290199999999992,88.12,5,0,8,0.6163122753511721,2.4205207643328244,-6.403,-3.813,-2.6889999999999996,-2.2900000000000005,0.2205755098725953,-1.6370000000000005,-1.0519999999999992,True,False,0.18107831627130508,0.9140954971313476,0.872504997253418,0.7127325415611268,0.7641122698783874,0.6699636101722717,0.08849306255578995,0.8551476240158081,0.0917664485052228,0.1242752954363823,0.862458097934723,0.9997961163520813,0.9846431732177734,0.7590695977210998,0.5940497159957886,-4.693701284371262,91.34456388098656,63.6507462868989,-5.910061084862229,-3.3377238369132387,-4.651156112408369,True,True,False,not_dual_endpoint_improved,False
A6PX-P185-0042,COc1ccc(Cl)cc1COC(=O)CCn1cnc2c1c(=O)n(C)c(=O)n2C,188_p51677_partial,partial,P51677__P51681,P51677,P51681,188_p51677_partial::ZINC000767274592,ZINC000767274592,0.5428571428571428,406.82600000000014,1.2291999999999996,97.35,6,0,9,0.5709855288048499,2.3938291230842434,-5.909,-3.542,-2.397,-1.2679999999999998,0.5423862912066353,-1.6370000000000005,-0.7599999999999993,False,False,0.21698684245347977,0.8690369844436645,0.9093750476837158,0.6341888010501862,0.6163503766059876,0.6259883940219879,0.0840740967541933,0.8740567803382874,0.06219648830592632,0.1117161124944687,0.8911682009696961,0.9997299671173095,0.98063805103302,0.799651837348938,0.6510507047176362,-4.573417873627989,76.78287191886679,54.65277089801301,1.856541372068677,-2.935768278032014,-2.507398087400143,False,False,False,not_evaluated_cross_domain_gate,False
A6PX-P185-0005,Cn1c(=O)c2c(ncn2CCC(=O)OCc2cccc3c2NCC3)n(C)c1=O,188_p51677_partial,partial,P51677__P51681,P51677,P51681,188_p51677_partial::ZINC000767274592,ZINC000767274592,0.5416666666666666,383.40800000000013,0.5351999999999999,100.15,5,1,9,0.6455769878731904,2.7325282846821377,-6.139,-4.028,-2.1110000000000007,-1.0410000000000004,0.5966050247488329,-1.6370000000000005,-0.4740000000000002,True,False,0.530657958984375,0.9380777835845947,0.768563961982727,0.2525166839361191,0.30826312154531477,0.32090751379728316,0.2026141658425331,0.6474839806556701,0.08878701031208039,0.2986471027135849,0.8377726197242736,0.9992628812789917,0.8517886400222778,0.7669650435447692,0.7635691404342652,-5.051514802844561,85.21428730830053,48.99131123379202,17.805522967962105,-3.0395394719545017,-2.4274736303686444,False,False,False,not_evaluated_cross_domain_gate,False
A6PX-P185-0013,Cc1ccc(F)c(COC(=O)CCn2cnc3c2c(=O)n(C)c(=O)n3C)c1,188_p51677_partial,partial,P51677__P51681,P51677,P51681,188_p51677_partial::ZINC000767274592,ZINC000767274592,0.582089552238806,374.3720000000001,1.0147199999999996,88.12,5,0,8,0.6223030350505604,2.4223712840833436,-6.381,-4.602,-1.8129999999999997,-1.5090000000000003,0.1495482085037016,-1.6370000000000005,-0.17599999999999927,True,False,0.4683339685201645,0.9751237034797668,0.9186143159866333,0.46902125477790835,0.5588615357875824,0.5125538885593415,0.05882138311862946,0.7000563859939575,0.1196185041218996,0.147501240670681,0.8359755396842956,0.9998504042625427,0.9803857207298279,0.7489059329032898,0.7062284708023071,-4.356606345486871,90.92077599923648,60.009613224138,-3.395103275541767,-2.9461858200523094,-2.614366763226747,True,True,False,not_dual_endpoint_improved,False
A6PX-P185-0016,Cn1c(=O)c2c(ncn2CCC(=O)OCc2cccc3c2CCC3)n(C)c1=O,188_p51677_partial,partial,P51677__P51681,P51677,P51681,188_p51677_partial::ZINC000767274592,ZINC000767274592,0.5797101449275363,382.42000000000013,1.0558999999999996,88.12,5,0,8,0.6158431320130251,2.5508404560550684,-6.775,-5.137,-1.7670000000000003,-1.6380000000000008,0.2786718500315378,-1.6370000000000005,-0.1299999999999999,True,False,0.5059177815914154,0.9592294812202453,0.8388243556022644,0.6977281928062439,0.7658231854438782,0.7081354260444641,0.18026595264673234,0.8332173466682434,0.0825221087783575,0.23906432390213012,0.7369330525398254,0.9998990058898926,0.9703823089599609,0.8678550839424133,0.7221710443496704,-4.781896709049475,73.84748196997171,46.476863744907924,-6.414871829571355,-2.905071940788853,0.5806788080106349,False,False,False,not_evaluated_cross_domain_gate,False
A6PX-P185-0046,COc1ncccc1COC(=O)CCn1cnc2c1c(=O)n(C)c(=O)n2C,188_p51677_partial,partial,P51677__P51681,P51677,P51681,188_p51677_partial::ZINC000767274592,ZINC000767274592,0.582089552238806,373.36900000000014,-0.02919999999999967,110.24000000000001,6,0,10,0.5580915200851051,2.570020731068791,-5.447,-3.332,-1.7410000000000005,-1.451,0.33686001048902575,-1.6370000000000005,-0.10400000000000009,True,False,0.40140140652656553,0.8567262053489685,0.8918993949890137,0.15545603707432748,0.08102492727339268,0.07504455000162125,0.022350510070100426,0.41349998116493225,0.042721714731305836,0.21435955464839934,0.8569749355316162,0.9987855195999146,0.9357717037200928,0.23342674672603608,0.42015889286994934,-4.559153689194613,81.21383620905821,58.68187787750321,-22.042180896274918,-2.0887974875336814,6.0535257967144025,True,True,False,not_dual_endpoint_improved,False
A6PX-P185-0034,Cn1c(=O)c2c(ncn2CCC(=O)OCc2ccnc3c2CCCC3)n(C)c1=O,188_p51677_partial,partial,P51677__P51681,P51677,P51681,188_p51677_partial::ZINC000767274592,ZINC000767274592,0.5571428571428572,397.4350000000002,0.8409999999999997,101.00999999999999,5,0,9,0.5915988158372988,2.7318349027595,-6.423,-4.797,-1.7270000000000003,-1.2780000000000005,0.278400590676257,-1.6370000000000005,-0.08999999999999986,True,False,0.39594374001026156,0.9358973860740661,0.8536873936653138,0.3164325594902039,0.30053930431604386,0.41248794496059416,0.14745601564645766,0.7356285929679871,0.07513060867786407,0.3984733551740646,0.6953913331031799,0.9993692874908447,0.9546427249908447,0.7102158904075623,0.620197731256485,-5.0123257444770255,58.51913703569602,32.5598386501912,-8.439657881034785,-2.2290727265246657,1.3812484854553504,True,True,False,not_dual_endpoint_improved,False
A6PX-P186-0085,C[C@@H](NC(=O)c1ccc2c(c1)C(=O)NCCC2)C(=O)N1CCc2ccccc2C1,189_ccr3_full,full,P51677__P51685,P51677,P51685,189_ccr3_full::ZINC000732334074,ZINC000732334074,0.3333333333333333,391.47100000000023,2.0657999999999994,78.51,3,2,3,0.8407915382082501,2.7851915327556913,-8.36,-6.254,-2.1160000000000005,-2.094000000000001,0.19866442951760477,-0.1620000000000008,-1.9539999999999997,True,False,0.26595391035079957,0.6596566557884216,0.7341224312782287,0.10203065928071738,0.41201984882354736,0.20114043354988098,0.14084406718611717,0.49302005767822266,0.2898952603340149,0.16741736158728598,0.6795238852500916,0.9886731147766114,0.8468891620635987,0.6472772717475891,0.6136756658554077,-5.097608724417021,30.58461422922644,46.63407339862082,53.49049791221539,-3.458837289442349,-5.5074409837986416,True,True,False,not_dual_endpoint_improved,False
A6PX-P018-0013,CN1CC[C@](NC(=O)N2CCC[C@@H](CO)C2)(c2ccc(-c3ccccc3)cc2)C1=O,18_p08172_full,full,P08172__P11229,P08172,P11229,18_p08172_full::ZINC000012148775,ZINC000012148775,0.36,407.51400000000007,2.8249000000000013,72.88,4,2,3,0.8186579069423197,3.3379968433875984,-9.922,-6.54,-3.3820000000000006,-3.007999999999999,0.17654146506951018,-1.9749999999999996,-1.407000000000001,True,False,0.20412235856056213,0.7589306473731995,0.8332787036895752,0.021059735864400863,0.02506293375045061,0.016157505800947547,0.006243999768048525,0.18999319076538085,0.1722896933555603,0.5784267783164978,0.4256714105606079,0.9969547629356384,0.8699133396148682,0.30207519233226776,0.6968257784843445,-4.5860481581917565,13.53116361002144,3.817122477823149,37.06597653867482,-3.253008452390221,-6.078122404783954,False,False,False,not_evaluated_cross_domain_gate,False
A6PX-P018-0019,CN1CC[C@](NC(=O)N2CCC[C@@H](CO)CC2)(c2ccc(-c3ccccc3)cc2)C1=O,18_p08172_full,full,P08172__P11229,P08172,P11229,18_p08172_full::ZINC000012148775,ZINC000012148775,0.36,421.54100000000005,3.2150000000000016,72.88,4,2,3,0.7962582938462789,3.317734861822707,-9.58,-6.668,-2.9379999999999997,-2.691,0.13534236423070017,-1.9749999999999996,-0.9630000000000001,True,False,0.21533894985914231,0.5826817870140075,0.8553873777389527,0.018892702739685775,0.02469516694545746,0.028224793262779713,0.004649465682450682,0.2698782294988632,0.23809780180454254,0.5042055368423461,0.5885013461112976,0.9949125289916992,0.8634133577346802,0.4893906354904175,0.6766930758953095,-4.565054291572362,21.300178998388883,17.490703988707246,46.474038431088125,-3.478129664350349,-6.575670234747635,True,True,True,dual_endpoint_improved,False
A6PX-P018-0105,CC(=O)N1CCCN([C@@H](O)C[C@]2(c3ccc(-c4ccccc4)cc3)C[C@@](C)(O)N(C)[C@@H]2O)CC1,18_p08172_full,full,P08172__P11229,P08172,P11229,18_p08172_full::ZINC000012148775,ZINC000012148775,0.34177215189873417,467.61000000000007,2.2165000000000004,87.48,5,3,6,0.6251818741147662,4.06238619964131,-9.391,-6.554,-2.8369999999999997,-2.2269999999999994,0.34094998003943217,-1.9749999999999996,-0.8620000000000001,True,False,0.21049458384513856,0.15919818729162216,0.5777616500854492,0.009440916497260332,0.018484690692275763,0.007807078515179455,0.0793878674507141,0.08719393387436866,0.0550678301602602,0.6067726254463196,0.21484884917736052,0.8382805347442627,0.7814228534698486,0.3812656760215759,0.7543483018875122,-5.373962563228018,21.235207338265475,21.626410027748665,42.08908635044786,-1.7250883562837713,-6.73493464179735,False,False,False,not_evaluated_cross_domain_gate,False
A6PX-P018-0035,CCN1CCCN(C(=O)C[C@]2(c3ccc(-c4ccccc4)cc3)CNC(=O)N(C)C2=O)CC1,18_p08172_full,full,P08172__P11229,P08172,P11229,18_p08172_full::ZINC000012148775,ZINC000012148775,0.609375,448.56700000000006,2.7173000000000007,72.96000000000001,5,1,4,0.7635120844631579,3.0458717758919462,-9.221,-6.455,-2.7590000000000003,-2.0540000000000003,0.3862730755422758,-1.9749999999999996,-0.7840000000000007,False,False,0.4497836112976074,0.8571732997894287,0.6180327534675598,0.048437225818634036,0.03305171132087707,0.014833296369761228,0.07450769990682601,0.5277152240276337,0.21386604756116867,0.7640524446964264,0.5280375719070435,0.9536964416503906,0.8343204259872437,0.4074291706085205,0.6437419772148132,-4.740467228697417,33.05120358566277,35.07268119984932,41.8750599913092,-3.5853372889571418,-5.546963937082081,False,False,False,not_evaluated_cross_domain_gate,False
A6PX-P018-0107,C[C@H]1C(=O)[C@@](c2ccc(-c3ccccc3)cc2)([C@H](O)C(=O)N2CCCN(CO)CC2)[C@@H](O)N1C,18_p08172_full,full,P08172__P11229,P08172,P11229,18_p08172_full::ZINC000012148775,ZINC000012148775,0.37333333333333335,467.56600000000003,0.6578000000000002,104.55000000000003,5,3,7,0.5934247958323969,4.034571462799205,-8.729,-6.194,-2.6030000000000006,-2.1529999999999996,0.21501627845351634,-1.9749999999999996,-0.628000000000001,True,False,0.17958804965019226,0.17196090370416642,0.6977181553840637,0.004647452000062913,0.027849980071187018,0.006663669145200402,0.04203176964074373,0.05853095762431622,0.18220777362585067,0.5423644244670868,0.46422675251960754,0.8771695971488953,0.691607666015625,0.6505579054355621,0.504028195142746,-5.151408153239234,49.83453968976949,12.457290760478537,31.522170617807205,-2.1143506223211643,-3.65826498519467,False,False,False,not_evaluated_cross_domain_gate,False
A6PX-P018-0020,CN1CCCN(C(=O)C[C@]2(c3ccc(-c4ccccc4)cc3)NC(=O)N(C)[C@@H]2O)CC1,18_p08172_full,full,P08172__P11229,P08172,P11229,18_p08172_full::ZINC000012148775,ZINC000012148775,0.47058823529411764,422.529,2.0765,76.12,4,2,4,0.791127398388227,3.419120370976475,-9.127,-6.61,-2.5569999999999995,-2.399000000000001,0.07643733817099184,-1.9749999999999996,-0.5819999999999999,True,False,0.36954839825630187,0.44117701053619385,0.6415104985237121,0.008767697913572191,0.014485482033342123,0.006308659934438765,0.0322197962552309,0.0434039369225502,0.17345814257860184,0.6572981119155884,0.46336027383804324,0.8247334480285644,0.580643379688263,0.3560216844081879,0.5730581521987915,-5.008083717394131,14.54716861939587,25.980274903791713,45.28470123664069,-2.093930660207192,-2.910880484122669,False,False,False,not_evaluated_cross_domain_gate,False
A6PX-P018-0001,CNC(=O)[C@@H](NC(=O)N1CCCN(C)CC1)c1ccc(-c2ccccc2)cc1,18_p08172_full,full,P08172__P11229,P08172,P11229,18_p08172_full::ZINC000012148775,ZINC000012148775,0.323943661971831,380.492,2.487800000000001,64.68,4,2,3,0.8565696583723951,2.532774461735867,-8.972,-6.412,-2.5489999999999995,-2.2799999999999994,0.13525860005518664,-1.9749999999999996,-0.5739999999999998,True,False,0.3278965801000595,0.8024117946624756,0.8667139530181884,0.022164279501885174,0.019243635609745978,0.0057665133383125065,0.032622686214745046,0.037536654621362686,0.3602848917245865,0.6468455910682678,0.5179317057132721,0.8226994633674621,0.7572524666786193,0.07563491053879261,0.5211429953575134,-5.02679439716457,7.237501209917949,-0.3950647027940377,20.88211466408172,-2.2665285778466138,-2.355227465779275,True,True,True,dual_endpoint_improved,False
A6PX-P018-0043,CCN1CCCN(C(O)=C[C@]2(c3ccc(-c4ccccc4)cc3)NC(=O)N(C)[C@@H]2O)CC1,18_p08172_full,full,P08172__P11229,P08172,P11229,18_p08172_full::ZINC000012148775,ZINC000012148775,0.4714285714285714,436.55600000000004,2.466600000000001,76.12,5,2,4,0.7551224963390762,3.4133362269528327,-9.209,-6.578,-2.548,-2.270999999999999,0.15391844882563288,-1.9749999999999996,-0.5730000000000004,True,False,0.46221643686294556,0.45349414348602296,0.589111053943634,0.016695947479456665,0.02014803998172283,0.010830331547185778,0.09233904853463173,0.09198438078165054,0.1742928847670555,0.7188673973083496,0.3919745355844498,0.8640990138053894,0.6142866015434265,0.4613708883523941,0.6955947279930115,-4.9877118064722765,18.376859959930687,40.301544961911844,60.05874353118177,-2.2255427898561906,-0.2116280770217319,False,False,False,not_evaluated_cross_domain_gate,False
A6PX-P018-0086,CCN1CCCN(C(=O)C[C@]2(C)CC(=O)N(C)C(=O)N2c2ccc(-c3ccccc3)cc2)CC1,18_p08172_full,full,P08172__P11229,P08172,P11229,18_p08172_full::ZINC000012148775,ZINC000012148775,0.5147058823529411,462.5940000000001,3.845100000000003,64.17,5,0,4,0.6772709075566142,3.078014451803913,-8.897,-6.456,-2.525999999999999,-2.3579999999999997,0.08598191024214864,-1.9749999999999996,-0.5509999999999993,True,True,0.22865782380104066,0.9508754253387451,0.5693024635314942,0.056000984832644464,0.10454636961221694,0.05699213780462742,0.09287921674549579,0.5558199882507324,0.3315243452787399,0.6478027880191803,0.6605521440505981,0.9780392646789551,0.9354752659797668,0.5953334987163543,0.775502610206604,-4.352456644592932,41.879263366564274,50.90423917993546,42.00254557657553,-4.400243011009492,-3.1686238845797994,True,True,True,dual_endpoint_improved,True
A6PX-P018-0045,C=CN1CCCN(C(=O)C[C@]2(c3ccc(-c4ccccc4)cc3)NC(O)N(C)C2=O)CC1,18_p08172_full,full,P08172__P11229,P08172,P11229,18_p08172_full::ZINC000012148775,ZINC000012148775,0.5072463768115942,434.5400000000001,1.9543,76.12,5,2,5,0.7525157926154754,3.717495144957903,-8.959,-6.441,-2.518,-2.5069999999999997,0.0326019767635167,-1.9749999999999996,-0.5430000000000001,True,True,0.3445571154356003,0.23095546364784242,0.6706277132034302,0.008889538608491421,0.09394794404506683,0.03839354701340199,0.015287404228001834,0.3514135926961899,0.21381909847259523,0.3123929649591446,0.7392922401428222,0.9814950108528138,0.7282026052474976,0.5548694252967834,0.46336099207401277,-5.164359661723403,23.884526966814754,40.632157192671045,53.161209833263705,-2.517666417119084,-1.659722091405089,True,True,True,dual_endpoint_improved,True
A6PX-P018-0022,CN1CCCN(C(O)=C[C@]2(c3ccc(-c4ccccc4)cc3)CCN(C)C2=O)CC1,18_p08172_full,full,P08172__P11229,P08172,P11229,18_p08172_full::ZINC000012148775,ZINC000012148775,0.5901639344262295,405.5420000000001,3.0077000000000025,43.86000000000001,4,0,3,0.7854976027998524,2.885943293281878,-9.158,-6.681,-2.499999999999999,-2.1420000000000003,0.1762599090989084,-1.9749999999999996,-0.5249999999999995,True,False,0.26361492574214934,0.8711667060852051,0.6578176021575928,0.017062255553901194,0.0491529680788517,0.012420495320111514,0.07551855053752661,0.4138068616390228,0.11827091127634048,0.5389236032962799,0.27676793932914734,0.9643830299377442,0.9548118948936463,0.5989563763141632,0.7094092845916748,-4.556864092184222,25.236239983834658,20.12184640065857,11.619588560880725,-2.4129824620272617,-9.032783505392436,False,False,False,not_evaluated_cross_domain_gate,False
A6PX-P018-0046,CC(=O)N1CCCN(C(=O)C[C@]2(c3ccc(-c4ccccc4F)cc3)NC(=O)N(C)[C@@H]2C)CC1,18_p08172_full,full,P08172__P11229,P08172,P11229,18_p08172_full::ZINC000012148775,ZINC000012148775,0.37662337662337664,466.5570000000001,3.2024000000000017,72.96000000000001,4,1,3,0.7522712608892038,3.4959731131279748,-9.389,-6.93,-2.4670000000000005,-2.0669999999999993,0.23147066048781806,-1.9749999999999996,-0.4920000000000009,True,False,0.328707817196846,0.6324587285518646,0.7549081444740295,0.01087661855854094,0.11193480640649796,0.05778636010363698,0.013282535597682,0.7306190490722656,0.2524456411600113,0.38838901519775393,0.750591778755188,0.9874079704284668,0.9259241461753845,0.39565196484327314,0.5821048378944397,-4.614579786309935,28.25525792698255,51.645630072012445,15.622530135724892,-3.499228061313942,-5.901972252117035,False,False,False,not_evaluated_cross_domain_gate,False
A6PX-P018-0049,CO[C@@H]1CCCN(C(=O)C[C@]2(c3ccc(-c4ccccc4)cc3)NC(O)N(C)C2=O)CC1,18_p08172_full,full,P08172__P11229,P08172,P11229,18_p08172_full::ZINC000012148775,ZINC000012148775,0.41333333333333333,437.54000000000013,2.3040000000000003,82.11000000000001,5,2,5,0.7502795854370032,3.666258670371594,-8.745,-6.296,-2.423,-2.102999999999999,0.23211539275876472,-1.9749999999999996,-0.4480000000000004,True,False,0.3787368595600128,0.2133537456393242,0.759284245967865,0.0031336239422671496,0.05499071776866913,0.026428072713315487,0.0035669021890498698,0.33762949109077456,0.09423174858093261,0.2771777808666229,0.6592568516731262,0.9918475985527039,0.8477250695228576,0.5685933768749237,0.48649380803108216,-4.864718346515369,40.378330555765736,27.666585783124066,58.666701535761334,-2.8671001711017072,0.334944839570531,False,False,False,not_evaluated_cross_domain_gate,False
A6PX-P018-0029,CO[C@H]1CCCN(C(=O)C[C@]2(c3ccc(-c4ccccc4)cc3)N=C(N)NC2=O)CC1,18_p08172_full,full,P08172__P11229,P08172,P11229,18_p08172_full::ZINC000012148775,ZINC000012148775,0.37662337662337664,420.51300000000003,2.4109999999999996,97.01999999999998,5,2,5,0.7762832307777194,3.4073645938883947,-8.998,-6.622,-2.4079999999999995,-1.6850000000000005,0.37349907035433855,-1.9749999999999996,-0.43299999999999983,True,False,0.3351624071598053,0.27751700282096864,0.8556250333786011,0.008704065764322876,0.025143860094249248,0.0157569894567132,0.025554041750729083,0.2424176037311554,0.07075395807623863,0.32073643803596497,0.5607109010219574,0.9680171966552734,0.6762495636940002,0.36843947172164915,0.43106921315193175,-5.307774549603863,17.588781867311962,12.245147740272278,1.1144882575892765,-3.99958959354892,2.72881994970216,False,False,False,not_evaluated_cross_domain_gate,False
A6PX-P018-0074,CN1C(=O)C[C@](NC(=O)N2CCN3CCC[C@@H](C2)C3=O)(c2ccc(-c3ccccc3F)cc2)[C@H]1O,18_p08172_full,full,P08172__P11229,P08172,P11229,18_p08172_full::ZINC000012148775,ZINC000012148775,0.2727272727272727,480.54000000000013,2.1323,93.19000000000001,3,2,4,0.7041306001371916,4.713280980922368,-9.979,-7.568,-2.397999999999999,-2.226000000000001,0.15159375536830869,-1.9749999999999996,-0.42299999999999915,True,False,0.07609143853187561,0.7139228940010071,0.7047770857810974,0.005271213816013187,0.035296641290187836,0.01640032643917948,0.008789037819951773,0.24896011203527452,0.07381961941719055,0.3548301815986633,0.6952584981918335,0.9909057855606079,0.7489310026168823,0.45145697295665743,0.5903359234333039,-4.791954547756916,9.36836741109489,31.392668686308394,23.295743687763892,-3.85529134250448,-6.099415822717814,False,False,False,not_evaluated_cross_domain_gate,False
A6PX-P018-0071,CCN1CCCN(C(=O)C[C@]2(c3ccc(-c4ccccc4)c(O)c3)O[C@H](O)C3(CC3)C2=O)CC1,18_p08172_full,full,P08172__P11229,P08172,P11229,18_p08172_full::ZINC000012148775,ZINC000012148775,0.37037037037037035,464.5620000000001,2.8967000000000023,90.31000000000002,5,2,6,0.7073461014234121,4.130182823723447,-8.977,-6.575,-2.3760000000000003,-2.178,0.134861245565787,-1.9749999999999996,-0.4010000000000007,True,False,0.6907746493816376,0.5088262021541595,0.688316285610199,0.023554010689258574,0.07473698109388352,0.046113995090126994,0.08774047493934631,0.4376320481300354,0.041418641805648804,0.5618323445320129,0.30279493778944017,0.9926629662513733,0.714842677116394,0.6113334894180298,0.44384862780570983,-5.283920475530734,61.21346430080573,64.33701105323307,9.105983892443072,-3.1676276988153376,1.546850780110605,False,False,False,not_evaluated_cross_domain_gate,False
A6PX-P018-0006,O=C(N[C@H](C(=O)N1CCC1)c1ccc(-c2ccccc2)cc1)N1CCC[C@H](O)C1,18_p08172_full,full,P08172__P11229,P08172,P11229,18_p08172_full::ZINC000012148775,ZINC000012148775,0.273972602739726,393.4870000000001,2.7933000000000012,72.88,4,2,3,0.8390116726739004,2.8618003752294516,-8.836,-6.527,-2.3549999999999995,-2.1979999999999995,0.07942431757479733,-1.9749999999999996,-0.3799999999999999,True,False,0.04903675392270088,0.6033832490444183,0.7049680233001709,0.018961282446980476,0.0538141205906868,0.02747364453971386,0.008139766799286009,0.053463246673345566,0.09912329651415348,0.2638542205095291,0.4752529799938202,0.9801666736602783,0.7604347229003906,0.24906193912029267,0.5464921295642853,-4.797533648190112,3.8594731068740473,9.384665952144251,5.508153421023489,-2.8434754848598125,-6.835593198814555,False,False,False,not_evaluated_cross_domain_gate,False
A6PX-P018-0004,C[C@@H]1C[C@@](NC(=O)[C@@H]2C=CC(=O)NC2)(c2ccc(-c3ccccc3)cc2)CN1C,18_p08172_full,full,P08172__P11229,P08172,P11229,18_p08172_full::ZINC000012148775,ZINC000012148775,0.2625,389.4990000000001,2.835400000000001,61.440000000000005,4,2,3,0.8453667663315068,3.703623174117311,-9.069,-6.835,-2.3130000000000006,-1.7749999999999995,0.2702422781299939,-1.9749999999999996,-0.33800000000000097,True,False,0.3727523311972618,0.6746829271316528,0.7280976891517639,0.026556065399199726,0.03939706590026617,0.006914871465414763,0.11929861754179001,0.18715880960226058,0.2509373098611832,0.4796147882938385,0.39482441544532776,0.8600817680358886,0.7198657751083374,0.27542951703071594,0.39040430784225466,-4.882200816136647,11.967025875109831,9.061008039593698,22.479274752247054,-3.694922520378813,-5.794040834544044,False,False,False,not_evaluated_cross_domain_gate,False
A6PX-P018-0005,CN1CC[C@](NC(=O)[C@H]2C[C@@H](CO)C2)(c2ccc(-c3ccccc3)cc2)C1=O,18_p08172_full,full,P08172__P11229,P08172,P11229,18_p08172_full::ZINC000012148775,ZINC000012148775,0.32432432432432434,378.47200000000004,2.545700000000001,69.64000000000001,5,2,3,0.8401006997623343,3.1338786778994514,-8.739,-6.49,-2.2430000000000003,-2.186,0.08231781230221194,-1.9749999999999996,-0.2680000000000007,True,False,0.27104333937168124,0.616861093044281,0.8783572554588318,0.0238062659278512,0.08079598248004913,0.030108046159148215,0.00533460786100477,0.250682058930397,0.23358934819698335,0.27456246614456176,0.5793698072433472,0.9969629526138306,0.8345305442810058,0.16002947762608527,0.3339106813073158,-4.713224961329433,44.81155539713917,8.67077820673909,25.362596575050592,-3.188649091469015,-5.654454882381779,True,True,True,dual_endpoint_improved,False
A6PX-P018-0112,O=C1CN(CO)CCCN1C(=O)C[C@]1(c2ccc(-c3ccccc3)cn2)CN2CCN[C@@H]2[C@@H]1O,18_p08172_full,full,P08172__P11229,P08172,P11229,18_p08172_full::ZINC000012148775,ZINC000012148775,0.2988505747126437,465.5540000000001,-0.006999999999997175,109.24000000000001,5,3,8,0.566077425479542,4.274142179316679,-8.62,-6.51,-2.239,-1.9779999999999989,0.16222823428737737,-1.9749999999999996,-0.26400000000000023,True,False,0.23486780524253845,0.3328708946704865,0.29402798414230347,0.0033925910363905134,0.010204488388262689,0.006729505385737866,0.02336649294011295,0.11425609141588211,0.0690861776471138,0.49283955097198484,0.3261434644460678,0.8046493768692017,0.28740928769111634,0.053781534731388095,0.4265386700630188,-5.636132036256432,26.519493290357225,44.50065478003546,20.8055699552342,-2.670793747817645,-3.34208209685677,False,False,False,not_evaluated_cross_domain_gate,False
A6PX-P018-0023,CN1C(=O)[C@@](CC(=O)N2CCNC(=O)CC2)(c2ccc(-c3ccccc3)cc2)C[C@@H]1O,18_p08172_full,full,P08172__P11229,P08172,P11229,18_p08172_full::ZINC000012148775,ZINC000012148775,0.45714285714285713,421.49700000000007,1.5105,89.94999999999999,4,2,4,0.7832257010723697,3.475219322025427,-8.845,-6.608,-2.237000000000001,-1.4719999999999995,0.4317856978744076,-1.9749999999999996,-0.26200000000000134,True,False,0.16454496309161187,0.1612425282597542,0.6015844106674194,0.0030749817902687936,0.02272225171327591,0.006361242884304374,0.003565381944645196,0.14996563494205475,0.11689466536045075,0.1441481426358223,0.5999002039432526,0.9090469121932984,0.6071999669075012,0.2928367868065834,0.1988232433795929,-4.9771117094940145,24.866920017920926,16.300772791370427,31.349406018466773,-2.5642333190588538,-8.461764753927445,False,False,False,not_evaluated_cross_domain_gate,False
A6PX-P018-0057,CCN1CCCN(C(=O)C[C@]2(c3ccc(-c4ccccc4)nc3)NC(O)N(C)C2=O)CC1,18_p08172_full,full,P08172__P11229,P08172,P11229,18_p08172_full::ZINC000012148775,ZINC000012148775,0.4230769230769231,437.5440000000001,1.2257000000000013,89.00999999999999,5,2,6,0.7314945226563696,3.61866403760372,-8.747,-6.502,-2.232000000000001,-2.0330000000000013,0.09701889850264536,-1.9749999999999996,-0.25700000000000145,True,False,0.4687075138092041,0.28369768559932707,0.6442734718322753,0.002584491646848619,0.011705880099907518,0.00605132314376533,0.030955847725272177,0.0893094003200531,0.1519446149468422,0.6785588145256043,0.4174434542655945,0.9582708716392517,0.6464526534080506,0.27003934383392336,0.41016550958156583,-5.307174385468278,13.38499106639035,19.46274103755298,72.80775034684704,-1.4000453010741007,8.847141243324522,False,False,False,not_evaluated_cross_domain_gate,False
A6PX-P018-0075,CN1C(=O)C[C@](CC(=O)N2CCN3CC[C@@H]2CC3=O)(c2ccc(-c3ccccc3)cc2)C1(C)C,18_p08172_full,full,P08172__P11229,P08172,P11229,18_p08172_full::ZINC000012148775,ZINC000012148775,0.35526315789473684,459.59000000000015,3.455400000000002,60.93000000000001,4,0,3,0.7036723537887019,4.611047913873573,-9.539,-6.616,-2.2219999999999995,-2.1919999999999993,0.45789761106848204,-1.9749999999999996,-0.2469999999999999,True,True,0.11388110667467118,0.9157123446464539,0.5001840412616729,0.0057444702833890915,0.2284523665904999,0.10141293965280056,0.019693542877212165,0.5772432059049606,0.062211774289608,0.1596266210079193,0.4199246019124985,0.9973225355148315,0.9831963181495667,0.6809668123722077,0.5903446912765503,-4.508510995555329,26.927293310244032,58.16419126845908,26.86799440202311,-4.072288181543452,-9.727565713077507,True,True,True,dual_endpoint_improved,True
A6PX-P018-0030,CO[C@H]1CCCN(C(=O)C[C@]2(c3ccc(-c4ccccc4)cc3)NC(O)N(C)[C@@H]2C)C1,18_p08172_full,full,P08172__P11229,P08172,P11229,18_p08172_full::ZINC000012148775,ZINC000012148775,0.358974358974359,423.5570000000001,2.775800000000001,65.04,5,2,5,0.7743367437670965,3.9430319263893328,-8.469,-6.261,-2.2079999999999993,-1.4160000000000004,0.5259590182598727,-1.9749999999999996,-0.23299999999999965,False,False,0.37772061824798586,0.6149061441421508,0.7042040467262268,0.00916854669339955,0.06099390685558319,0.01788091966882348,0.11069531962275506,0.35622367858886717,0.04945355225354433,0.6332140624523163,0.14873844981193543,0.9961989045143127,0.8802968025207519,0.5832112312316895,0.7653167963027954,-5.017700126963781,21.385491682121323,24.266186648707453,48.16563362930109,-2.7958367253259917,-0.6838081417342204,False,False,False,not_evaluated_cross_domain_gate,False
A6PX-P018-0032,CCN1CCCN(C(=O)N[C@]2(c3ccc(-c4ccccc4)cc3)CC(O)N(C)C2=O)CC1,18_p08172_full,full,P08172__P11229,P08172,P11229,18_p08172_full::ZINC000012148775,ZINC000012148775,0.40540540540540543,436.5560000000001,2.4666000000000006,76.12,4,2,4,0.7721663980491963,3.4584305633856305,-8.987,-6.889,-2.1930000000000005,-2.091,0.13571129487097075,-1.9749999999999996,-0.21800000000000086,True,False,0.3189900189638138,0.6083368122577667,0.7010759353637696,0.007614643941633403,0.009032208658754825,0.004372843087185174,0.0311069973744452,0.02787871826440096,0.23459518551826478,0.6887409031391144,0.4078882932662964,0.9263751864433288,0.6794562458992004,0.40899382829666137,0.6865387678146362,-4.829020588641901,2.9768040726166705,-0.47597622331405487,68.32458413907274,-2.2368139297007037,-4.469127155943825,False,False,False,not_evaluated_cross_domain_gate,False
A6PX-P018-0042,CN1C(=O)[C@@](CC(=O)N2CCC(CO)CC2)(c2ccc(-c3ccccc3)cn2)N=C1N,18_p08172_full,full,P08172__P11229,P08172,P11229,18_p08172_full::ZINC000012148775,ZINC000012148775,0.35443037974683544,421.50100000000003,1.3516,112.12,5,2,6,0.7569094739066057,3.277409222074203,-8.696,-6.61,-2.127,-1.9650000000000007,0.16083393782269803,-1.9749999999999996,-0.15200000000000014,True,False,0.07373753115534783,0.3001726508140564,0.7158798098564148,0.0028033829294145107,0.020669145695865154,0.00824543866328895,0.029821216687560083,0.09650135524570942,0.0257929015904665,0.2761057138442993,0.46390807032585146,0.992860758304596,0.8078224301338196,0.3163009971380234,0.30075971186161043,-5.344610625314425,-1.7734298971227573,4.536524350847159,-28.935680993975172,-2.57545053803239,5.962343819243379,False,False,False,not_evaluated_cross_domain_gate,False
A6PX-P018-0037,CN1CCN(C(=O)C[C@]2(c3ccc(-c4ccccc4)nc3)NC(O)N(C)C2=O)CC1,18_p08172_full,full,P08172__P11229,P08172,P11229,18_p08172_full::ZINC000012148775,ZINC000012148775,0.38666666666666666,409.49000000000007,0.4455000000000018,89.00999999999999,4,2,6,0.7622040505559337,3.602786901264059,-8.721,-6.618,-2.107,-1.7910000000000004,0.2637490389661269,-1.9749999999999996,-0.13200000000000056,True,True,0.22770718336105347,0.23915564715862275,0.6622725486755371,0.0008029100194107741,0.011724412254989148,0.003877106006257236,0.0034313253476284445,0.01673097498714924,0.14396529495716096,0.462329638004303,0.5994129776954651,0.9192238092422486,0.5820264995098114,0.1412442982196808,0.22561251670122145,-5.183557222928667,3.5137228809217023,2.441817392385333,35.682999432352496,-1.4703377509894031,3.677469083037046,True,True,True,dual_endpoint_improved,False
A6PX-P018-0010,CCN1CCCN(C(=O)N[C@H](C(=O)N(C)C)c2ccc(-c3ccccc3)cc2)CC1,18_p08172_full,full,P08172__P11229,P08172,P11229,18_p08172_full::ZINC000012148775,ZINC000012148775,0.3424657534246575,408.54600000000005,3.2201000000000013,55.89000000000001,5,1,3,0.8265340907752946,2.5914677823905805,-8.501,-6.456,-2.084999999999999,-1.9670000000000005,0.06545397025560923,-1.9749999999999996,-0.10999999999999943,True,False,0.4511143386363983,0.8701873064041138,0.7520675659179688,0.04919588025659323,0.037930093705654144,0.014472362305969,0.1490770734846592,0.15797316282987595,0.3041063815355301,0.7121949434280396,0.3982805609703064,0.9201110124588012,0.9115460157394409,0.33412968218326566,0.7676332473754883,-4.832389190407086,22.866895019618667,27.98724401001808,24.449694693798843,-2.5253536525714493,-4.137735166222978,False,False,False,not_evaluated_cross_domain_gate,False
A6PX-P018-0027,CN(C)C(=O)[C@@H](NC(=O)N1CCCN(CO)CC1)c1ccc(-c2ccccc2)nc1,18_p08172_full,full,P08172__P11229,P08172,P11229,18_p08172_full::ZINC000012148775,ZINC000012148775,0.2804878048780488,411.50600000000003,1.5449999999999995,89.01000000000002,5,2,5,0.7792994154167235,2.912138189630401,-8.446,-6.439,-1.9969999999999999,-1.8420000000000005,0.09755340417774572,-1.9749999999999996,-0.02200000000000024,True,False,0.2836386293172836,0.4789513051509857,0.6793952465057373,0.0031950117438100277,0.0067556090885773305,0.004788442503195256,0.008198067592456938,0.015398036874830722,0.15326360762119293,0.6352808594703674,0.39184656739234924,0.9136263608932496,0.6401643514633178,0.04775852859020233,0.34070277512073516,-4.963369197804943,11.234829455530853,11.35154927203494,30.92615211290912,-1.404405986423409,4.885432455704125,False,False,False,not_evaluated_cross_domain_gate,False
A6PX-P018-0003,C[C@H]1NC(=O)C[C@]1(C=C(O)N1CCCN(C)CC1)c1ccc(-c2ccccc2)nc1,18_p08172_full,full,P08172__P11229,P08172,P11229,18_p08172_full::ZINC000012148775,ZINC000012148775,0.42105263157894735,406.53000000000003,2.4490000000000007,65.54,4,1,4,0.8471404075128219,3.4632626752301743,-8.593,-6.872,-1.9800000000000004,-1.3709999999999996,0.3136137043490858,-1.9749999999999996,-0.005000000000000782,True,False,0.2093080073595047,0.5921545624732971,0.6994774460792541,0.004178143758326769,0.015705746971070765,0.00784019858110696,0.03686299622058868,0.27237502336502073,0.0798314481973648,0.6099743545055389,0.3099129319190979,0.9666889786720276,0.8483693122863769,0.26354010701179503,0.2795596718788147,-4.9785981253289435,16.85239203037596,21.343346262202154,42.03441535254722,-1.5935774325924417,-1.5659158380425917,False,False,False,not_evaluated_cross_domain_gate,False
A6PX-P190-0021,Cc1ccc2c3c(cccc13)C(S(=O)(=O)N[C@@H](Cc1ccccc1)C(N)=O)=C2,190_p51679_full,full,P46094__P51679,P51679,P46094,190_p51679_full::ZINC000041124631,ZINC000041124631,0.38571428571428573,392.4800000000002,2.975720000000001,89.26,6,2,3,0.6758042751176084,3.0058508297981863,-8.183,-5.543,-2.6659999999999995,-2.608999999999999,0.03644478319625833,-0.6979999999999995,-1.968,True,False,0.5898656845092773,0.8706980466842651,0.8979999423027039,0.9261976838111877,0.9750482320785523,0.9477793097496032,0.5602968811988831,0.9714175462722778,0.4761259615421295,0.24442677795886994,0.9218220829963684,0.9999520063400269,0.9168838858604431,0.4970632970333099,0.8239364266395569,-5.168302008106534,49.56581787670241,77.73041874334203,14.113573245933631,-4.765194389949731,0.5700343743329361,True,True,True,dual_endpoint_improved,True
A6PX-P190-0064,Cc1cnc2cc(S(=O)(=O)N[C@@H](Cc3ccccc3)C(N)=O)cc3c2c1C(=O)C[C@@H]3C,190_p51679_full,full,P46094__P51679,P51679,P46094,190_p51679_full::ZINC000041124631,ZINC000041124631,0.379746835443038,437.5210000000002,2.6080200000000007,119.22000000000001,6,2,5,0.6143175834646811,3.4505667646990323,-8.319,-6.072,-2.37,-2.1480000000000006,0.23285092990056006,-0.6979999999999995,-1.6720000000000006,True,False,0.16527045518159866,0.7965503931045532,0.9299861431121826,0.4088903471827507,0.8656420707702637,0.8964157938957215,0.2728968054056168,0.9767353892326355,0.29760232716798785,0.23896534144878387,0.8699048399925232,0.9999468088150024,0.9590599060058593,0.691019070148468,0.43231592774391175,-5.583818281810823,61.67556524256736,79.67249049257006,2.8999980701920824,-3.651702831985317,-2.5238576939686346,True,True,True,dual_endpoint_improved,True
A6PX-P190-0035,CN1C(=O)c2cccc3cc(S(=O)(=O)N[C@@H](Cc4ccccc4)C(=O)O)cc1c23,190_p51679_full,full,P46094__P51679,P51679,P46094,190_p51679_full::ZINC000041124631,ZINC000041124631,0.6779661016949152,410.45100000000014,2.404,103.78000000000002,6,2,4,0.6494936779576368,2.7283269667995587,-7.793,-5.372,-2.3280000000000003,-1.0120000000000005,0.6799261397795759,-0.6979999999999995,-1.6300000000000008,True,False,0.04924891591072082,0.5170807421207428,0.8975414156913757,0.2594249725341797,0.36077969074249266,0.6377469062805176,0.06538818217813969,0.10898859277367592,0.497284460067749,0.13738336637616158,0.9861645579338074,0.9741719126701355,0.43309998512268066,0.09320855140686035,0.26009691059589385,-5.583244635270821,35.62907267404755,14.080403654313528,48.40327641869701,-4.161842002059723,-2.7300532707538148,False,False,False,not_evaluated_cross_domain_gate,False
A6PX-P190-0032,NC(=O)[C@H](Cc1ccccc1)NS(=O)(=O)c1cc2c3c(cccc3c1)C=CC2=O,190_p51679_full,full,P46094__P51679,P51679,P46094,190_p51679_full::ZINC000041124631,ZINC000041124631,0.5806451612903226,406.46300000000014,2.424200000000001,106.33,6,2,4,0.6555680232696787,2.9207717447857995,-7.883,-5.881,-2.032,-2.002,0.14101142585699278,-0.6979999999999995,-1.3340000000000005,True,False,0.36522604823112487,0.8145671248435974,0.8511172294616699,0.8966769218444824,0.9567988395690918,0.9248517990112305,0.47930718660354615,0.924125874042511,0.3968791961669922,0.15996665507555008,0.9641805410385131,0.9998120546340943,0.8392198562622071,0.6542164444923401,0.5738587379455566,-5.336048652177675,51.4860171940212,71.2793835703001,30.31727940304819,-4.492348559117097,-1.5180897090615886,True,True,True,dual_endpoint_improved,True
A6PX-P192-0032,C[C@@H]1Cc2ccccc2N1C(=O)[C@@H](C)OC(=O)Cc1nn(C)c(=O)c2ccccc12,192_p51684_partial,partial,P25024__P51684,P51684,P25024,192_p51684_partial::ZINC000012855289,ZINC000012855289,1,405.45400000000006,2.3855000000000004,81.5,4,0,6,0.6227888453682122,3.109095770042339,-5.936,-4.461,-1.4749999999999996,-1.3780000000000001,0.16075308879009295,-1.471,-0.0039999999999995595,True,False,0.18762221336364746,0.9485423326492309,0.7454773783683777,0.10309686996042729,0.7739461898803711,0.7652824878692627,0.07874497734010219,0.7621682524681092,0.27944971323013307,0.14192709177732468,0.8752638220787048,0.99924236536026,0.9560306787490844,0.9090814352035522,0.7138762831687927,-4.837380038498401,100.40049687718968,87.40008467118483,49.342631737672875,-3.0539959378820614,-4.899910479375784,True,True,True,dual_endpoint_improved,True
A6PX-P193-0022,Cc1c(C(=O)O)cccc1-c1c(N)c2cc3c(=O)n(-c4cccc(N(C)C)c4C)n(C)c3cc2n1C,193_p51685_full,full,P32246__P51685,P51685,P32246,193_p51685_full::ZINC000013881498,ZINC000013881498,0.390625,483.5720000000003,4.451140000000003,98.42,4,2,7,0.39354465659049687,3.158032776653256,-8.527,-4.939,-3.587999999999999,-3.0039999999999996,0.2907465486563092,-2.965,-0.6229999999999993,True,False,0.34661287665367124,0.294480100274086,0.8864671230316162,0.0287281583994627,0.0532272232696414,0.08669962994754314,0.014828910492360592,0.12439030483365059,0.6371871054172515,0.314939147233963,0.9725488901138306,0.7574335694313049,0.3621953845024109,0.40003623962402346,0.6975628316402436,-4.9819647246556,1.3586292315467077,-3.8023366059933457,45.43006370033263,-4.433050536357323,-2.9212778356081497,True,True,True,dual_endpoint_improved,True
A6PX-P193-0019,Cc1cc(C(=O)O)c(C)c(-n2c(=O)c3cc4c(=O)n(-c5cccc6c5CCCN6C)c(=O)c4cc3c2=O)c1,193_p51685_full,full,P32246__P51685,P51685,P32246,193_p51685_full::ZINC000013881498,ZINC000013881498,0.5490196078431373,509.51800000000037,2.5882400000000008,118.68,3,1,8,0.39714055263244147,2.9561931097439658,-9.285,-6.028,-3.4050000000000002,-3.2570000000000006,0.1237102349129696,-2.965,-0.4400000000000004,True,False,0.26305656135082245,0.12649087458848954,0.7978330016136169,0.007183590589556843,0.008700364409014583,0.040260131610557436,0.006327443377813324,0.008309962786734104,0.5650356590747834,0.23812322318553925,0.9908476591110229,0.3317829862236977,0.1622961461544037,0.3335746958851814,0.41160489022731783,-4.868141187912491,-9.437043733112022,-24.603459920008177,97.71450241044377,-4.854180162688449,-0.9906543326438996,True,True,True,dual_endpoint_improved,True
A6PX-P197-0025,CCS(=O)(=O)N1CCC(N2C(=O)CC3(CCN(C(=O)c4ccccc4)CC3)C2O)CC1,197_gpr85_full,full,P60893__Q9NS66,P60893,Q9NS66,197_gpr85_full::ZINC000019699437,ZINC000019699437,0.6333333333333333,449.5730000000002,1.2737999999999998,98.23,4,1,5,0.7466442031422155,3.672137431648011,-7.807,-5.314,-2.465,-2.41,0.03447704550373581,-2.0919999999999996,-0.3730000000000002,True,False,0.04631862305104732,0.6902356147766113,0.4739881157875061,0.001446669432334602,0.03738582022488117,0.03577903974801302,0.008342957985587419,0.027935510501265526,0.041722304187715054,0.12869738638401032,0.2961255744099617,0.9844844579696655,0.9069537401199341,0.1105786107480526,0.5145088911056519,-5.0971507640922,42.23499270115516,25.457353409816864,-27.433967141762984,-2.3887147604866263,-1.6026212461127585,False,False,False,not_evaluated_cross_domain_gate,False
A6PX-P197-0012,CCC(=O)N1CCC(N2C(=O)NC3(CCN(C(=O)c4ccccc4)CC3)C2O)CC1,197_gpr85_full,full,P60893__Q9NS66,P60893,Q9NS66,197_gpr85_full::ZINC000019699437,ZINC000019699437,0.515625,414.5060000000002,1.4059999999999997,93.19000000000001,3,2,4,0.7821045471550303,3.6714050614547364,-7.667,-5.472,-2.199,-2.135,0.039203174474637864,-2.0919999999999996,-0.1070000000000002,True,False,0.017845860728994013,0.7922699570655822,0.5061566829681396,0.0003658221030491404,0.018293259479105473,0.009268616745248436,0.002836380247026682,0.006925860652700067,0.0424785315990448,0.09804717972874641,0.29024664461612704,0.9691316366195679,0.7083420157432556,0.06796108931303024,0.28251161575317385,-4.94671448723631,5.872442789893808,-1.7186102173134479,-1.766995206033669,-2.056287944638941,-5.4620763216440205,True,True,False,not_dual_endpoint_improved,False
A6PX-P197-0033,NCS(=O)(=O)N1CC[C@H]2[C@H](CC3CC4(CCN(C(=O)c5ccccc5)CC4)C(=O)N32)C1,197_gpr85_full,full,P60893__Q9NS66,P60893,Q9NS66,197_gpr85_full::ZINC000019699437,ZINC000019699437,0.4647887323943662,446.57300000000026,0.8501000000000021,104.01999999999998,3,1,5,0.7413727190389501,4.35654036391292,-7.824,-5.673,-2.151,-1.8240000000000007,0.21095497149865877,-2.0919999999999996,-0.05900000000000016,True,True,0.16224405169487,0.8062875628471374,0.6043837308883667,0.0032245848095044495,0.0573419775813818,0.03918962441384792,0.026504466496407985,0.2443489909172058,0.028864910081028938,0.3097112327814102,0.24692284166812897,0.9962220072746277,0.9276708006858826,0.0861982487142086,0.6106163322925567,-5.412225085810696,44.52599288539193,27.921036076169777,-16.855314521272483,-2.610319809345559,0.5701182179441713,True,True,True,dual_endpoint_improved,True
A6PX-P197-0078,CCS(=O)(=O)N1CC[C@H]2[C@@H](C1)OC[C@@H]1CC3(CCN(C(=O)c4cccc(O)c4)CC3)C(=O)N12,197_gpr85_full,full,P60893__Q9NS66,P60893,Q9NS66,197_gpr85_full::ZINC000019699437,ZINC000019699437,0.4230769230769231,477.5830000000003,1.0383000000000002,107.46000000000001,3,1,6,0.6971391263906165,4.433817751952722,-7.683,-5.562,-2.1029999999999998,-2.09,0.05423610933276404,-2.0919999999999996,-0.01100000000000012,True,True,0.15473802015185356,0.6386846542358399,0.5831968188285828,0.0027212662738747896,0.043012181762605906,0.03066573697142303,0.0125485485419631,0.24769768118858337,0.024407455883920192,0.18952513635158538,0.34637636244297026,0.9949473023414612,0.8722470283508301,0.08388682045042514,0.4836943566799164,-5.379605559534319,67.87333719606087,51.067347750679865,-70.51846286987094,-3.27922289565513,2.367324971257284,True,True,True,dual_endpoint_improved,True
A6PX-P197-0083,CS(=O)(=O)N1CC[C@@H]2[C@@H](C[C@H]3CC4(CCN(C(=O)c5ccccn5)CC4)C(=O)N32)C1,197_gpr85_full,full,P60893__Q9NS66,P60893,Q9NS66,197_gpr85_full::ZINC000019699437,ZINC000019699437,0.34177215189873417,432.5460000000002,0.9587000000000001,90.89000000000001,2,0,5,0.6943024689568613,4.301414014727035,-8.148,-6.046,-2.1019999999999994,-1.8240000000000007,0.31089798255304774,-2.0919999999999996,-0.009999999999999787,True,False,0.1271243967115879,0.920438539981842,0.7190944433212281,0.0017626819899305701,0.02643993906676769,0.027135221334174276,0.01192032634280622,0.14565945314243436,0.011415237979963421,0.3230838418006897,0.3482274189591408,0.9995006203651429,0.9845074534416198,0.11641034185886383,0.4580621123313904,-5.0756468758339315,72.01867224839641,39.472747351112176,-44.152829449591266,-2.4907759779325795,-0.226330819458199,True,True,True,dual_endpoint_improved,True
A6PX-P199-0008,C[C@H](CN1C=CCC1)NC(=O)N[C@@H]1CC(=O)N(C)[C@H]1c1ccc(Cl)cc1,199_q6nv75_partial,partial,Q16538__Q6NV75,Q6NV75,Q16538,199_q6nv75_partial::ZINC000509136960,ZINC000509136960,0.7166666666666667,376.88800000000003,2.5189000000000012,64.68,5,2,3,0.8294982743522984,3.9413262530094375,-7.002,-5.819,-1.3690000000000007,-1.1419999999999995,0.19315336451178464,-1.2069999999999999,-0.1620000000000008,True,False,0.1332411549985409,0.8600341796875,0.7809705615043641,0.02224939598236233,0.2296200931072235,0.011527221743017435,0.34334247261285783,0.5235555559396744,0.10677332729101181,0.4559721708297729,0.1871263414621353,0.9966401934623719,0.8001604557037354,0.04962634183466434,0.3373986601829529,-5.01905736435077,23.643105103104787,-9.145347247529985,30.37727954809888,-3.3073948675546974,3.026551014068746,True,False,False,seed_baseline_missing_or_failed,False
A6PX-P021-0243,CNc1nc2nc(-c3ccccc3)n(-c3c(C)cc(C)cc3-c3ccccc3)c2c(=O)n1C,19_p08173_full,full,P08172__P08173,P08173,P08172,19_p08173_full::ZINC000020896786,ZINC000020896786,0.14666666666666667,435.5310000000002,5.1117400000000055,64.74000000000001,4,1,6,0.4259730596703633,2.682725169784371,-10.491,-6.765,-3.782000000000001,-3.2110000000000003,0.3840679916658273,-2.9860000000000007,-0.7960000000000003,True,True,0.30082190930843355,0.6625029563903808,0.8815682411193848,0.2527344360947609,0.31605732440948486,0.47931529879570006,0.0656380308791995,0.4601046025753021,0.5399918615818023,0.24951093196868895,0.9444517731666565,0.9992976546287536,0.8743296146392823,0.9890692353248596,0.9606986165046691,-4.951816275333491,45.197546187497444,56.02332077838018,63.28278219823039,-7.0113351307056435,8.326168906959078,True,False,False,seed_baseline_missing_or_failed,False
A6PX-P021-0263,Cc1cc(CO)c2c([C@@H]3[C@@H](C)OC(=O)C[C@H]3c3ccco3)c(-c3ccc(O)cc3)[nH]c2n1,19_p08173_full,full,P08172__P08173,P08173,P08172,19_p08173_full::ZINC000020896786,ZINC000020896786,0.14772727272727273,432.4760000000001,4.5320200000000055,108.58000000000001,4,3,6,0.40893167358168,4.056609135291289,-8.856,-5.864,-3.3690000000000007,-2.66,0.5219989357162418,-2.9860000000000007,-0.383,False,False,0.3951300948858261,0.12164307311177254,0.7702247500419617,0.4719093769788742,0.5501222908496857,0.60284503698349,0.06880733482539654,0.6152556478977204,0.0772429097443819,0.3014150381088257,0.8021047234535217,0.9984561562538147,0.7500906348228454,0.5833398342132569,0.7135029554367065,-5.741978186702556,45.981499797755845,39.43671621410666,-5.445165330109989,-5.460610499161989,3.8069081394263575,False,False,False,not_evaluated_cross_domain_gate,False
A6PX-P021-0177,Cc1cc(C)c(-c2c3c(=O)[nH]c(=O)n(C)c3nn2-c2ccccc2)c(-c2cccs2)[nH+]1,19_p08173_full,full,P08172__P08173,P08173,P08172,19_p08173_full::ZINC000020896786,ZINC000020896786,0.189873417721519,429.50500000000017,3.819840000000002,85.57,3,1,7,0.47245560920088725,2.790066465840159,-9.174,-5.888,-3.2859999999999996,-2.563999999999999,0.5081222512567451,-2.9860000000000007,-0.29999999999999893,True,False,0.16031581461429595,0.6155324697494506,0.8684598684310914,0.2710507422685623,0.3614234089851379,0.6009246349334717,0.030112035386264325,0.6085653960704803,0.3508088394999504,0.4428129255771637,0.9369492530822754,0.9940309882164001,0.8472575426101685,0.7679234385490418,0.6653145670890808,-5.2152696149516675,30.59753414522811,-1.2088818338497809,-21.85370280260704,-5.2396952298025425,-10.355750699941657,True,False,False,seed_baseline_missing_or_failed,False
A6PX-P021-0017,Cc1cc(C)c(C2=C3C(=O)N=C(N)N=C3N=C2c2ccccn2)c(C2CCC2)c1,19_p08173_full,full,P08172__P08173,P08173,P08172,19_p08173_full::ZINC000020896786,ZINC000020896786,0.12643678160919541,383.455,2.0667199999999992,97.02000000000001,2,2,5,0.7078686638612678,3.4250273980690675,-9.39,-6.169,-3.221000000000001,-3.029,0.36305861173584,-2.9860000000000007,-0.23500000000000032,False,False,0.4837371826171875,0.732317304611206,0.9430164933204651,0.40754779279232023,0.48919211626052855,0.6520780861377716,0.11684697046875954,0.68086958527565,0.30431669056415556,0.35578868091106414,0.936305046081543,0.999871551990509,0.8979496359825134,0.46676811277866365,0.8171194791793823,-5.096417017984175,10.200083886324643,23.76353430116247,-2.4809823035827376,-5.499833378387001,5.691235029883957,False,False,False,not_evaluated_cross_domain_gate,False
A6PX-P021-0157,Cc1cc(-c2cc[nH+]n2C)c(C2=C3C(=O)NC(=O)N=C3N=C2c2cccc[nH+]2)c(C)[nH+]1,19_p08173_full,full,P08172__P08173,P08173,P08172,19_p08173_full::ZINC000020896786,ZINC000020896786,0.2125,411.4250000000001,0.30581999999999937,121.68,2,2,7,0.4915520837295581,3.667232899406594,-9.633,-6.523,-3.1400000000000006,-2.883,0.1878338509309634,-2.9860000000000007,-0.15399999999999991,True,False,0.22334455996751784,0.32933439016342164,0.927265465259552,0.1272856142371893,0.03550299881026149,0.14439235776662826,0.014301262563094497,0.27102851420640944,0.3264524847269058,0.5734112143516541,0.976926064491272,0.9778282403945923,0.672886073589325,0.32828263491392135,0.6750703990459442,-5.0583456438647065,-24.93603565594611,-14.139270193133466,21.28025596118875,-5.310006243670379,-9.654939470814487,True,False,False,seed_baseline_missing_or_failed,False
A6PX-P021-0113,Cc1cc(C)c2c(-c3c(C)nc(=O)[nH]c3N3CCNCC3)c(-c3cccc[nH+]3)n(C)c2[nH+]1,19_p08173_full,full,P08172__P08173,P08173,P08172,19_p08173_full::ZINC000020896786,ZINC000020896786,0.175,429.5280000000001,2.72046,91.73,3,2,7,0.5203598113118966,3.1724476257433576,-9.649,-6.612,-3.036999999999999,-2.943999999999999,0.13124108435327103,-2.9860000000000007,-0.05099999999999838,True,False,0.09829646199941636,0.4536931335926056,0.8753220915794373,0.20290287733078002,0.09140318781137466,0.19897194504737853,0.019256960786879062,0.6554206669330597,0.23832131773233414,0.6377626359462738,0.9202420711517334,0.9913532972335816,0.7942211747169494,0.29301984906196593,0.8876245141029357,-5.254890360219724,-12.773008488772186,11.643762525387242,3.2819912380524188,-3.155065417125157,-0.714733096018968,True,False,False,seed_baseline_missing_or_failed,False
A6PX-P201-0032,CC1(C)O[C@H]2[C@@H](O1)[C@H](C(=O)Nc1ccc3c(c1)CCO3)O[C@H]1OC(C)(C)O[C@@H]12,201_q8nfj6_partial,partial,Q8NFJ6__Q8TCW9,Q8NFJ6,Q8TCW9,201_q8nfj6_partial::ZINC000004587950,ZINC000004587950,0.7884615384615384,391.42000000000013,1.9564999999999997,84.48000000000002,2,1,7,0.8249092618733181,3.994386978007883,-7.278,-5.941,-1.3369999999999997,-1.2999999999999998,0.05741273571449308,-0.6299999999999999,-0.7069999999999999,False,False,0.7482079088687896,0.852689242362976,0.951224148273468,0.01640717755071819,0.1841349259018898,0.05052095949649811,0.009549703425727784,0.09256054610013961,0.21493033766746522,0.22132519781589508,0.8146678566932678,0.9936816453933716,0.9423578023910523,0.22410250306129456,0.4334839791059494,-4.968266178415165,21.502630322264903,13.561346043612081,54.45674680030386,-3.4987136704309236,1.559012803870611,False,False,False,not_evaluated_cross_domain_gate,False
A6PX-P202-0171,CC(C)c1ccc2c(c1)c([C@H](C(=O)O)N1C[C@@H]3Cc4c(O)ccnc4[C@@H](C3)C1)cn2C,202_q8tcw9_full,full,Q8NFJ6__Q8TCW9,Q8TCW9,Q8NFJ6,202_q8tcw9_full::ZINC000217545274,ZINC000217545274,0.48148148148148145,419.5250000000002,3.7775000000000025,78.33000000000001,4,2,4,0.6746890369099732,4.814312219350038,-9.027,-6.244,-2.805999999999999,-2.3130000000000006,0.2450392258847999,-2.2829999999999995,-0.5229999999999997,True,True,0.04173059556633234,0.7985429167747498,0.8176225066184998,0.15434338375926018,0.3123369127511978,0.24396400451660155,0.4129461199045181,0.4854211896657944,0.056053966656327246,0.5499550223350524,0.4122541069984436,0.99723379611969,0.6419609546661377,0.3569676011800766,0.5106768012046814,-5.746404181952643,5.158034397055536,-4.632955828175248,-9.517827313358561,-3.6092062033075343,-4.563237176753664,True,True,True,dual_endpoint_improved,True
A6PX-P202-0087,O=c1cccc2n1C[C@@H]1C[C@H]2C[N@@H+](C(=C(O)O)c2cccc3[nH]c4ccccc4c23)C1,202_q8tcw9_partial,partial,Q8NFJ6__Q8TCW9,Q8TCW9,Q8NFJ6,202_q8tcw9_partial::ZINC000217545274,ZINC000217545274,0.5555555555555556,413.47700000000015,3.727800000000002,78.33,3,2,4,0.5365353105108707,4.342488505822187,-8.838,-5.951,-2.8869999999999996,-1.2089999999999996,0.8095249635846117,-2.2829999999999995,-0.6040000000000001,True,False,0.04669145382940769,0.6734015941619873,0.7388173937797546,0.25063587427139283,0.25816772878170013,0.21856398284435272,0.2128215104341507,0.16489750072360038,0.10724303349852563,0.6760794401168824,0.6568167567253113,0.9780924558639527,0.4414314866065979,0.19151238054037095,0.609319269657135,-5.631561941585545,23.56000024088413,-14.733963519168237,-0.7205257806052309,-4.4117332950579495,-10.465695736800969,True,True,True,dual_endpoint_improved,True
A6PX-P202-0012,NC(=O)c1ccc2c(c1)=C([C@H](C(=O)O)[N@H+]1C[C@H]3C[C@@H](C1)c1cccc(=O)n1C3)NC=CC=2,202_q8tcw9_partial,partial,Q8NFJ6__Q8TCW9,Q8TCW9,Q8NFJ6,202_q8tcw9_partial::ZINC000217545274,ZINC000217545274,0.5316455696202531,432.48000000000025,1.3785999999999996,117.99,4,2,6,0.7568076158667109,4.8195935944889285,-8.257,-5.459,-2.798,-2.2799999999999994,0.29621426179184734,-2.2829999999999995,-0.5150000000000006,True,True,0.02918953448534012,0.7046494007110595,0.7521317481994629,0.0055304815294221045,0.0455048494040966,0.04217871129512787,0.0870530441403389,0.03381149582564831,0.044217126443982124,0.5113520383834839,0.5933679282665253,0.920654571056366,0.26449368298053744,0.0590269323438406,0.11696552895009518,-5.6546947229071325,1.108220432718094,1.8858944314342843,-22.977148922168475,-3.3860781634733508,-5.840781054230714,True,True,True,dual_endpoint_improved,True
A6PX-P202-0001,CC1=C([N@H+]2C[C@H]3C[C@@H](C2)c2cccc(=O)n2C3)c2cc(C(N)=O)ccc2C=CN1,202_q8tcw9_partial,partial,Q8NFJ6__Q8TCW9,Q8TCW9,Q8NFJ6,202_q8tcw9_partial::ZINC000217545274,ZINC000217545274,0.39285714285714285,388.4710000000002,2.381900000000001,80.69,2,1,5,0.8577109364650463,4.4883908799108,-9.167,-6.603,-2.5729999999999995,-2.564,0.07669130039030216,-2.2829999999999995,-0.29000000000000004,True,True,0.06323246099054813,0.8270530343055725,0.8244559049606324,0.01950364913791418,0.07956084236502647,0.09854513127356768,0.11048671379685401,0.3126495689153671,0.05071000158786774,0.531402200460434,0.49098891019821167,0.9987583994865418,0.9166001200675964,0.2644300177693367,0.43534027636051176,-5.051712982432794,11.487078488793944,31.288569519328767,-28.500166972578917,-3.447553851126023,-2.2677064283847423,True,True,False,not_dual_endpoint_improved,False
A6PX-P204-0089,Cc1nc2c(nc1[C@H]1C[C@H]3[C@H](N4CCCCC4=O)CCCN3C1=O)CN(C)CC2,204_rxfp2_full,full,Q8WXD0__Q9HBX9,Q8WXD0,Q9HBX9,204_rxfp2_full::ZINC000732897319,ZINC000732897319,0.23255813953488372,397.52300000000025,1.6323199999999995,69.64000000000001,2,0,5,0.7587374393180266,4.177402110625929,-9.535,-6.216,-2.875,-2.7559999999999993,0.30209527562601096,-1.5300000000000002,-1.3449999999999998,True,False,0.0825310431420803,0.8699565410614014,0.5581456959247589,0.0007953021471621468,0.013715144828893244,0.002785596449393779,0.007769538718275726,0.0675623307004571,0.01362154707312584,0.226607783138752,0.2353857383131981,0.9874305605888367,0.9453507661819458,0.1674066811800003,0.24396654665470124,-4.8071860233093755,13.9696686758849,32.438530242028115,22.414631420210196,-0.9100759924197972,-1.6850144436903025,True,False,False,seed_baseline_missing_or_failed,False
A6PX-P204-0104,Cc1nc2c(nc1C[C@@H](O)C(=O)N1CCC[C@@H](N3CCCCC3=O)C1)NC(=O)CC2,204_rxfp2_full,full,Q8WXD0__Q9HBX9,Q8WXD0,Q9HBX9,204_rxfp2_full::ZINC000732897319,ZINC000732897319,0.41975308641975306,415.49400000000026,0.5766200000000001,115.72999999999998,4,2,6,0.7431209659189336,3.835835589046864,-8.984,-6.182,-2.802999999999999,-2.136,0.3612259988182219,-1.5300000000000002,-1.2729999999999988,False,False,0.06410809457302094,0.7990219593048096,0.5431913018226624,0.0004155024067586055,0.004165103999548591,0.003195513783430215,0.0051015432924032215,0.031059152400121092,0.029665241576731206,0.1771802559494972,0.4298712402582169,0.9957120180130005,0.7574231028556824,0.07720964103937149,0.34337822794914247,-5.172690487851179,1.8529121248187124,12.742020253938785,29.92347669330112,-1.6213250026777573,0.8232945700636616,False,False,False,not_evaluated_cross_domain_gate,False
A6PX-P204-0077,Cc1cc2c(cc1C[C@H]1NC[C@H]3[C@H](N4CCC=NC4=O)CCCN3C1=O)NC(=O)CC2,204_rxfp2_full,full,Q8WXD0__Q9HBX9,Q8WXD0,Q9HBX9,204_rxfp2_full::ZINC000732897319,ZINC000732897319,0.28888888888888886,423.51700000000005,1.6501199999999996,94.11000000000001,3,2,4,0.773067045265308,4.325790052874131,-9.863,-7.077,-2.7940000000000005,-2.7119999999999997,0.07908785550821858,-1.5300000000000002,-1.2640000000000002,True,False,0.04395896624773741,0.774511706829071,0.47332084774971006,0.002685760165331885,0.06333275362849236,0.02265905258245766,0.02416366320103407,0.1433732643723488,0.045959700085222724,0.2525044918060303,0.4149380803108215,0.9663181304931641,0.6377329587936401,0.10257154628634453,0.4867331564426422,-4.932693551891608,-12.949127648067924,24.25869095687313,26.885620316380635,-3.2228678595272306,-4.53861614422493,False,False,False,not_evaluated_cross_domain_gate,False
A6PX-P204-0065,Cc1c(C[C@H]2C[C@H]3[C@H](N4CCCNC4=O)CCCN3C2=O)nc2n1CCC(=O)N2,204_rxfp2_full,full,Q8WXD0__Q9HBX9,Q8WXD0,Q9HBX9,204_rxfp2_full::ZINC000732897319,ZINC000732897319,0.18478260869565216,400.4830000000001,0.8710200000000006,99.57000000000001,3,2,5,0.7864219471380058,4.458790989217218,-9.238,-6.471,-2.7669999999999995,-2.7140000000000004,0.12376411255107682,-1.5300000000000002,-1.2369999999999992,True,False,0.10953625738620758,0.8105074524879455,0.39502180814743043,0.000669881168869324,0.00934998196316883,0.01015648195752874,0.011817405978217722,0.032467799726873636,0.019350210763514043,0.23971167504787444,0.3158212244510651,0.9632165431976318,0.4473225146532059,0.031041746586561204,0.3449343055486679,-5.131021345463013,-8.962717230476613,3.330108654720442,31.41440196980748,-2.1382800367171657,-4.154168604058074,False,False,False,not_evaluated_cross_domain_gate,False
A6PX-P204-0134,O=C1CCc2ccc(CNC(=O)N3CCC[C@@H](N4CCNCC4=O)C3)cc2N1,204_rxfp2_full,full,Q8WXD0__Q9HBX9,Q8WXD0,Q9HBX9,204_rxfp2_full::ZINC000732897319,ZINC000732897319,0.46835443037974683,385.4680000000002,0.677100000000001,93.78,3,3,4,0.7132207831518094,3.0930901027615096,-8.95,-6.231,-2.745000000000001,-1.8440000000000003,0.45344532930295633,-1.5300000000000002,-1.2150000000000007,True,False,0.05632077362388373,0.833600914478302,0.364545077085495,0.001471662273979746,0.03305685333907604,0.006152703939005732,0.016093891207128765,0.035099764820188284,0.03733728993684053,0.1694665551185608,0.17404396682977677,0.9519547462463379,0.44992750883102417,0.02424783897586167,0.36664106249809264,-5.2037463078909365,-16.004376329765964,-12.884813704717198,14.599695095549302,-1.805382032462402,-5.808305737161438,False,False,False,not_evaluated_cross_domain_gate,False
A6PX-P204-0058,Cc1nn2c(c1CN(C)C(=O)N1CCC[C@@H](N3CCNC3=O)C1)NC(=O)CC2,204_rxfp2_full,full,Q8WXD0__Q9HBX9,Q8WXD0,Q9HBX9,204_rxfp2_full::ZINC000732897319,ZINC000732897319,0.2808988764044944,389.4600000000001,0.5751200000000006,102.81,3,2,5,0.7890615896251647,3.623787149175011,-8.041,-5.308,-2.7330000000000005,-1.0230000000000006,0.9050916466794334,-1.5300000000000002,-1.2030000000000003,False,False,0.07287102406844496,0.8158335208892822,0.46002030968666074,0.0003805543776252307,0.007647780620027333,0.0026231427036691457,0.005426837736740709,0.01621151976287365,0.038958963751792905,0.16791179180145263,0.3385044910013676,0.9749813199043273,0.6068117022514343,0.01614167436491698,0.25880779027938844,-5.177786505042013,-0.47786066456499865,16.387565311702843,22.74286922448389,-1.8894071445072278,-2.9680514107671003,False,False,False,not_evaluated_cross_domain_gate,False
A6PX-P204-0061,O=C1C2=NCC[C@@H](N3CCNC3=O)[C@@H]2CN1Cc1cc2c(nc1O)CCC2,204_rxfp2_full,full,Q8WXD0__Q9HBX9,Q8WXD0,Q9HBX9,204_rxfp2_full::ZINC000732897319,ZINC000732897319,0.16494845360824742,369.42500000000007,0.060500000000001386,97.87,3,2,4,0.7883153455711618,4.155820480207258,-9.105,-6.413,-2.7140000000000004,-2.181000000000001,0.26544428166126793,-1.5300000000000002,-1.1840000000000002,True,False,0.19070465825498104,0.8117393851280212,0.7261532664299011,0.019482771586626767,0.10205809064209462,0.03940819217823446,0.015853367559611798,0.14917007088661194,0.044358590804040435,0.26584122627973555,0.39764290750026704,0.9974621772766114,0.4876182436943054,0.04229485057294369,0.3544950008392334,-5.056744663333616,9.406303550530476,-16.374151892313705,9.201036336397953,-2.8522309365893768,-4.300521433356715,False,False,False,not_evaluated_cross_domain_gate,False
A6PX-P204-0093,CN1C(=O)CCc2nc(N)c(C[C@H]3C[C@H]4[C@H](N5C=CCNC5=O)CCCN4C3=O)cc21,204_rxfp2_full,full,Q8WXD0__Q9HBX9,Q8WXD0,Q9HBX9,204_rxfp2_full::ZINC000732897319,ZINC000732897319,0.21875,424.5050000000001,1.0337000000000003,111.86999999999999,3,2,5,0.7528836959053472,4.484103726559996,-9.279,-6.625,-2.654,-2.2350000000000003,0.2083943910526916,-1.5300000000000002,-1.1239999999999997,True,False,0.11186631992459298,0.8457908034324646,0.598607474565506,0.0007518666723626665,0.011754696001298725,0.011087205738294869,0.007154174195602536,0.1475989880040288,0.028723224718123674,0.3030002623796463,0.43326138257980346,0.9865012764930725,0.6766871035099029,0.02936073262244463,0.41044493913650515,-5.463080608734364,-6.4030746254791095,21.262061519609738,7.045170970379115,-1.9441496131963514,-1.1271593807309839,False,False,False,not_evaluated_cross_domain_gate,False
A6PX-P204-0043,Cc1nc2c(cc1NCC(=O)N1CCC[C@@H](N3CCC=CC3=O)C1)NC(=O)CC2,204_rxfp2_full,full,Q8WXD0__Q9HBX9,Q8WXD0,Q9HBX9,204_rxfp2_full::ZINC000732897319,ZINC000732897319,0.38823529411764707,397.47900000000016,1.4661199999999999,94.64000000000001,4,2,5,0.8023111956973474,3.6221281407260344,-8.7,-6.119,-2.6149999999999993,-2.013,0.3010957765673019,-1.5300000000000002,-1.084999999999999,False,False,0.05575112011283636,0.8226638555526733,0.45339395403862,0.001036877195292618,0.008935344143537804,0.0046856904664309695,0.010435448307543994,0.06660929210484028,0.02992123570293188,0.11853172481060029,0.2686141565442085,0.9839180707931519,0.7022552132606507,0.04069649260491133,0.29350149184465407,-5.145971710817075,15.119545009253324,7.742526060862938,22.259346143074215,-2.142594629200585,2.4516570456110647,False,False,False,not_evaluated_cross_domain_gate,False
A6PX-P204-0023,O=C1CCc2ccc(CN3C[C@H]4[C@H](N5CC=CNC5=O)CCN4C3=O)cc2N1,204_rxfp2_full,full,Q8WXD0__Q9HBX9,Q8WXD0,Q9HBX9,204_rxfp2_full::ZINC000732897319,ZINC000732897319,0.29411764705882354,381.43600000000004,1.4887,84.99000000000001,3,2,3,0.8319413821008236,3.976813042650571,-9.022,-6.509,-2.5140000000000002,-2.3050000000000006,0.13778485644898184,-1.5300000000000002,-0.984,False,False,0.20302051305770874,0.6760499835014343,0.5241547882556915,0.00498874209006317,0.03697813502512872,0.012750247784424573,0.02176411300897598,0.06631962610408663,0.08817561939358712,0.21013312488794328,0.40755734145641326,0.8819818139076233,0.4234712481498718,0.043584414012730124,0.3263598412275314,-5.161836557705273,12.39096866779187,23.04089940035796,48.23120610625274,-2.724405469386075,-9.47450250130385,False,False,False,not_evaluated_cross_domain_gate,False
A6PX-P204-0040,Cc1nn2c(c1C[C@H](O)C(=O)N1CCC[C@@H]([C@@H]3CC=NC3=O)C1)CN(C)CC2,204_rxfp2_full,full,Q8WXD0__Q9HBX9,Q8WXD0,Q9HBX9,204_rxfp2_full::ZINC000732897319,ZINC000732897319,0.17,387.48400000000015,0.39622000000000135,91.03,4,1,6,0.8074098901730589,4.328788954271586,-8.099,-5.709,-2.449,-2.3260000000000005,0.19353954519827588,-1.5300000000000002,-0.9189999999999996,True,False,0.10301129370927811,0.7663437366485596,0.6444961905479432,0.00024080345883703558,0.004138159740250558,0.0006961617309571011,0.030882865376770496,0.012264832342043518,0.03762968722730875,0.4546559453010559,0.1734529212117195,0.9957453727722168,0.787573766708374,0.09027102217078209,0.30080979615449904,-5.016393566767748,10.041107034475116,13.740734452005308,23.547863876311773,-0.9521471276326465,2.871561958827945,True,False,False,seed_baseline_missing_or_failed,False
A6PX-P204-0079,O=C1COc2cc3c(cc2N1)C[C@H](C(=O)N1CCC[C@@H](N2CCCCC2=O)C1)CN3,204_rxfp2_full,full,Q8WXD0__Q9HBX9,Q8WXD0,Q9HBX9,204_rxfp2_full::ZINC000732897319,ZINC000732897319,0.4444444444444444,412.4900000000002,1.6051999999999995,90.98,2,2,5,0.7701747468868926,3.6092817116869016,-9.373,-6.935,-2.4379999999999997,-1.9810000000000008,0.29236316837492043,-1.5300000000000002,-0.9079999999999995,True,False,0.11433368884027004,0.776656711101532,0.5707322239875794,0.013168269023299217,0.04665098637342453,0.023521741409786044,0.03276715129613876,0.31153860241174697,0.0618364829570055,0.18873140811920167,0.46124052405357363,0.987876009941101,0.7271623492240906,0.15086992792785167,0.45947914719581606,-5.007133096797799,11.854983869884661,-0.8518576068484762,25.005814953271848,-3.0078463112682967,-1.168983751577131,False,False,False,not_evaluated_cross_domain_gate,False
A6PX-P204-0062,Cc1nc2c(cc1N[C@H](C)C(=O)N1CCC[C@@H](N3CCCCC3=O)C1)NC(=O)CC2,204_rxfp2_full,full,Q8WXD0__Q9HBX9,Q8WXD0,Q9HBX9,204_rxfp2_full::ZINC000732897319,ZINC000732897319,0.5263157894736842,413.5220000000002,2.0786199999999995,94.64000000000001,4,2,5,0.7881405882791828,3.6304547745672267,-8.753,-6.312,-2.3320000000000007,-2.2110000000000003,0.09393969696920804,-1.5300000000000002,-0.8020000000000005,False,False,0.04474711827933788,0.7700792193412781,0.4563818573951721,0.0005354800934583182,0.009533176705008372,0.0057618217542767525,0.008902220707386731,0.16198660098016263,0.033550343755632636,0.15676548033952714,0.23757572174072267,0.9896405458450317,0.8257275462150574,0.0810137365013361,0.2902028143405914,-5.063980857687087,17.184916143996766,14.468388722996712,33.459755842750454,-2.300102430095497,2.221580299244301,False,False,False,not_evaluated_cross_domain_gate,False
A6PX-P204-0053,O=C1CCc2cc3c(cc2N1)C[C@H](C(=O)N1CC[C@@H](N2CCCC2=O)C1)NC3,204_rxfp2_full,full,Q8WXD0__Q9HBX9,Q8WXD0,Q9HBX9,204_rxfp2_full::ZINC000732897319,ZINC000732897319,0.48,382.4640000000002,0.8089000000000004,81.75,2,2,4,0.7931722865784061,3.5958130426505726,-8.901,-6.584,-2.301,-2.023999999999999,0.1467795020506008,-1.5300000000000002,-0.7709999999999999,True,False,0.13449725303798915,0.7109017372131348,0.45819074511528013,0.0027410624898038805,0.026095405546948315,0.004989021364599467,0.01484324256889522,0.09196513444185257,0.04965876042842865,0.09453209340572358,0.26667292416095734,0.9606981158256531,0.577784663438797,0.07927547916769981,0.2927715331315994,-5.167892021318274,2.3798840412752407,-0.6085651595290414,32.18377943822402,-2.3224373651970973,-6.507951540053256,False,False,False,not_evaluated_cross_domain_gate,False
A6PX-P204-0044,Cc1nc2c(cc1C[C@@H](C)C(=O)N1CCC[C@@H](N3CCC3=O)C1)NC(=O)CC2,204_rxfp2_full,full,Q8WXD0__Q9HBX9,Q8WXD0,Q9HBX9,204_rxfp2_full::ZINC000732897319,ZINC000732897319,0.425,384.48000000000013,1.6766199999999996,82.61000000000001,4,1,4,0.8009219591047846,3.71492305022387,-8.282,-6.099,-2.183,-1.6550000000000002,0.3586245328411816,-1.5300000000000002,-0.6529999999999996,True,False,0.013677642703987658,0.6997141361236572,0.3117165625095367,0.00044912542289239356,0.004676098778145388,0.001798999973834725,0.011613679630681873,0.09384555686265231,0.018862551916390656,0.03657653462141752,0.14182615876197815,0.9848910689353942,0.8320727586746216,0.06301419958472251,0.24075755178928376,-4.983696942054787,41.62405605707181,37.001757774454795,8.874401403669923,-1.9718065722555693,1.485216293853451,False,False,False,not_evaluated_cross_domain_gate,False
A6PX-P204-0071,CN1CCc2nc(O)c(C[C@@H]3C[C@H]4[C@H]([C@@H]5CCCNC5=O)CCCN4C3=O)cc2C1,204_rxfp2_full,full,Q8WXD0__Q9HBX9,Q8WXD0,Q9HBX9,204_rxfp2_full::ZINC000732897319,ZINC000732897319,0.1836734693877551,412.53400000000016,1.0586000000000013,85.50999999999999,3,2,4,0.7774614120360926,4.271087419779477,-9.075,-7.051,-2.049999999999999,-2.023999999999999,0.06684476211508465,-1.5300000000000002,-0.5199999999999987,True,False,0.05238567516207695,0.5120113968849183,0.4604008436203003,0.0009141779424680863,0.009698244882747531,0.0039464130415581165,0.06526638120412827,0.04379754476249218,0.02642784621566534,0.36135505735874174,0.13776022642850877,0.9336773037910462,0.4766674995422363,0.09027690440416336,0.30415512919425963,-5.494337288397796,20.52920253787787,-7.170067300340594,8.085397563042685,-1.6131730221013725,7.26172321162336,False,False,False,not_evaluated_cross_domain_gate,False
A6PX-P204-0054,Cc1cc2c(nc1C[C@H](C)C(=O)N1CCC[C@@H](N3CCCCC3=O)C1)NC(=O)NC2,204_rxfp2_full,full,Q8WXD0__Q9HBX9,Q8WXD0,Q9HBX9,204_rxfp2_full::ZINC000732897319,ZINC000732897319,0.3793103448275862,413.5220000000002,2.20722,94.64,4,2,4,0.7912389071547499,3.7951050913093063,-8.418,-6.443,-2.0200000000000005,-1.8709999999999996,0.08290690897359262,-1.5300000000000002,-0.4900000000000002,True,False,0.06804057881236077,0.8652195930480957,0.5490976393222808,0.0021401480888016524,0.01922723897732794,0.013722108746878802,0.023996929079294203,0.21002116799354553,0.029984613321721552,0.3961005866527557,0.22906491607427598,0.9963102102279663,0.8390332937240601,0.09745871648192406,0.43850759267807005,-5.06878073351991,22.499506621995963,26.51962315824615,22.665194673580825,-2.834993665265668,1.3656827197573664,False,False,False,not_evaluated_cross_domain_gate,False
A6PX-P204-0120,CN1CCc2[nH]c(=O)c(C[C@H]3C[C@H]4[C@H](C5=CCCNC5=O)OCCN4C3=O)cc2C1,204_rxfp2_full,full,Q8WXD0__Q9HBX9,Q8WXD0,Q9HBX9,204_rxfp2_full::ZINC000732897319,ZINC000732897319,0.13333333333333333,412.4900000000002,-0.03249999999999775,94.74000000000001,3,2,5,0.7270754477323522,4.44877123003308,-9.077,-7.098,-1.979,-1.8760000000000003,0.3277421072869472,-1.5300000000000002,-0.44899999999999984,True,False,0.19260973185300828,0.30079321265220643,0.6110854625701905,0.0008011587389773922,0.008309903740882873,0.0024935833469498904,0.009817382926121354,0.06244892552495003,0.06941504664719104,0.3830845057964325,0.3287632495164871,0.77513507604599,0.3268693536520004,0.04852030873298645,0.218499293923378,-5.344104894570523,27.319537650074118,-13.392131984465653,21.76573872954177,-1.6321660407169447,7.840317141284548,False,False,False,not_evaluated_cross_domain_gate,False
A6PX-P204-0122,O=C1NC=CNC1C1=C2CN(Cc3cnc4c(c3)CNC4)C(=O)[C@@H]2CC=C1,204_rxfp2_full,full,Q8WXD0__Q9HBX9,Q8WXD0,Q9HBX9,204_rxfp2_full::ZINC000732897319,ZINC000732897319,0.1188118811881188,363.42100000000016,0.45890000000000064,86.36000000000001,3,3,5,0.7264081980314484,4.603991808197671,-8.877,-6.923,-1.955,-1.7690000000000001,0.11040028180318327,-1.5300000000000002,-0.4249999999999998,True,False,0.1620256260037422,0.6015698790550232,0.7817704916000366,0.004454248212277889,0.04639166416600347,0.012845903472043573,0.01550126076908782,0.19509549923241137,0.07279262691736221,0.17914455533027648,0.458459746837616,0.996465802192688,0.4989392042160034,0.023118285834789275,0.06774084083735943,-5.502911217929379,10.357133571513359,0.848352046488855,6.787277791335214,-2.576900980652957,-1.5288853396747963,False,False,False,not_evaluated_cross_domain_gate,False
A6PX-P204-0073,C[C@H](C(=O)N1CCC[C@@H](N2CCCCC2=O)C1)N1CCc2nc3c(cc2C1)NC(=O)CC3,204_rxfp2_full,full,Q8WXD0__Q9HBX9,Q8WXD0,Q9HBX9,204_rxfp2_full::ZINC000732897319,ZINC000732897319,0.5063291139240507,439.5600000000003,1.7164,85.85000000000001,3,1,5,0.7751381433751929,3.6846716067903866,-8.962,-7.007,-1.9529999999999994,-1.3489999999999993,0.32836700334974156,-1.5300000000000002,-0.42299999999999915,False,False,0.04244164004921913,0.8871368169784546,0.32494508326053617,0.0007128696131985634,0.018747533997520806,0.009188865940086544,0.022337661869823933,0.14070980474352837,0.025032573752105235,0.19272082149982453,0.1537056490778923,0.9873442053794861,0.8622606754302978,0.11513691321015358,0.3981639385223389,-5.038681564830718,23.023094666146136,29.627123290213483,26.24926973079718,-1.773915604136747,-2.8506197095348442,False,False,False,not_evaluated_cross_domain_gate,False
A6PX-P204-0042,CC(=O)Nc1ccc(F)c(C[C@@H]2C[C@@H]3[C@@H]([C@@H]4CCCNC4=O)CCCN3C2=O)n1,204_rxfp2_full,full,Q8WXD0__Q9HBX9,Q8WXD0,Q9HBX9,204_rxfp2_full::ZINC000732897319,ZINC000732897319,0.21649484536082475,402.47000000000014,1.8748999999999996,91.4,4,2,4,0.8044738256443513,4.095040086999616,-8.543,-6.357,-1.9509999999999996,-1.8139999999999992,0.15581256546105487,-1.5300000000000002,-0.4209999999999994,True,False,0.2911719560623169,0.8982645630836487,0.5608410775661469,0.0031070504221133886,0.042841330729424955,0.025337377656251193,0.054014671593904495,0.24063904732465743,0.04319028612226248,0.4024043560028076,0.34748196303844453,0.9974073052406311,0.8169711589813232,0.1162191540002823,0.44940260648727415,-5.278946724951936,18.829161056441706,2.9516579015519917,35.69978078804171,-2.4999200665521553,10.947872052379216,False,False,False,not_evaluated_cross_domain_gate,False
A6PX-P204-0099,Cc1nc2c(nc1N[C@@H](C)C(=O)N1CCC[C@@H](C3C=NCNC3=O)C1)CN(C)CC2,204_rxfp2_full,full,Q8WXD0__Q9HBX9,Q8WXD0,Q9HBX9,204_rxfp2_full::ZINC000732897319,ZINC000732897319,0.21,413.5260000000002,0.586220000000002,102.82000000000001,4,2,7,0.748869294538356,4.4358186361153695,-8.14,-6.19,-1.9500000000000002,-1.1820000000000004,0.6258450287411415,-1.5300000000000002,-0.41999999999999993,True,False,0.1362106792628765,0.7682881474494934,0.6318807363510132,0.0011836071571451612,0.008473388676065952,0.002359251014422625,0.03053168226033449,0.07880164012312889,0.02932644821703434,0.4331910192966461,0.25496809333562853,0.9912453293800354,0.7681128859519959,0.049152523279190063,0.35557376146316527,-5.239771654137984,4.839390114669347,15.755889612782664,22.463653373433793,-1.8138757542879465,5.9998772294592,False,False,False,not_evaluated_cross_domain_gate,False
A6PX-P204-0121,CN1CCc2ncc(C[C@H]3N[C@H]4[C@H](N5CNCCC5=O)CCCN4C3=O)cc2C1,204_rxfp2_full,full,Q8WXD0__Q9HBX9,Q8WXD0,Q9HBX9,204_rxfp2_full::ZINC000732897319,ZINC000732897319,0.20618556701030927,398.5110000000002,-0.31969999999999477,80.81,3,2,6,0.7265786094067053,4.271568865557745,-9.104,-7.158,-1.9459999999999988,-1.8549999999999995,0.18456134180507297,-1.5300000000000002,-0.4159999999999986,True,False,0.15154137685894967,0.4948974072933197,0.4338996231555939,0.0002641326387674781,0.006802285002777353,0.0009155704145086929,0.014073542202822864,0.027016169019043447,0.014395145047456027,0.23256982266902923,0.09458289295434952,0.8910991430282593,0.5030876398086548,0.01744506061077118,0.1303015798330307,-5.73202205074484,3.5369565372595604,-0.27228998350913824,43.798967048969345,-0.8061694009292835,6.693775043213199,False,False,False,not_evaluated_cross_domain_gate,False
A6PX-P204-0085,Cc1nn2c(c1CN(C)C(=O)[C@H]1CCCN([C@@H]3CCCNC3=O)C1)NC(=O)CC2,204_rxfp2_full,full,Q8WXD0__Q9HBX9,Q8WXD0,Q9HBX9,204_rxfp2_full::ZINC000732897319,ZINC000732897319,0.1958762886597938,402.49900000000014,0.48272000000000215,99.57,4,2,6,0.7633355746289944,3.8232890978497647,-8.23,-6.416,-1.9099999999999993,-1.1629999999999994,0.5033569530881862,-1.5300000000000002,-0.379999999999999,False,False,0.0539849441498518,0.8466277718544006,0.4546880781650543,0.0004193172360828612,0.009208134096115827,0.0048196644813288,0.01599999302998185,0.029069312661886216,0.04910637028515339,0.21292706429958344,0.19253802821040153,0.9798181414604187,0.5764573991298676,0.026145939156413077,0.41866845488548277,-5.373881150765974,-6.780966041135791,10.240696491040541,25.12601410248441,-1.6741647216484012,3.620642117499048,False,False,False,not_evaluated_cross_domain_gate,False
A6PX-P204-0025,Cc1nc2c(cc1C[C@@H](C)C(=O)N1CCC[C@@H](N3CCCCC3=O)C1)NC(=O)CC2,204_rxfp2_full,full,Q8WXD0__Q9HBX9,Q8WXD0,Q9HBX9,204_rxfp2_full::ZINC000732897319,ZINC000732897319,0.48717948717948717,412.5340000000002,2.4568199999999996,82.61000000000001,4,1,4,0.8235480195126266,3.6725405664224287,-8.214,-6.303,-1.8760000000000003,-1.8519999999999994,0.2636972169406084,-1.5300000000000002,-0.3460000000000001,False,False,0.03396712951362133,0.926232373714447,0.4843334436416626,0.0010172245165449567,0.014984152419492603,0.0116048245690763,0.02603880725800991,0.3942687794566154,0.02707201652228832,0.2131100356578827,0.1333974152803421,0.9983100175857544,0.9342240333557129,0.21310239434242248,0.44930815100669863,-4.975554249869641,26.671670669854052,25.798407852036917,15.537487940583867,-2.2194288886298024,-0.7586951428544152,False,False,False,not_evaluated_cross_domain_gate,False
A6PX-P204-0084,C[C@H](Cc1cn2c(n1)CNC(=O)C2)C(=O)N1CCC[C@@H](N2CCCNC2=O)C1,204_rxfp2_full,full,Q8WXD0__Q9HBX9,Q8WXD0,Q9HBX9,204_rxfp2_full::ZINC000732897319,ZINC000732897319,0.26373626373626374,388.4720000000002,0.09780000000000039,99.57000000000002,4,2,5,0.7640081298345591,3.927462935812965,-7.977,-6.218,-1.859,-1.38,0.2852371333158121,-1.5300000000000002,-0.32899999999999974,False,False,0.07554822899401188,0.7535689353942872,0.44539462924003603,0.00011349631240591407,0.003355814827955328,0.0019403342477744446,0.0065132973715662955,0.025664609158411622,0.012272453401237726,0.19419721513986588,0.12794455587863923,0.9829110145568848,0.4103894874453545,0.017760186549276115,0.1905677393078804,-5.226482667096159,12.170238762851577,-9.287738434890723,13.455218942282889,-1.5583538619623651,-1.5411604027905412,False,False,False,not_evaluated_cross_domain_gate,False
A6PX-P204-0083,Cc1nc2c(cc1C[C@H](N)C(=O)N1CCC[C@@H](N3CCC=NC3=O)C1)NC(=O)CC2,204_rxfp2_full,full,Q8WXD0__Q9HBX9,Q8WXD0,Q9HBX9,204_rxfp2_full::ZINC000732897319,ZINC000732897319,0.34831460674157305,412.49400000000014,1.032020000000001,120.99000000000001,4,2,5,0.7651318686020484,4.0662844578251445,-7.883,-6.028,-1.8550000000000004,-1.7079999999999993,0.324502696444883,-1.5300000000000002,-0.3250000000000002,False,False,0.06780777052044869,0.8860211253166199,0.6638709425926208,0.0008228597122069914,0.006370185385458171,0.003368627786403522,0.031266394443809985,0.09163375571370125,0.02088781390339136,0.48223741054534913,0.2108926810324192,0.9929622650146485,0.5909669876098633,0.01659467974677682,0.29697424322366717,-5.270103541441078,-7.796066700607064,3.3612115922363457,3.728260127607814,-2.233225807253426,1.1284373541008335,False,False,False,not_evaluated_cross_domain_gate,False
A6PX-P204-0114,Cc1cc2c(cc1NC(=O)N1CCC[C@@H](N3CC=CNC3=O)C1)NC(=O)CC2,204_rxfp2_full,full,Q8WXD0__Q9HBX9,Q8WXD0,Q9HBX9,204_rxfp2_full::ZINC000732897319,ZINC000732897319,0.4935064935064935,383.4520000000001,2.4149200000000004,93.78,2,3,3,0.7320651950373586,3.421071000197407,-8.943,-6.778,-1.7839999999999998,-1.6959999999999997,0.3319330588470449,-1.5300000000000002,-0.25399999999999956,True,False,0.09218300729990006,0.8564167857170105,0.5747742891311646,0.005674128385726363,0.019847804587334393,0.008367901830933989,0.016618242440745234,0.03452047789469361,0.056774896755814555,0.22183746248483657,0.3992091536521912,0.9689629912376404,0.5527465283870697,0.030035427398979665,0.392747288942337,-5.102756532351796,-6.122779351315427,-0.8636511222584581,26.26260096034694,-3.254256130587751,-3.919323549168412,False,False,False,not_evaluated_cross_domain_gate,False
A6PX-P204-0088,Cc1nc2c(nc1N[C@H]1C[C@H]3[C@H](N4CCCNC4=O)CCCN3C1=O)CN(C)CC2,204_rxfp2_full,full,Q8WXD0__Q9HBX9,Q8WXD0,Q9HBX9,204_rxfp2_full::ZINC000732897319,ZINC000732897319,0.18085106382978725,413.5260000000002,0.7320200000000014,93.7,3,2,6,0.758996229170534,4.241484646848823,-8.382,-6.627,-1.7830000000000004,-1.755,0.04439469437769411,-1.5300000000000002,-0.2530000000000001,False,False,0.292972195148468,0.7105672836303711,0.5358590841293335,0.0013821041444316506,0.005853274615947157,0.0026614379545208066,0.007933345157653093,0.02296637906692922,0.02973145041614771,0.40168462693691254,0.4390222609043121,0.9294912815093994,0.7031323909759521,0.026782245934009553,0.3639775812625885,-5.220660895397244,1.8713078061874597,30.232460331673884,59.561652047237786,-1.384888505548059,2.9630135793097785,False,False,False,not_evaluated_cross_domain_gate,False
A6PX-P204-0116,Cc1nc2c(cc1CNC(=O)N1CCC[C@@H](N3CCNC3=O)C1)CNCC2,204_rxfp2_full,full,Q8WXD0__Q9HBX9,Q8WXD0,Q9HBX9,204_rxfp2_full::ZINC000732897319,ZINC000732897319,0.30337078651685395,372.4730000000002,0.7349200000000009,89.6,3,3,4,0.7299220688016328,3.3595083226982094,-8.297,-6.533,-1.7640000000000002,-1.7030000000000003,0.1110165152878919,-1.5300000000000002,-0.23399999999999999,True,False,0.14538151808083058,0.831452214717865,0.5198827028274536,0.0008745732484385371,0.00916553100105375,0.0018351822684053332,0.025630645267665387,0.027669299766421317,0.020867901109158992,0.2750924348831177,0.08604104742407799,0.9853480815887451,0.4884045600891113,0.013840090949088335,0.24857595562934875,-5.263374063280616,-15.870185655121716,-14.895085278876275,19.752663176040613,-0.9335671446201553,-1.01446891095725,False,False,False,not_evaluated_cross_domain_gate,False
A6PX-P204-0075,CN1CCc2ncc(CN3C[C@@]4(NC=C[C@H]4N4CCC=NC4=O)C3=O)cc2C1,204_rxfp2_full,full,Q8WXD0__Q9HBX9,Q8WXD0,Q9HBX9,204_rxfp2_full::ZINC000732897319,ZINC000732897319,0.14563106796116504,380.4520000000002,0.5325000000000009,81.14000000000001,3,1,5,0.7741284409664666,4.9771366263904415,-8.396,-6.621,-1.716000000000001,-1.5899999999999999,0.3330368681626037,-1.5300000000000002,-0.18600000000000083,True,False,0.03689198531210423,0.5702466607093811,0.5401097774505615,0.0003539458752129576,0.0024723938055103644,0.00025830640533968107,0.02575375121086836,0.012476057920139283,0.022092920169234274,0.1566833332180977,0.21271466612815856,0.9071897745132447,0.3998156666755676,0.0250519304536283,0.08514273539185524,-4.957969051159104,24.762908623510214,16.316063095912625,17.10796592889607,-1.6832551511484126,-0.984786404312017,False,False,False,not_evaluated_cross_domain_gate,False
A6PX-P207-0156,CCNS(=O)(=O)c1ccc(Cl)c(C(=O)N2CC[C@H]2c2ccco2)c1,205_q92633_full,full,O95136__Q92633,Q92633,O95136,205_q92633_full::ZINC001469216235,ZINC001469216235,0.25287356321839083,368.84200000000016,2.8184000000000013,79.62,5,1,4,0.8795763432622424,2.7751315121079987,-8.316,-5.154,-3.1980000000000004,-2.7560000000000002,0.24134944697586436,-1.649,-1.5490000000000004,True,False,0.04399517402052879,0.5421620368957519,0.8187786698341369,0.09285634979605675,0.8079992890357971,0.45634782314300537,0.05393392276018858,0.4931556671857834,0.145443544536829,0.038162709400057795,0.8854000210762024,0.9999107241630554,0.9605598092079163,0.09457219652831554,0.13832761943340302,-4.813444006792578,71.39363877586179,17.315101011495663,6.866738147919529,-4.098961922629019,-1.6856109616650818,False,False,False,not_evaluated_cross_domain_gate,False
A6PX-P207-0184,CNC(=O)c1cccc(Oc2cc([C@@H](O)CN)ccc2F)c1,205_q92633_full,full,O95136__Q92633,Q92633,O95136,205_q92633_full::ZINC001469216235,ZINC001469216235,0.0967741935483871,304.321,1.9697,84.58000000000001,5,3,4,0.7882257961089806,2.5484854444995584,-8.228,-5.079,-3.149,-2.9190000000000005,0.12103167629454141,-1.649,-1.5,True,False,0.47200044989585876,0.8486330389976502,0.9722834348678588,0.7377648115158081,0.1942942813038826,0.07011126801371574,0.15471050441265105,0.37818233370780946,0.4044200360774994,0.3004341125488281,0.35369748771190646,0.9998473882675171,0.8610743165016175,0.12036909610033035,0.6393168926239013,-4.859923357458261,28.67194418777901,-28.28368091091776,13.725230132264675,-2.086305152925572,2.49553926816796,True,True,False,not_dual_endpoint_improved,False
A6PX-P207-0209,CCCOC1=CC=CCC(c2cc(S(=O)(=O)NCCO)ccc2F)=C1,205_q92633_full,full,O95136__Q92633,Q92633,O95136,205_q92633_full::ZINC001469216235,ZINC001469216235,0.17204301075268819,367.4420000000001,2.7501000000000007,75.63000000000001,8,2,4,0.7408044892482224,2.945799807605214,-8.051,-4.959,-3.0970000000000004,-3.0500000000000007,0.11126844416395289,-1.649,-1.4480000000000004,True,False,0.2595873087644577,0.7197806239128113,0.8242630004882813,0.6648283123970031,0.9133155465126037,0.7784003734588623,0.23348594307899476,0.8945836544036865,0.5854159951210022,0.13229495286941528,0.8152455568313599,0.9999399900436401,0.9548387646675109,0.49885246753692625,0.5266719937324524,-4.739739777687376,78.75700756699015,76.88837377012062,-18.487346674709237,-3.85820233672018,7.950631591808668,False,False,False,not_evaluated_cross_domain_gate,False
A6PX-P207-0167,CC(C)(CC(=O)O)c1ccc(F)c(C(=O)N2CCC[C@@H](c3ccc[nH]3)C2)c1,205_q92633_full,full,O95136__Q92633,Q92633,O95136,205_q92633_full::ZINC001469216235,ZINC001469216235,0.24719101123595505,372.4400000000001,3.925900000000003,73.4,5,2,2,0.8352556935422158,3.102192109680457,-9.043,-6.017,-2.9959999999999996,-2.979000000000001,0.1394728169453341,-1.649,-1.3469999999999995,False,False,0.035386627167463304,0.7687350392341614,0.8752891659736634,0.019848540984094144,0.3641620099544525,0.3362154394388199,0.11010195687413216,0.5682257771492004,0.08947924748063088,0.30718806982040403,0.4828970044851303,0.9991505384445191,0.7720508933067322,0.17865915447473527,0.3110084801912308,-5.122880143127756,27.444836491893987,2.148177971565379,-31.513817898608362,-3.629614712276184,-2.955222014493699,False,False,False,not_evaluated_cross_domain_gate,False
A6PX-P207-0186,CNC(=O)C1=CN(C(=O)c2cc(S(=O)(=O)NC(C)=O)ccc2Cl)CCC1,205_q92633_full,full,O95136__Q92633,Q92633,O95136,205_q92633_full::ZINC001469216235,ZINC001469216235,0.24705882352941178,399.8560000000002,1.0307,112.65,4,2,5,0.7847232795564477,2.7702336652878365,-8.651,-5.536,-2.9929999999999994,-2.902000000000001,0.2929857789495359,-1.649,-1.3439999999999994,True,False,0.028167434968054295,0.3926385998725891,0.8103745818138123,0.007078580628149212,0.044408491160720584,0.014353818749077618,0.012823285884223878,0.05403311341069639,0.4596631109714508,0.03467947281897068,0.9121866106987,0.8683465242385864,0.5784256100654602,0.07225310951471328,0.026967392675578593,-5.326801584033646,-14.967906229386774,-9.545731675199354,59.954603538852965,-2.545636523924385,-0.3920669322790579,False,False,False,not_evaluated_cross_domain_gate,False
A6PX-P207-0154,O=C(NCCF)c1ccc(F)c(C(=O)N2C=C(n3cccn3)CCC2)c1,205_q92633_full,full,O95136__Q92633,Q92633,O95136,205_q92633_full::ZINC001469216235,ZINC001469216235,0.17894736842105263,360.36400000000003,2.4561,67.23,5,1,4,0.8906855428514058,2.962071485305657,-8.497,-5.507,-2.99,-1.8369999999999997,0.5610135668789324,-1.649,-1.3410000000000002,True,True,0.64770005941391,0.947390353679657,0.9377557277679444,0.2285171240568161,0.4045361027121544,0.3273656576871872,0.030735431984066964,0.5149630248546601,0.4322502315044403,0.40792378783226013,0.8890768527984619,0.9998582482337952,0.951822292804718,0.23954430222511292,0.5358793556690216,-4.64547355721453,44.35921031922915,30.352108159616783,26.96644707670854,-3.2166401759711105,-0.7753542313892998,True,True,False,not_dual_endpoint_improved,False
A6PX-P207-0207,NCCNC(=O)c1ccc(Cl)c(C(=O)N2CCC=C(n3cccc3)N2)c1,205_q92633_full,full,O95136__Q92633,Q92633,O95136,205_q92633_full::ZINC001469216235,ZINC001469216235,0.14736842105263157,373.84400000000005,1.6790999999999998,92.38999999999999,5,3,5,0.7430818918512891,3.023993730627902,-8.285,-5.401,-2.9850000000000003,-1.9699999999999998,0.7372337184065554,-1.649,-1.3360000000000003,True,False,0.49907869696617124,0.554276567697525,0.9366009354591369,0.07816695831716061,0.12667462453246117,0.05316358581185341,0.07557657323777675,0.6714340090751648,0.5291505217552185,0.5317407131195069,0.7998722434043884,0.99487464427948,0.7415696382522583,0.1460104450583458,0.31799413561820983,-5.325624542977328,-23.604098317037376,-21.434210953780823,28.712482980166108,-2.828665402638856,2.675226967402605,False,False,False,not_evaluated_cross_domain_gate,False
A6PX-P207-0180,O=C(c1cccc(S(=O)(=O)NCCO)c1)N1CCC[C@@H](c2ccco2)C1,205_q92633_full,full,O95136__Q92633,Q92633,O95136,205_q92633_full::ZINC001469216235,ZINC001469216235,0.30952380952380953,378.4500000000002,1.5699999999999998,99.85,6,2,5,0.7947818425970613,2.7522165520670114,-8.207,-5.231,-2.976000000000001,-2.6179999999999994,0.2169090951425407,-1.649,-1.3270000000000008,True,False,0.0268151443451643,0.41695680022239684,0.6303911149501801,0.025582094304263593,0.3775745093822479,0.18138219863176347,0.08012623265385628,0.33141822218894956,0.04966840483248234,0.08081981390714646,0.5453186094760895,0.9997390866279602,0.872679841518402,0.1165462389588356,0.40016021132469176,-5.153547008262595,63.25778585864928,6.893362946230821,15.557462637016584,-2.7900852371266542,0.3214748921460936,False,False,False,not_evaluated_cross_domain_gate,False
A6PX-P207-0163,NCCNC(=O)c1ccc(Cl)c(C(=O)N2CCC(c3ccco3)=N2)c1,205_q92633_full,full,O95136__Q92633,Q92633,O95136,205_q92633_full::ZINC001469216235,ZINC001469216235,0.15625,360.8010000000001,1.8717,100.92999999999999,5,2,5,0.8494071613346966,2.5883318428938686,-8.227,-5.22,-2.971,-1.976,0.47775888851548926,-1.649,-1.322,True,False,0.3452164947986603,0.5300933361053467,0.9223790764808655,0.48762396574020384,0.4138242959976196,0.18819735795259476,0.08589592427015305,0.44414752125740053,0.3139167368412018,0.1278956115245819,0.8354937791824341,0.9994599938392639,0.8556406617164611,0.0866017758846283,0.4233630299568176,-5.372478457631751,10.405802864814921,-16.91061186101811,49.71426336306321,-3.055764495574861,3.429099324878571,False,False,False,not_evaluated_cross_domain_gate,False
A6PX-P207-0174,O=C(c1cc(S(=O)(=O)NCCO)ccc1Cl)N1CCc2ccccc2C1,205_q92633_full,full,O95136__Q92633,Q92633,O95136,205_q92633_full::ZINC001469216235,ZINC001469216235,0.2804878048780488,394.88000000000017,1.8091000000000002,86.71,5,2,4,0.8092696474443849,2.1277650005279387,-8.443,-5.691,-2.899,-1.4010000000000007,0.7192298350009925,-1.649,-1.25,False,False,0.06867170110344886,0.38499379754066465,0.7594348073005677,0.18334523662924768,0.7449379324913025,0.39653045535087583,0.18057845011353493,0.5857862055301666,0.377007395029068,0.059136392921209334,0.8410869240760803,0.9991865396499634,0.828284502029419,0.2603465229272842,0.37473013401031496,-5.176492080144853,52.46577358248116,36.02761344820792,23.911442606724407,-3.8908647644175134,3.026596960639153,False,False,False,not_evaluated_cross_domain_gate,False
A6PX-P207-0243,O=C(c1cc(S(=O)(=O)NCCO)ccc1Cl)N1CCC[C@@H](c2cc[nH]c2)C1,205_q92633_full,full,O95136__Q92633,Q92633,O95136,205_q92633_full::ZINC001469216235,ZINC001469216235,0.3614457831325301,411.9110000000002,1.9585,102.5,6,3,4,0.6755981655650031,3.020451097534708,-8.075,-5.278,-2.8039999999999994,-1.5780000000000003,0.6247054416994372,-1.649,-1.1549999999999994,True,False,0.014428049325942993,0.25696716010570525,0.6249903559684753,0.07674097791314125,0.597074007987976,0.3107863008975983,0.1802869126200676,0.8429191708564758,0.07599508166313171,0.1164143979549408,0.7227240800857544,0.999728775024414,0.6566518306732178,0.14124882370233535,0.39320939779281616,-5.575167826920489,45.903336285770365,-1.5715478040098936,-0.5559501040430412,-3.786504649023611,9.880077691651735,False,False,False,not_evaluated_cross_domain_gate,False
A6PX-P207-0206,CCCNC1=CCCN(C(=O)c2cc(S(=O)(=O)CCN)ccc2Cl)C1,205_q92633_full,full,O95136__Q92633,Q92633,O95136,205_q92633_full::ZINC001469216235,ZINC001469216235,0.2222222222222222,385.9170000000002,1.8017999999999996,92.5,7,2,5,0.746158995064581,2.8117763197886827,-7.38,-4.711,-2.755,-2.3089999999999993,0.3443470471615651,-1.649,-1.1059999999999999,False,False,0.1871346116065979,0.6667801022529602,0.8366401076316834,0.07315538823604584,0.30240991413593293,0.09447567388415337,0.1640238419175148,0.9045822262763977,0.544554340839386,0.17835802882909774,0.5447359800338745,0.997180986404419,0.546854305267334,0.29954765886068346,0.3124958038330078,-5.3122458500436585,29.173950442438674,3.5374908183513485,59.79639378454031,-2.619470228122984,3.778974120903416,False,False,False,not_evaluated_cross_domain_gate,False
A6PX-P207-0297,Cc1ccc(S(=O)(=O)NCCO)cc1C(=O)c1cccc(-c2ccc[nH]2)[nH+]1,205_q92633_full,full,O95136__Q92633,Q92633,O95136,205_q92633_full::ZINC001469216235,ZINC001469216235,0.2111111111111111,385.44500000000005,1.8867200000000002,112.14999999999999,7,3,5,0.5378003612518828,2.561387702728709,-8.089,-5.389,-2.729,-2.6670000000000007,0.15714395382012689,-1.649,-1.08,True,False,0.06409193277359009,0.17358280420303346,0.8319261193275451,0.6156805694103241,0.5010186672210694,0.5545306444168091,0.12767901122570038,0.7605699062347412,0.29372490048408506,0.16669874414801597,0.9163221597671509,0.9992521166801452,0.8329761028289795,0.23950771242380142,0.43819425702095033,-5.4211385725199595,60.230884848366294,52.46813609279867,-25.731508785880635,-4.098096278647655,6.252370737563657,False,False,False,not_evaluated_cross_domain_gate,False
A6PX-P207-0162,CCNS(=O)(=O)c1cc(C(=O)N2CC[C@@H](n3cccc3)C2)c(Cl)cn1,205_q92633_full,full,O95136__Q92633,Q92633,O95136,205_q92633_full::ZINC001469216235,ZINC001469216235,0.2976190476190476,382.87300000000016,1.9218999999999997,84.29999999999998,5,1,5,0.8557443918102071,3.2368004609421552,-8.162,-5.541,-2.683,-2.1879999999999997,0.2583670945680888,-1.649,-1.0339999999999998,True,False,0.09202404841780662,0.628507137298584,0.8346258997917175,0.07091168463230133,0.5523776203393936,0.17189767956733704,0.0573566272854805,0.8082179665565491,0.08674024343490601,0.16549373269081116,0.8052039980888367,0.9999064326286315,0.9643799781799316,0.0850228063762188,0.18695351779460906,-5.024375914162751,63.23961688616347,6.276115599699242,-9.203148514513561,-3.4989892671606584,1.4308846737393532,False,False,False,not_evaluated_cross_domain_gate,False
A6PX-P207-0160,C=CNS(=O)(=O)c1ccc(F)c(C(=O)N2CCC[C@@H](n3ccnc3)C2)c1,205_q92633_full,full,O95136__Q92633,Q92633,O95136,205_q92633_full::ZINC001469216235,ZINC001469216235,0.4430379746835443,378.42900000000014,1.9213000000000002,84.3,5,1,5,0.8615442964539329,3.2609700735547786,-7.716,-4.991,-2.6739999999999995,-2.115,0.4329590691457516,-1.649,-1.0249999999999995,False,False,0.05918219536542892,0.7800633430480957,0.8894686341285706,0.045441525802016255,0.29846637398004533,0.4564711034297943,0.11059255748987198,0.7969911813735961,0.08545677959918976,0.40217168927192687,0.7759583711624145,0.9999159693717956,0.8484230756759643,0.0918353371322155,0.5031785130500793,-4.843032515844466,24.371407764004083,-18.195932874382798,12.367249464454979,-2.360373427524292,-5.037102817652123,False,False,False,not_evaluated_cross_domain_gate,False
A6PX-P207-0149,CCNC(=O)c1cccc(C(=O)N2CCC[C@@H](n3cccn3)C2)c1,205_q92633_full,full,O95136__Q92633,Q92633,O95136,205_q92633_full::ZINC001469216235,ZINC001469216235,0.35443037974683544,326.40000000000003,2.1101,67.23,4,1,4,0.9355532117606346,2.6553913933040256,-8.057,-5.44,-2.6690000000000005,-2.611999999999999,0.07421739837950572,-1.649,-1.0200000000000005,True,True,0.09194351620972156,0.8878919243812561,0.8499722719192505,0.04246816001832485,0.08782457485795021,0.03826509453356266,0.029506884329020978,0.2739941567182541,0.05556457415223122,0.4094860255718231,0.4014642596244812,0.9997308731079102,0.9079182147979736,0.04002807438373566,0.36476430892944334,-4.854541886559223,41.154229478953866,-5.614070263396438,22.642808778421227,-2.3857173311670454,-1.0298660155652335,True,True,False,not_dual_endpoint_improved,False
A6PX-P207-0153,CCNC(=O)c1cnc(N)c(C(=O)N2CCC[C@H]2c2ccco2)c1,205_q92633_full,full,O95136__Q92633,Q92633,O95136,205_q92633_full::ZINC001469216235,ZINC001469216235,0.19148936170212766,328.372,1.9838,101.46,4,2,5,0.893414942223149,2.863325920158246,-8.162,-5.374,-2.6519999999999992,-2.46,0.20681929847628427,-1.649,-1.0029999999999992,True,False,0.17016053795814515,0.7614983916282654,0.9002274155616761,0.045770556479692456,0.1339307799935341,0.0941674116998911,0.0029343591537326573,0.07267926409840583,0.06367551051080227,0.11493414789438247,0.7466086030006409,0.9997786283493042,0.8569416761398315,0.013430541288107634,0.21984271258115767,-5.081878304579414,38.92487901385143,-13.856180078664465,10.287741673063824,-3.2261317700738887,1.6450701253805033,False,False,False,not_evaluated_cross_domain_gate,False
A6PX-P207-0248,C[C@H](O)CS(=O)(=O)c1ccc(F)c(C(O)c2cccc3ccccc23)c1,205_q92633_full,full,O95136__Q92633,Q92633,O95136,205_q92633_full::ZINC001469216235,ZINC001469216235,0.11235955056179775,374.4330000000001,3.2151000000000023,74.6,5,2,4,0.6727170137786312,3.0425396883062694,-8.273,-6.042,-2.6159999999999997,-1.7600000000000007,0.42151894645700305,-1.649,-0.9669999999999996,True,False,0.1919110357761383,0.6537483215332032,0.8429703712463379,0.3735516518354416,0.7740352988243103,0.6005528330802917,0.09184334138408304,0.7018968462944031,0.6936788439750672,0.09194905981421471,0.8231767296791077,0.9985279679298401,0.7090482354164124,0.6661251306533813,0.775690495967865,-5.099563653708858,46.63761439372366,22.732432654774257,113.96306307096529,-2.9050218495111206,9.201274719785095,False,False,False,not_evaluated_cross_domain_gate,False
A6PX-P207-0175,O=C(c1cc(S(=O)(=O)N2CC(O)C2)cc(F)c1F)N1CCC[C@@H](n2cccc2)C1,205_q92633_full,full,O95136__Q92633,Q92633,O95136,205_q92633_full::ZINC001469216235,ZINC001469216235,0.358974358974359,425.4570000000002,1.6087999999999996,82.85,4,1,5,0.8069976051549761,3.1704743385944294,-8.381,-5.928,-2.6079999999999997,-1.8739999999999997,0.4046935740642407,-1.649,-0.9589999999999996,True,True,0.022188861668109894,0.7239997863769532,0.6729241251945496,0.009954866580665111,0.2602264881134033,0.18649566620588304,0.07243125066161156,0.3961743861436844,0.06574818938970566,0.1472139075398445,0.6055104255676269,0.9994219183921814,0.9118728876113892,0.39324640333652494,0.7214416861534119,-4.865140809408467,49.86938248508324,33.99674987303761,-20.473751042178655,-2.7888585451501458,-2.172880796505625,False,False,False,not_evaluated_cross_domain_gate,False
A6PX-P207-0275,CC(C)(CC(N)=O)c1ccc(C#N)c(C(=O)C2=CC=CC(c3ccco3)C2=O)c1,205_q92633_full,full,O95136__Q92633,Q92633,O95136,205_q92633_full::ZINC001469216235,ZINC001469216235,0.10101010101010101,388.4230000000001,3.9078800000000027,117.32000000000002,6,2,5,0.6209377905636049,2.778995113828918,-8.609,-6.01,-2.599,-1.9080000000000004,0.5045937860189017,-1.649,-0.9500000000000002,True,False,0.10543960928916932,0.39913527965545653,0.7169785022735595,0.5420960545539856,0.8768326282501221,0.8758741021156311,0.06070067882537842,0.8837253451347351,0.1357889510691166,0.037361519783735274,0.610386312007904,0.9995433449745178,0.9128229856491089,0.6294454574584961,0.6145662426948547,-5.012728784510114,67.3955793305078,68.84000460192065,25.19745871563655,-6.272417843318742,-0.4075813649138095,False,False,False,not_evaluated_cross_domain_gate,False
A6PX-P207-0185,Cc1ccc(S(=O)(=O)NCCO)cc1C(=O)N1C=CC=C(c2ccco2)C1,205_q92633_full,full,O95136__Q92633,Q92633,O95136,205_q92633_full::ZINC001469216235,ZINC001469216235,0.21739130434782608,388.4450000000001,1.91172,99.85,6,2,5,0.7874672698729478,2.8795267715546213,-8.021,-5.348,-2.545000000000001,-1.8090000000000002,0.6046194395375218,-1.649,-0.8960000000000008,True,False,0.0680582333356142,0.2492871403694153,0.7433017492294312,0.1078583225607872,0.5356829762458801,0.4661469280719757,0.06295180581510067,0.5223370492458344,0.3164160862565041,0.04660462122410536,0.8778871536254883,0.9994817018508911,0.8760782241821289,0.3800772696733475,0.3715938627719879,-5.008583100429779,63.29207475923158,63.09485580849453,8.89978965736225,-3.1470479510961686,-6.978188823955025,False,False,False,not_evaluated_cross_domain_gate,False
A6PX-P207-0159,NCCS(=O)(=O)c1cccc(C(=O)N2CC[C@H]2c2ccc[nH]2)c1,205_q92633_full,full,O95136__Q92633,Q92633,O95136,205_q92633_full::ZINC001469216235,ZINC001469216235,0.1797752808988764,333.41299999999995,1.3342999999999996,96.26,5,2,4,0.862649221179286,3.0518040273251454,-7.962,-5.328,-2.521,-2.2910000000000004,0.1825127088421208,-1.649,-0.8719999999999999,False,False,0.04322169432416558,0.6786079287528992,0.832402503490448,0.02439214470796287,0.13537631630897523,0.05958386948332191,0.012764994986355305,0.4126692146062851,0.14089157730340957,0.13408329486846923,0.6689711928367614,0.998928713798523,0.303302201628685,0.04910431168973446,0.12676607295870781,-5.3411902780736185,38.32372897988948,-37.20675281463496,10.882453610725118,-3.1470647551143793,-0.2532545143295607,False,False,False,not_evaluated_cross_domain_gate,False
A6PX-P207-0170,CN(CCCO)c1cc(C(=O)N2CC[C@@H](c3cnc[nH]3)C2)c(F)c[nH+]1,205_q92633_full,full,O95136__Q92633,Q92633,O95136,205_q92633_full::ZINC001469216235,ZINC001469216235,0.2127659574468085,347.39400000000006,1.3921000000000001,85.35,6,2,5,0.8248322512433262,3.4754945021122534,-7.753,-5.019,-2.5140000000000002,-2.498,0.18820379025584652,-1.649,-0.8650000000000002,True,False,0.19026901423931122,0.4709292709827423,0.8093055486679077,0.013403532747179269,0.06979247853159905,0.03680069912225008,0.043845117837190625,0.15399249792098998,0.08581461831927299,0.4693885535001755,0.38050042390823363,0.9996402144432068,0.5250477313995361,0.028883117064833642,0.6440309822559357,-5.027913813849972,38.38994751965935,-22.43649350479335,14.000563290583514,-1.81876776358239,16.633887837988,False,False,False,not_evaluated_cross_domain_gate,False
A6PX-P207-0194,COCC(=O)c1ccc(Cl)c(C(=O)N2CCC[C@H]2c2ccco2)c1,205_q92633_full,full,O95136__Q92633,Q92633,O95136,205_q92633_full::ZINC001469216235,ZINC001469216235,0.17204301075268819,347.79800000000006,3.7394000000000025,59.75000000000001,5,0,4,0.7729531884919212,2.711946734637884,-7.593,-5.621,-2.466,-1.9639999999999995,0.2517066193452655,-1.649,-0.8170000000000002,True,False,0.15135599970817565,0.9279700994491578,0.9141775965690613,0.4006974458694458,0.8928064942359925,0.5179491162300109,0.014011550601571799,0.3906459480524063,0.0317252092063427,0.04481525607407093,0.7222884058952331,0.99998459815979,0.9943679571151733,0.615906423330307,0.2297399342060089,-4.453229058378561,124.15552702777495,44.45189051798246,35.97738369213623,-4.404388018059346,-1.2936809573771026,False,False,False,not_evaluated_cross_domain_gate,False
A6PX-P207-0155,CCO[C@H]1CCCN(C(=O)c2cc(C(=O)NC3CC3)ccc2Cl)C1,205_q92633_full,full,O95136__Q92633,Q92633,O95136,205_q92633_full::ZINC001469216235,ZINC001469216235,0.2891566265060241,350.84600000000023,2.8733000000000013,58.64,5,1,3,0.887902419593558,2.5364837509139697,-7.809,-5.286,-2.4640000000000004,-2.1560000000000006,0.16091198422325995,-1.649,-0.8150000000000004,True,False,0.4018596410751343,0.9731203198432923,0.8893784165382386,0.21880444288253784,0.5127409100532532,0.06300710886716843,0.07136682290583848,0.6695918679237366,0.06305293403565884,0.34128537774086,0.3462549656629562,0.9999468326568604,0.9761475801467896,0.06847544983029366,0.3836709797382355,-4.615863745938308,52.406283341041124,0.024910303044980965,35.428213644973916,-3.7467181794522757,-2.560730534396782,True,True,False,not_dual_endpoint_improved,False
A6PX-P207-0166,CNS(=O)(=O)c1cc(C(=O)N2CCC=C(c3ccco3)C2)c(N)cn1,205_q92633_full,full,O95136__Q92633,Q92633,O95136,205_q92633_full::ZINC001469216235,ZINC001469216235,0.20430107526881722,362.4110000000001,1.0943999999999998,118.52999999999999,4,2,6,0.8404570550916838,3.055206181231587,-8.063,-5.428,-2.4499999999999993,-2.3470000000000004,0.1191534957756406,-1.649,-0.8009999999999993,True,False,0.15049102306365966,0.7174766778945922,0.8766348123550415,0.07124623283743858,0.34878201186656954,0.283108101785183,0.010038570314645768,0.3780630260705948,0.18709189891815187,0.05494567006826401,0.9130779027938842,0.9998458385467529,0.893452525138855,0.050613199919462205,0.21504640877246856,-5.145491632882048,37.776539532215985,9.662843457514617,1.0274167874315316,-3.651211234776416,-5.07002629445428,True,True,False,not_dual_endpoint_improved,False
A6PX-P207-0171,C=C(C)NS(=O)(=O)c1ccc(Cl)c(C(=O)N2CCC[C@@H](n3cccn3)C2)c1,205_q92633_full,full,O95136__Q92633,Q92633,O95136,205_q92633_full::ZINC001469216235,ZINC001469216235,0.47435897435897434,408.91100000000023,2.825700000000001,84.3,5,1,5,0.8239210146524794,3.121539801988148,-8.051,-5.605,-2.442,-2.3409999999999993,0.0760277727032844,-1.649,-0.7930000000000001,True,False,0.022707654908299447,0.560042017698288,0.7237473726272583,0.012311116373166443,0.27615094035863874,0.13808113113045692,0.08366219326853752,0.7394754230976105,0.21462209820747374,0.23827066123485566,0.8005897998809814,0.9993333101272583,0.8908408999443054,0.17928467094898223,0.13671249225735665,-5.081123297632564,3.227161876565918,-9.279936596509943,40.97038929781134,-3.236934680585267,-5.070038208078406,False,False,False,not_evaluated_cross_domain_gate,False
A6PX-P207-0173,CC(=O)NS(=O)(=O)c1cc(Cl)c(C(=O)N2CCC[C@@H](c3ccco3)C2)[nH]1,205_q92633_full,full,O95136__Q92633,Q92633,O95136,205_q92633_full::ZINC001469216235,ZINC001469216235,0.25842696629213485,399.8560000000002,2.1056999999999997,112.47999999999999,4,2,5,0.8170291648999702,3.458471021921481,-8.2,-5.813,-2.3869999999999996,-1.6959999999999997,0.4833142524969308,-1.649,-0.7379999999999995,True,False,0.007393237156793475,0.3468738108873367,0.7247000098228454,0.014402719587087632,0.3160830423235893,0.12192371450364589,0.02558493334800005,0.15377031937241553,0.145822973549366,0.05798631832003594,0.9132688045501709,0.9982795000076294,0.6635151147842407,0.06376060247421264,0.08559025973081588,-5.367358727828526,20.720966980105505,-15.887803686238183,38.13487134725496,-3.433580785299236,3.087656869077553,False,False,False,not_evaluated_cross_domain_gate,False
A6PX-P207-0176,Cc1ccc(C(=O)NCCO)cc1C(=O)N1CC=C=C(c2ccco2)C1,205_q92633_full,full,O95136__Q92633,Q92633,O95136,205_q92633_full::ZINC001469216235,ZINC001469216235,0.15463917525773196,352.39000000000016,2.00462,82.78,5,2,4,0.8065988553075609,3.1125623376965086,-7.378,-5.488,-2.3710000000000004,-1.7860000000000005,0.7684933311356704,-1.649,-0.7220000000000004,True,False,0.21133531779050826,0.3478115826845169,0.8433445572853089,0.16540125608444214,0.22700315415859224,0.17408305704593657,0.028194082900881767,0.24503484815359117,0.2963872641324997,0.09094091951847076,0.6774742841720581,0.9982608079910278,0.8411318898200989,0.3653662443161011,0.49190581738948824,-4.8310994574888415,22.44233646025851,15.147985831314623,49.41897954502157,-2.6598079268841754,-2.4192098459827998,False,False,False,not_evaluated_cross_domain_gate,False
A6PX-P207-0182,CCNS(=O)(=O)c1ccc(Cl)c(C(=O)N2CCC=C(C(=O)NC)C2)c1,205_q92633_full,full,O95136__Q92633,Q92633,O95136,205_q92633_full::ZINC001469216235,ZINC001469216235,0.25882352941176473,385.8730000000002,1.1565,95.58000000000001,5,2,4,0.7944693854036122,2.6000191094798097,-7.56,-5.48,-2.3389999999999995,-1.9079999999999995,0.3592835463344612,-1.649,-0.6899999999999995,False,True,0.14281562268733977,0.5434099435806274,0.8356468439102173,0.04580351673066616,0.2578746944665909,0.060189764387905596,0.04781499654054642,0.4560959279537201,0.3885030150413513,0.066081003844738,0.8744712948799134,0.9969783663749695,0.8824818968772888,0.06267417818307877,0.11006850302219391,-5.158216279048418,41.03176260435577,20.73361542675886,12.948619937993504,-2.843143450189275,3.111541975501571,False,False,False,not_evaluated_cross_domain_gate,False
A6PX-P207-0190,Cc1ccc(S(=O)(=O)NCCO)cc1C(=O)N1CCC[C@@H](n2cccc2)C1,205_q92633_full,full,O95136__Q92633,Q92633,O95136,205_q92633_full::ZINC001469216235,ZINC001469216235,0.4473684210526316,391.49300000000017,1.5444199999999995,91.63999999999999,6,2,5,0.7814740602710099,2.9102065631217524,-7.688,-5.364,-2.324,-1.5389999999999997,0.5084999726865502,-1.649,-0.6749999999999998,True,False,0.03944520466029644,0.475806987285614,0.6778395771980286,0.020577424392104148,0.2710807114839554,0.16121550351381303,0.1283686026930809,0.6981357455253601,0.08190707415342331,0.18423524647951126,0.4631861329078674,0.9996236324310303,0.8704140186309814,0.16452436298131942,0.4913424015045166,-5.0802427943530954,62.43440895475511,29.398086039037782,-10.908400454017562,-2.9027673671062497,-2.511991023736166,False,False,False,not_evaluated_cross_domain_gate,False
A6PX-P207-0161,O=C(NCCO)c1ccc(F)c(C(=O)N2C=C(c3ccco3)CCC2)c1,205_q92633_full,full,O95136__Q92633,Q92633,O95136,205_q92633_full::ZINC001469216235,ZINC001469216235,0.14432989690721648,358.3690000000001,2.4179000000000004,82.78,5,2,4,0.8599053793662126,2.670881256615429,-7.987,-5.625,-2.2729999999999997,-1.8600000000000003,0.6695233793942941,-1.649,-0.6239999999999997,True,False,0.2821150153875351,0.5137402653694153,0.8395559787750244,0.19987301230430604,0.3302785187959671,0.34097648561000826,0.021434549428522586,0.17551745995879173,0.27640728950500487,0.09970506131649018,0.7944162249565124,0.999426007270813,0.8339560389518738,0.2756308615207672,0.481817415356636,-4.669225811926831,31.963002737238572,16.300152069138633,62.85139307792963,-2.9249394209505555,5.0417591850695,False,False,False,not_evaluated_cross_domain_gate,False
A6PX-P207-0150,CCNC(=O)c1ccc(O)c(C(=O)N2CCCc3ccccc32)c1,205_q92633_full,full,O95136__Q92633,Q92633,O95136,205_q92633_full::ZINC001469216235,ZINC001469216235,0.15730337078651685,324.38,2.7349000000000006,69.64,3,2,3,0.9118954789829412,2.0370966048949963,-8.447,-6.314,-2.271000000000001,-1.0009999999999994,0.657288030893273,-1.649,-0.6220000000000008,False,False,0.30879439413547516,0.8330614924430847,0.6962138891220093,0.6016071856021881,0.47064012885093687,0.41462884545326234,0.1307080529630184,0.30620844960212706,0.14337893351912498,0.036685090884566306,0.5178538203239441,0.9994883418083191,0.8988813519477844,0.23673088550567628,0.7082893133163453,-4.87496998100392,93.9671499405257,48.90569645957528,-2.057745539880954,-4.540882068879011,-7.14596355133685,False,False,False,not_evaluated_cross_domain_gate,False
A6PX-P207-0177,C[C@@]1(n2cccn2)CCCN(C(=O)c2cc(S(=O)(=O)N3CCNC3)ccc2F)C1,205_q92633_full,full,O95136__Q92633,Q92633,O95136,205_q92633_full::ZINC001469216235,ZINC001469216235,0.26881720430107525,421.4980000000003,1.2249999999999994,87.54,4,1,6,0.8023324291249313,3.496015271990303,-7.896,-5.721,-2.208,-1.9820000000000002,0.11653135009754058,-1.649,-0.5590000000000002,False,False,0.11141374930739403,0.7333820819854736,0.7205488085746765,0.006777680409140885,0.12880118638277055,0.0611715417355299,0.07559843510389327,0.8227535963058472,0.11996465995907783,0.39824146032333374,0.5652544558048248,0.9997268915176392,0.954861330986023,0.10091516375541687,0.5653345823287964,-4.967802046998415,57.72026400124317,29.392520155378094,-24.793256761552815,-3.2403722369249763,-1.5608152955895747,False,False,False,not_evaluated_cross_domain_gate,False
A6PX-P207-0214,CCNS(=O)(=O)c1ccc(Cl)c(C(=O)N2CCC[C@H](OCCN)C2)c1,205_q92633_full,full,O95136__Q92633,Q92633,O95136,205_q92633_full::ZINC001469216235,ZINC001469216235,0.3493975903614458,389.9050000000003,1.2181000000000004,101.73,7,2,5,0.7295446983862395,2.7798051432164037,-6.858,-4.751,-2.1069999999999993,-2.024,0.14657042296755834,-1.649,-0.4579999999999993,True,False,0.1426215037703514,0.7420706391334534,0.8171292662620544,0.02886120807379484,0.17096588760614395,0.03543861825019121,0.12120403945446015,0.6672867059707641,0.11930058151483536,0.332420626282692,0.3839278340339661,0.999288272857666,0.885327672958374,0.03593906164169312,0.34581074118614197,-5.405603105389863,37.71437569897493,-29.075959560208936,11.202903879764529,-2.692657594802637,7.011295704716663,False,False,False,not_evaluated_cross_domain_gate,False
A6PX-P207-0189,O=C(c1cc(S(=O)(=O)NCCF)ccc1Cl)N1CCO[C@@H](n2cccc2)C1,205_q92633_full,full,O95136__Q92633,Q92633,O95136,205_q92633_full::ZINC001469216235,ZINC001469216235,0.3023255813953488,415.87400000000014,2.0605,80.64000000000001,6,1,5,0.7826735228400351,3.260206360692603,-7.166,-5.217,-1.9490000000000007,-1.4269999999999996,0.6439261517354993,-1.649,-0.3000000000000007,False,False,0.4483897626399994,0.840333366394043,0.9091968894004822,0.08631117716431617,0.5472445368766785,0.16762806475162506,0.03128520306199789,0.8055530428886414,0.27854677140712736,0.18006853610277176,0.9082057237625122,0.9997784256935119,0.9286511778831482,0.18486015498638153,0.31076241433620455,-4.957710579046333,64.61869934422026,0.3078565506412147,-5.173052111085187,-3.97719035678193,4.607661654300317,False,False,False,not_evaluated_cross_domain_gate,False
A6PX-P207-0187,Cc1cc(S(=O)(=O)NCCF)[nH]c1C(=O)N1CCCC(n2ccc[nH+]2)C1,205_q92633_full,full,O95136__Q92633,Q92633,O95136,205_q92633_full::ZINC001469216235,ZINC001469216235,0.3488372093023256,383.4490000000002,1.244719999999999,100.08999999999999,6,2,5,0.7838767527744291,3.55551949399735,-7.381,-5.153,-1.9260000000000002,-1.87,0.44465117414290783,-1.649,-0.27700000000000014,False,False,0.35899231135845183,0.852241063117981,0.8923445343971252,0.059899048134684565,0.4543149471282959,0.2014360547065735,0.03251052554696798,0.6358430624008179,0.3103633984923363,0.40428595542907714,0.6591905534267426,0.9999673366546631,0.9242424130439758,0.07355092838406563,0.641991376876831,-5.252686014836337,43.745732011996694,-3.9556386120429075,-33.58845469055673,-3.3551628776849887,-2.8786565725466415,False,False,False,not_evaluated_cross_domain_gate,False
A6PX-P207-0274,CCCNC(=O)CNC(=O)c1cc(C(O)=CCN)ccc1Cl,205_q92633_full,full,O95136__Q92633,Q92633,O95136,205_q92633_full::ZINC001469216235,ZINC001469216235,0.1,325.79600000000016,1.1275000000000002,101.28999999999999,8,3,4,0.6234373271911362,2.0581410494944485,-6.841,-4.852,-1.9169999999999998,-1.1610000000000005,0.8228103602221405,-1.649,-0.2679999999999998,True,False,0.5251617908477784,0.6869550228118897,0.9391624450683593,0.16160001158714293,0.1661462590098381,0.015333022270351649,0.05362062528729439,0.20080473870038987,0.5313818395137787,0.137714222073555,0.4990863502025604,0.9967607736587525,0.6133292436599731,0.032276771403849124,0.06640891432762146,-5.3975758696590725,62.13976087251825,-4.86419265561973,0.9602061710809231,-2.205730739155894,14.371600407569835,True,True,False,not_dual_endpoint_improved,False
A6PX-P207-0181,CCCC1=NN=C(Cc2cc(S(=O)(=O)CC(=O)O)[nH]c2C)C1,205_q92633_full,full,O95136__Q92633,Q92633,O95136,205_q92633_full::ZINC001469216235,ZINC001469216235,0.1111111111111111,325.39000000000016,1.7247199999999994,111.94999999999999,7,2,5,0.7945129095815179,3.694204895648296,-6.779,-5.15,-1.7539999999999996,-1.4740000000000002,0.19724829248662423,-1.649,-0.10499999999999954,True,False,0.09093276634812356,0.6247524619102478,0.875352942943573,0.004922723659547046,0.03764584045857191,0.02612661272287369,0.008716897713020444,0.02192385857924819,0.3178213655948639,0.11297708004713058,0.9022023200988769,0.9703478336334228,0.0955811582505703,0.021519211679697038,0.013705669064074754,-5.684345417384809,-21.729815712775157,-19.93710606973537,13.853679500636549,-2.3923575077244994,3.2595887390246063,False,False,False,not_evaluated_cross_domain_gate,False
A6PX-P207-0169,O=C(c1cccc(S(=O)(=O)CCCO)c1)N1C=C(n2cccn2)CCC1,205_q92633_full,full,O95136__Q92633,Q92633,O95136,205_q92633_full::ZINC001469216235,ZINC001469216235,0.1956521739130435,375.4500000000001,1.7738,92.49999999999999,6,1,6,0.8306904393058149,2.9092689905031612,-7.031,-5.246,-1.6979999999999995,-1.428,0.5481273169214937,-1.649,-0.04899999999999949,True,False,0.05349254757165909,0.5318614840507507,0.7526299834251404,0.042222327925264834,0.32816888093948365,0.23936639130115508,0.020024885050952436,0.4628444492816925,0.3188924193382263,0.10624452531337739,0.885825264453888,0.9988690853118897,0.7649732232093811,0.2641092002391815,0.18956383913755417,-4.965665903525249,40.74113602378274,28.50508958764243,55.33908806151753,-2.615705310485485,1.813297788930742,False,False,False,not_evaluated_cross_domain_gate,False
A6PX-P207-0026,COc1cc(C(=O)c2cc(S(=O)(=O)NC3CC3)ccc2Br)ccc1O,205_q92633_partial,partial,O95136__Q92633,Q92633,O95136,205_q92633_partial::ZINC001469216235,ZINC001469216235,0.410958904109589,426.2880000000001,2.835000000000001,92.7,6,2,5,0.6935311869600115,2.169578837986597,-8.254,-4.696,-3.576999999999999,-2.864,0.40373781371358064,-1.649,-1.927999999999999,True,False,0.10997732654213906,0.560734111070633,0.7925036430358887,0.8752327203750611,0.9038926005363465,0.8957015633583069,0.3958116739988327,0.9095194816589356,0.12251018173992634,0.051409033685922624,0.8410402655601501,0.9998551726341247,0.8502103328704834,0.23111439421772956,0.23816099762916565,-5.075973502504277,82.92103157671681,49.6252665325437,16.378998780359773,-4.947587721983268,4.71409647428719,False,False,False,not_evaluated_cross_domain_gate,False
A6PX-P207-0027,CC(=O)NCCN(C)C(=O)c1cc(S(=O)(=O)NC2CC2)ccc1Br,205_q92633_partial,partial,O95136__Q92633,Q92633,O95136,205_q92633_partial::ZINC001469216235,ZINC001469216235,0.40540540540540543,418.31300000000016,1.0979,95.58000000000001,7,2,4,0.6934349182485026,2.3020712655284807,-7.64,-4.826,-2.814,-2.713,0.17533016473689475,-1.649,-1.165,True,False,0.16608726233243942,0.7791438698768616,0.8608258008956909,0.024814617447555067,0.20428406149148942,0.02314205691218376,0.0875605322420597,0.43099462389945986,0.2846252113580704,0.10148830562829972,0.6146398246288299,0.9965093016624451,0.8184064269065857,0.03739304654300213,0.08958538398146629,-5.3114299910246885,63.318714833230544,21.133072340775477,3.595873620286021,-2.4166499334013603,-2.150051414685901,True,True,False,not_dual_endpoint_improved,False
A6PX-P207-0056,CC(=O)NC(C)=CNC(=O)c1cc(S(=O)(=O)NC2CC2)ccc1Br,205_q92633_partial,partial,O95136__Q92633,Q92633,O95136,205_q92633_partial::ZINC001469216235,ZINC001469216235,0.4166666666666667,416.2970000000001,1.617,104.37,6,3,4,0.6556464260853142,2.7837313616823263,-7.502,-4.818,-2.684,-2.617,0.27219968160647534,-1.649,-1.0350000000000001,False,False,0.2552540361881256,0.7575477004051209,0.8598747372627258,0.07784063778817654,0.31178188920021055,0.1353529140353203,0.04877844862639904,0.2467609241604805,0.4274838387966156,0.12224953174591065,0.8487156152725219,0.9954041600227356,0.6615178704261779,0.07276572668924927,0.06761256158351898,-5.344799180360973,38.73480967745469,19.545247102798847,6.125483710153661,-3.0782627554856683,-5.866411709960171,False,False,False,not_evaluated_cross_domain_gate,False
A6PX-P207-0044,O=C(NC[C@@H]1CCNC1)c1cc(S(=O)(=O)NC2CC2)ccc1Br,205_q92633_partial,partial,O95136__Q92633,Q92633,O95136,205_q92633_partial::ZINC001469216235,ZINC001469216235,0.40540540540540543,402.31400000000014,1.2291,87.3,6,3,4,0.6682172414121824,2.772251978508578,-7.653,-4.934,-2.657,-2.503,0.1172717641492042,-1.649,-1.008,True,False,0.2102603018283844,0.6906672835350036,0.9000930666923523,0.06891738623380661,0.28542913496494293,0.05219549164175987,0.3276687979698181,0.6272325724363327,0.24249724745750428,0.30130026340484617,0.5492053747177124,0.9986952424049378,0.7078425407409668,0.03246535286307335,0.25415986180305483,-5.717702597168514,24.750683337611928,-14.638681100167506,5.773681025897142,-2.771313698127501,2.1300578776900267,False,False,False,not_evaluated_cross_domain_gate,False
A6PX-P207-0107,Cn1cnc2c(C(=O)c3cc(S(=O)(=O)NC4CC4)ccc3Br)ccc(O)c21,205_q92633_partial,partial,O95136__Q92633,Q92633,O95136,205_q92633_partial::ZINC001469216235,ZINC001469216235,0.42105263157894735,450.31400000000014,2.7131000000000016,101.29,5,2,6,0.582571846013629,2.6833525730646315,-7.791,-5.197,-2.6449999999999996,-1.7270000000000003,0.5097563688229462,-1.649,-0.9959999999999996,True,False,0.17253484427928925,0.4222406208515167,0.8441041946411133,0.7183655858039856,0.7811073660850525,0.8247641682624817,0.3893793672323227,0.7884106755256652,0.17721122577786447,0.0856214128434658,0.9013747811317444,0.9997974157333374,0.7303152322769165,0.4404414027929306,0.46199770271778107,-5.341603356333272,71.4904746374173,50.257485755900966,22.509960352475055,-4.0692789919464705,-3.9305129895653317,False,False,False,not_evaluated_cross_domain_gate,False
A6PX-P207-0057,NCc1ccnc(NC(=O)c2cc(S(=O)(=O)NC3CC3)ccc2Br)c1,205_q92633_partial,partial,O95136__Q92633,Q92633,O95136,205_q92633_partial::ZINC001469216235,ZINC001469216235,0.4266666666666667,425.3080000000001,1.9958000000000002,114.17999999999999,6,3,5,0.6552182841550063,2.29740575122681,-7.984,-5.498,-2.5390000000000006,-2.481,0.20736012688610653,-1.649,-0.8900000000000006,True,False,0.17903974354267121,0.7519880533218384,0.9347833752632141,0.5459534287452698,0.6467941761016845,0.5915443003177643,0.3750027984380722,0.8594924569129944,0.3083326071500778,0.49225956201553345,0.9007396340370178,0.9995152354240417,0.7855228543281555,0.09884250536561012,0.3922251880168915,-5.660438417989487,56.47276279103737,-8.006643651684177,37.93016300574838,-3.316549610850358,3.5573617100372714,False,False,False,not_evaluated_cross_domain_gate,False
A6PX-P207-0001,O=C(c1cc(S(=O)(=O)NC2CC2)ccc1Br)N1CCCCC1,205_q92633_partial,partial,O95136__Q92633,Q92633,O95136,205_q92633_partial::ZINC001469216235,ZINC001469216235,0.6440677966101694,387.2990000000002,2.515900000000001,66.48,4,1,3,0.8635900868269286,2.0465299145638056,-7.545,-5.273,-2.298,-2.106,0.10338385861546412,-1.649,-0.649,True,False,0.09449773356318474,0.9401692152023315,0.8272668480873108,0.17347387224435806,0.8279552698135376,0.318299001455307,0.22717908322811126,0.7005236387252808,0.10380190685391426,0.2410888910293579,0.6167041599750519,0.9998934984207153,0.9687048196792603,0.0822185754776001,0.3044730186462402,-4.9451619021961415,55.87445086816579,15.226583574730313,-10.168804524041008,-3.96526354773563,-3.686098931076535,True,True,False,not_dual_endpoint_improved,False
A6PX-P207-0061,CC(C)OC(=O)CNC(=O)c1cc(S(=O)(=O)NC2CC2)ccc1Br,205_q92633_partial,partial,O95136__Q92633,Q92633,O95136,205_q92633_partial::ZINC001469216235,ZINC001469216235,0.40540540540540543,419.29700000000014,1.5712000000000002,101.57000000000001,7,2,5,0.6538116415094086,2.2224537174515557,-6.365,-4.43,-1.9350000000000005,-1.463,0.7406269116243492,-1.649,-0.2860000000000005,True,False,0.10601522997021676,0.7058459162712097,0.8540538549423218,0.2688312202692032,0.7549935460090638,0.4078276753425598,0.1048064187169075,0.542216694355011,0.2995084226131439,0.11937698125839233,0.8981332659721375,0.9983588695526123,0.8743974924087524,0.07385931238532066,0.07565575614571571,-5.114593892572852,113.37100288844219,60.641070625453345,-20.15393375755412,-3.135013647064923,-2.2825791754623856,False,False,False,not_evaluated_cross_domain_gate,False
A6PX-P207-0054,O=C(N[C@@H]1CC[C@@H](CO)C1)c1cc(S(=O)(=O)NC2CC2)ccc1Br,205_q92633_partial,partial,O95136__Q92633,Q92633,O95136,205_q92633_partial::ZINC001469216235,ZINC001469216235,0.4225352112676056,417.32500000000016,1.7806000000000002,95.5,6,3,4,0.6577848399572472,3.0180307650703906,-7.248,-5.577,-1.7369999999999992,-1.6710000000000003,0.16159689215933437,-1.649,-0.08799999999999919,False,False,0.11188315823674203,0.504107928276062,0.864315390586853,0.11544873714447021,0.26719871163368225,0.16146656274795532,0.12577001750469208,0.502057147026062,0.284248985350132,0.17437613606452942,0.6141766786575318,0.9978942513465882,0.6064874172210694,0.08779939487576485,0.21980852782726287,-5.3738069678919285,50.80878720294051,4.053658361087258,10.863345813875886,-3.2193155211189692,-0.28842402789175037,False,False,False,not_evaluated_cross_domain_gate,False
A6PX-P208-0149,CC(C)(c1nc(=N)nc(N)[nH]1)[N@@H+]1CCN2CCc3nc(Cn4ccc[nH+]4)cc(c32)C1,206_q92633_full,full,P21453__Q92633,Q92633,P21453,206_q92633_full::ZINC001164857824,ZINC001164857824,0.18947368421052632,406.4980000000002,0.7891999999999993,127.89999999999999,4,2,10,0.6459405913044752,3.3748239432927525,-6.898,-5.215,-1.673,-1.3570000000000002,0.16912585714655082,-1.2070000000000007,-0.4659999999999993,False,True,0.19240830093622208,0.8597342610359192,0.7882056951522827,0.0019569189607864246,0.05318307373672724,0.04212992638349533,0.07849564738571643,0.2776837557554245,0.08903091475367546,0.3545364856719971,0.44900115132331847,0.9838118195533753,0.6816361665725708,0.08006861209869384,0.4403153032064438,-5.606827161327261,10.653429770696482,40.88531376996731,-2.214114996521405,-2.3494151982486087,4.812746160822451,False,False,False,not_evaluated_cross_domain_gate,False
A6PX-P208-0133,Cc1cc(Cn2ncnc2C)cc2c1OCCN(C(C)(C)c1nc(N)nc(N)n1)C2,206_q92633_full,full,P21453__Q92633,Q92633,P21453,206_q92633_full::ZINC001164857824,ZINC001164857824,0.15306122448979592,409.49800000000016,1.422339999999999,133.89,4,2,10,0.6557849396739442,3.30448502174918,-6.55,-5.05,-1.5,-1.0830000000000002,0.2521229858620592,-1.2070000000000007,-0.29299999999999926,False,False,0.19499488696455955,0.8582555651664734,0.9347355842590332,0.00243691241776105,0.07429322600364685,0.07083693500608206,0.04976075477898121,0.4455439865589142,0.13232355564832687,0.3133313298225403,0.666275417804718,0.9945258021354675,0.8594233751296997,0.09146928191184997,0.6716185867786407,-5.6103177349439015,-1.8136168408839268,40.62448384900948,-17.297055989619214,-2.8922522246937374,3.1045977100838913,False,False,False,not_evaluated_cross_domain_gate,False
A6PX-P019-0181,CC[C@@H]1CC(C)(C)[C@]2(O)C(=O)O[C@H](c3cccc(F)c3)[C@@H]2C1=O,20_p08173_full,full,P08173__P08588,P08173,P08588,20_p08173_full::ZINC000011859032,ZINC000011859032,0.24675324675324675,320.36000000000007,2.796100000000001,63.60000000000001,2,1,4,0.8512050959707765,4.207243898084252,-11.225,-6.414,-4.823999999999999,-4.811,0.008653836657164682,-3.739,-1.084999999999999,True,True,0.5247032612562179,0.9840982675552368,0.9729936599731446,0.029812374617904425,0.701665711402893,0.26881211847066877,0.008848402230069042,0.4428214967250824,0.06665293350815774,0.05943998508155346,0.4228475451469421,0.9999981641769409,0.9908703446388245,0.20495911613106726,0.16220049262046815,-4.300772367218933,89.02967690168646,25.912436830896404,-24.008402028041754,-3.2630733502281593,4.589968278798511,True,True,False,not_dual_endpoint_improved,False
A6PX-P019-0236,C[C@]12CNCCCCN1C(c1ccncc1)=CC(=O)N2,20_p08173_full,full,P08173__P08588,P08173,P08588,20_p08173_full::ZINC000011859032,ZINC000011859032,0.10843373493975904,272.352,0.9539,57.260000000000005,1,2,4,0.7991287393833119,3.700135046682149,-9.953,-5.735,-4.2139999999999995,-4.1850000000000005,0.014704496666741272,-3.739,-0.47499999999999964,True,False,0.09211644157767296,0.6834319829940796,0.8356524109840393,0.014596493449062109,0.031834840402007104,0.01895689982920885,0.024109488911926748,0.13509913980960847,0.0252117364667356,0.37226344347000123,0.2652743458747864,0.9987046480178833,0.4319335281848907,0.005540589848533273,0.17756733298301697,-5.156922363557259,3.0952236199541994,-13.827952886138593,33.10179298377562,-0.7082206626434357,3.8992726297002434,True,True,False,not_dual_endpoint_improved,False
A6PX-P019-0282,CCNC(=O)[C@@]1(O)[C@@H](c2cccc(C)c2)OC(O)=C[C@@]1(O)C(F)(F)F,20_p08173_full,full,P08173__P08588,P08173,P08588,20_p08173_full::ZINC000011859032,ZINC000011859032,0.3026315789473684,361.316,1.1436199999999996,95.86,3,3,5,0.7020876972738169,3.9281468885048705,-10.047,-5.894,-4.153,-4.1160000000000005,0.033109246778236824,-3.739,-0.4139999999999997,True,False,0.5806007444858551,0.9283090472221375,0.9698750019073487,0.02285995427519083,0.4708007872104645,0.053904250357300044,0.012276581162586809,0.4108935445547104,0.4180949032306671,0.25969105064868925,0.6679448306560516,0.9997474551200867,0.9465366482734681,0.21075854524970056,0.27596119195222857,-4.6354545982774535,56.99033385439486,25.814100563280068,-22.229333803648224,-2.347743399552898,-1.1197493497784203,True,True,True,dual_endpoint_improved,True
A6PX-P019-0179,CCOC(=O)[C@H]1[C@@H](c2cccc(C)c2)OC(=O)C[C@@]1(O)C(F)(F)F,20_p08173_full,full,P08173__P08588,P08173,P08588,20_p08173_full::ZINC000011859032,ZINC000011859032,0.44776119402985076,346.301,2.455720000000001,72.83,3,1,5,0.851419881650689,3.699787263136428,-9.52,-5.583,-3.9369999999999994,-3.8890000000000002,0.18957730759654629,-3.739,-0.1979999999999995,True,False,0.4556787073612213,0.9823267936706543,0.966856062412262,0.08489286340773106,0.805607533454895,0.17850743606686592,0.011305012600496411,0.5737185716629029,0.33008435368537903,0.11219258904457093,0.4498237192630768,0.999980115890503,0.982090175151825,0.39874871969223025,0.3930617868900299,-4.395635567896631,66.02439920288666,40.81742795240839,-6.176561940801323,-3.415800068725312,5.253487983889636,True,True,False,not_dual_endpoint_improved,False
A6PX-P019-0155,Cc1cc([C@H]2C=C(O)N[C@]3(C)N2C(=O)[C@@H](C)CC3(C)C)ccn1,20_p08173_full,full,P08173__P08588,P08173,P08588,20_p08173_full::ZINC000011859032,ZINC000011859032,0.1566265060240964,315.4170000000001,2.561820000000001,62.300000000000004,1,1,3,0.8661249935412222,4.251687354018506,-10.504,-6.716,-3.8180000000000005,-3.759999999999999,0.044529640565458446,-3.739,-0.07900000000000063,True,True,0.19571202695369722,0.9276786327362061,0.8938989043235779,0.0003221308510546805,0.04401272311806679,0.011864927725400775,0.0025982184917666016,0.10342629179358483,0.04816806428134442,0.2463056728243828,0.15607424676418305,0.9995682597160339,0.915075957775116,0.027662230469286442,0.11000957526266575,-4.771228909246385,8.947168196284455,22.712721728786356,8.748140292700768,-2.2550376725272714,-1.3207594410656525,True,True,False,not_dual_endpoint_improved,False
A6PX-P019-0160,Cc1cccc(C2=C3[C@@H]4C=CN=C4C(C)(C)[C@]3(O)CC(=O)C2)c1,20_p08173_full,full,P08173__P08588,P08173,P08588,20_p08173_full::ZINC000011859032,ZINC000011859032,0.16666666666666666,307.39300000000003,3.466920000000002,49.66,1,1,3,0.8634357117713463,4.285652616047212,-10.245,-6.518,-3.7430000000000003,-3.7199999999999998,0.016779617264870775,-3.739,-0.004000000000000448,True,True,0.29182911217212676,0.9607092618942261,0.9466602683067322,0.06849977970123292,0.4258238196372986,0.17898090444505216,0.03400572172831744,0.615813410282135,0.07857897412031889,0.17413121461868286,0.3244889944791794,0.9999953985214234,0.9848709821701049,0.33807473331689836,0.1658959999680519,-4.468690350485131,65.88419229333945,25.432607235159303,-0.6736268041224165,-4.050210190071153,-7.447976186267342,True,True,True,dual_endpoint_improved,True
A6PX-P019-0016,CCOC(=O)[C@H]1[C@@H](c2ccncc2)NC(=O)N[C@@]1(O)C(F)(F)F,20_p08173_partial,partial,P08173__P08588,P08173,P08588,20_p08173_partial::ZINC000011859032,ZINC000011859032,0.6842105263157895,333.266,0.8656999999999999,100.55,3,3,5,0.7126857912983839,3.6254972795768197,-8.818,-4.875,-3.9559999999999995,-3.902,0.045321076774498543,-3.739,-0.21699999999999964,True,True,0.12118592411279679,0.8452806353569031,0.9579346060752869,0.019180007837712766,0.1969541482627392,0.10638492256402969,0.004403222887776792,0.06839588582515717,0.19391147941350936,0.43523491024971006,0.8078584790229797,0.9991493225097656,0.5517655983567238,0.008307830058038234,0.10856920070946216,-4.954186923505064,30.270794125278478,2.753555433151925,13.112190463884655,-1.1292604477825692,0.1526653924386343,True,True,False,not_dual_endpoint_improved,False
A6PX-P212-0246,CC(C)C(=O)N1CCN(c2ncc3n2C[C@](C)([C@@H]2CCC=C(F)C2)CC[C@H]3CC(=O)O)CC1,212_mrgx4_full,full,Q96LA9__Q96LB2,Q96LA9,Q96LB2,212_mrgx4_full::ZINC001493682829,ZINC001493682829,0.26262626262626265,460.5940000000004,4.199600000000003,78.67000000000002,5,1,5,0.7125486724105019,4.376786819343861,-8.485,-6.152,-2.1849999999999996,-1.8739999999999997,0.2850976440917509,-1.843,-0.34199999999999964,True,False,0.3135627806186676,0.8904095530509949,0.5028994143009186,0.0071097792126238344,0.2056151568889618,0.3477101683616638,0.27734718918800355,0.5104593992233276,0.09633617401123047,0.462621009349823,0.3809955433011055,0.9900308728218079,0.7600468277931214,0.2889519840478897,0.5446061313152313,-4.912599551828864,11.159693631720618,50.439526754243644,-20.094049416917304,-3.1202097044449784,-1.7744829135682998,True,True,False,not_dual_endpoint_improved,False
A6PX-P212-0251,CC(=O)Nc1ccc(-c2ncn([C@@H]3CCS(=O)(=O)C3)c2CC2([C@@H]3CC[C@H](O)C3)CC2)cc1,212_mrgx4_full,full,Q96LA9__Q96LB2,Q96LA9,Q96LB2,212_mrgx4_full::ZINC001493682829,ZINC001493682829,0.18269230769230768,457.59600000000034,3.3518000000000017,101.29,6,2,6,0.6927280316711866,3.942744807311577,-7.679,-5.741,-1.9889999999999999,-1.3600000000000003,0.32994646030328395,-1.843,-0.1459999999999999,True,False,0.3633630067110062,0.6525472640991211,0.5360459387302399,0.009167208382859827,0.02123985820217058,0.036418706132099035,0.05114343259483576,0.2183205306529999,0.10243702977895737,0.4285802632570267,0.461287522315979,0.9430031895637512,0.4173509657382965,0.21152414828538896,0.5493713438510894,-5.288582529487484,2.482451185234673,17.044207143248183,8.159409079248306,-2.7067113864573407,3.2887523308788476,True,True,False,not_dual_endpoint_improved,False
A6PX-P212-0083,C[C@H]1CCCN(C(C)(C)Cn2c(CNC(=O)c3cnccn3)nnc2[C@@H]2CCS(=O)(=O)C2)C1,212_mrgx4_partial,partial,Q96LA9__Q96LB2,Q96LA9,Q96LB2,212_mrgx4_partial::ZINC001493682829,ZINC001493682829,0.5609756097560976,475.6190000000004,1.4106999999999994,122.97,7,1,9,0.6376488522315555,3.8144794080124402,-8.431,-5.768,-2.610000000000001,-2.511,0.06299382685805173,-1.843,-0.7670000000000012,True,False,0.264166459441185,0.7658389449119568,0.6618937969207763,0.0003068054233153816,0.00533548133680597,0.005277799261966721,0.06420064698904752,0.486313134431839,0.1198333352804184,0.5872573554515839,0.2669810265302658,0.9491068482398987,0.7045417308807373,0.08658560141921043,0.3087075114250183,-5.749728893883335,5.354933554526832,-12.260233409479827,28.55072208293068,-2.152245506515359,3.3615271450779445,True,True,False,not_dual_endpoint_improved,False
A6PX-P212-0113,C[C@H]1CCCN(C(C)(C)Cn2c(-c3ccc(CS(N)(=O)=O)cc3)nnc2[C@@H]2CCS(=O)(=O)C2)C1,212_mrgx4_partial,partial,Q96LA9__Q96LB2,Q96LA9,Q96LB2,212_mrgx4_partial::ZINC001493682829,ZINC001493682829,0.55,509.6980000000004,2.1462000000000003,128.25000000000003,7,1,8,0.6054413697470404,3.7337941554227463,-8.035,-5.772,-2.567,-2.0329999999999995,0.25173001410241125,-1.843,-0.7240000000000002,True,True,0.13718476928770543,0.7943661928176879,0.5741943418979645,0.00186461613047868,0.010136499232612551,0.011477212072350085,0.13814664781093597,0.4182425230741501,0.1719333380460739,0.4398969054222107,0.34374929666519166,0.8853591442108154,0.7965998888015747,0.12019759938120841,0.4660590887069702,-5.832595138511114,4.950773570372793,1.7681371873358827,-29.24568145443696,-2.5806901421323842,-0.3998606180442149,False,False,False,not_evaluated_cross_domain_gate,False
A6PX-P212-0111,C[C@H]1CCCN(C(C)(C)Cn2c(-c3ccc(S(C)(=O)=O)cc3)nnc2[C@@H]2CCS(=O)(=O)C2)C1,212_mrgx4_partial,partial,Q96LA9__Q96LB2,Q96LA9,Q96LB2,212_mrgx4_partial::ZINC001493682829,ZINC001493682829,0.5714285714285714,494.6830000000004,2.7612000000000005,102.23,6,0,8,0.6083413712496996,3.6278344648662575,-8.813,-6.405,-2.3950000000000005,-2.073999999999999,0.40927768351355615,-1.843,-0.5520000000000005,True,False,0.11874371469020843,0.882343304157257,0.603259414434433,0.0016298161295708268,0.010641667712479829,0.010999763640575111,0.13736694902181626,0.322574083507061,0.14734535962343215,0.42472788095474245,0.35535467565059664,0.9410333752632141,0.9234166979789734,0.26311148703098297,0.5409489274024963,-5.306398676682915,-13.247717568901308,-13.834466804581751,29.55174464077636,-2.9223463694045515,-0.9109762352730868,True,True,False,not_dual_endpoint_improved,False
A6PX-P212-0073,C[C@H]1CCCN(C(C)(C)Cn2c(-c3ccc(S(N)(=O)=O)cc3)nnc2[C@@H]2CCS(=O)(=O)C2)C1,212_mrgx4_partial,partial,Q96LA9__Q96LB2,Q96LA9,Q96LB2,212_mrgx4_partial::ZINC001493682829,ZINC001493682829,0.5641025641025641,495.6710000000004,2.0050999999999997,128.25000000000003,6,1,8,0.6489426350862285,3.6448271952128337,-8.507,-6.209,-2.298,-1.8010000000000002,0.3467528738966059,-1.843,-0.45500000000000007,True,True,0.09572331216186285,0.7928123235702514,0.6008877575397491,0.0023636861878912896,0.010471779014915228,0.011453975923359394,0.15351590067148208,0.35320765376091,0.17934763580560684,0.417686915397644,0.4108142226934433,0.9076460480690003,0.8212877750396729,0.10250827744603157,0.3750217407941818,-5.785271939681751,3.5051534816447516,-4.476124665475934,-14.18772399144168,-2.3291947739237675,-1.1893034967512937,True,True,False,not_dual_endpoint_improved,False
A6PX-P212-0099,C[C@H]1CCCN(C(C)(C)Cn2c(-c3ccc(S(C)(O)O)cc3)nnc2[C@@H]2CCS(=O)(=O)C2)C1,212_mrgx4_partial,partial,Q96LA9__Q96LB2,Q96LA9,Q96LB2,212_mrgx4_partial::ZINC001493682829,ZINC001493682829,0.5844155844155844,496.6990000000004,4.097000000000003,108.55,6,2,8,0.6197253122848891,3.8856757159228934,-8.139,-5.811,-2.152,-2.0229999999999997,0.3176444553270216,-1.843,-0.30900000000000016,True,False,0.14936208948493004,0.6968348741531372,0.5996344447135925,0.002841907972469926,0.015548602817580104,0.022564855730161072,0.20533361807465553,0.46707903370261195,0.21885350197553635,0.5889619410037994,0.28032579869031904,0.8298673748970031,0.7250115752220154,0.24948098063468932,0.49315059185028076,-5.625391916510355,-19.996444590919605,-13.884438742850506,62.508238299770554,-2.6108440823137324,-2.4063039744065517,False,False,False,not_evaluated_cross_domain_gate,False
A6PX-P212-0027,C[C@H]1CCCN(C(C)(C)Cn2c(CCC3CCNCC3)nnc2[C@@H]2CCS(=O)(=O)C2)C1,212_mrgx4_partial,partial,Q96LA9__Q96LB2,Q96LA9,Q96LB2,212_mrgx4_partial::ZINC001493682829,ZINC001493682829,0.5657894736842105,451.6810000000004,2.6229000000000013,80.11999999999999,7,1,7,0.6864494012412441,3.8832450213261254,-7.888,-5.989,-2.1019999999999994,-1.133,0.46427027568959095,-1.843,-0.25899999999999945,True,False,0.16641067266464232,0.7746435523033142,0.5586874544620514,0.00011275866454525385,0.0029563161864643917,0.002995252682012506,0.14625625610351561,0.2480956394225359,0.05267458483576774,0.45902900993824003,0.04106300827115774,0.8705497741699219,0.6411282181739807,0.11200944930315018,0.5277810573577881,-5.918205243510901,-20.303431717285257,-28.524505809595233,40.08012408048524,-1.1624992431043377,1.9641214443214465,True,True,False,not_dual_endpoint_improved,False
A6PX-P212-0013,C[C@H]1CCCN(C(C)(C)Cn2c(-c3ccc(C(=O)O)cc3)nnc2[C@@H]2CCS(=O)(=O)C2)C1,212_mrgx4_partial,partial,Q96LA9__Q96LB2,Q96LA9,Q96LB2,212_mrgx4_partial::ZINC001493682829,ZINC001493682829,0.6133333333333333,460.60000000000036,3.055900000000001,105.39,6,1,7,0.7061565544468374,3.5577989507458927,-7.959,-6.175,-2.0340000000000007,-1.226,0.39631749337564637,-1.843,-0.19100000000000072,True,False,0.16937284916639328,0.6309384942054749,0.6660952806472779,0.0008204150479286909,0.005393580091185868,0.0071551264496520165,0.10797152072191238,0.048616567719727756,0.11376465782523155,0.521755701303482,0.4077263414859772,0.5738758832216263,0.27031188309192655,0.061055262386798856,0.18225013315677643,-5.5941500359920635,-0.7514199713986841,-14.576047990661484,10.27005127174599,-3.258587625608154,1.209217866142871,False,False,False,not_evaluated_cross_domain_gate,False
A6PX-P212-0143,C[C@H]1CCCN(C(C)(C)Cn2c(-c3ccc(N4CCC4=O)cc3)nnc2[C@@H]2CCS(=O)(=O)C2)C1,212_mrgx4_partial,partial,Q96LA9__Q96LB2,Q96LA9,Q96LB2,212_mrgx4_partial::ZINC001493682829,ZINC001493682829,0.55,485.6540000000004,3.094400000000001,88.39999999999999,6,0,7,0.5844892094991114,3.6897398489579336,-8.667,-6.462,-2.027000000000001,-1.8919999999999995,0.425257830289134,-1.843,-0.18400000000000105,True,False,0.06744179166853428,0.6911183655261993,0.34333364069461825,0.001558402445516549,0.0093073500553146,0.008896581479348242,0.13607648387551308,0.20731609165668488,0.148179292678833,0.2180975690484047,0.4199631869792938,0.7032690644264221,0.8318631887435913,0.28532679080963136,0.4975632309913635,-5.212966753988849,17.295934399155527,32.571728371513274,-22.486702514372944,-2.7039472951007752,1.2789825339532455,False,False,False,not_evaluated_cross_domain_gate,False
A6PX-P212-0124,CCNC(=O)c1ccc(-c2nnc([C@@H]3CCS(=O)(=O)C3)n2CC(C)(C)N2CCC[C@H](C)C2)c(O)c1,212_mrgx4_partial,partial,Q96LA9__Q96LB2,Q96LA9,Q96LB2,212_mrgx4_partial::ZINC001493682829,ZINC001493682829,0.5542168674698795,503.6690000000004,2.813000000000001,117.42000000000002,7,2,8,0.5965457695605688,3.7664212084995032,-8.292,-6.365,-1.8769999999999998,-1.5469999999999997,0.21667948680020432,-1.843,-0.03399999999999981,True,False,0.17726617380976678,0.6593039572238922,0.5716447591781616,0.0062889591907151045,0.02501597097143531,0.02566008772701025,0.19399136081337928,0.30051425099372864,0.14577133506536483,0.42729774713516233,0.2926556408405304,0.9106314301490783,0.6646056532859802,0.11837941780686378,0.40257672071456907,-5.778659623307485,8.244621642344441,16.50565651505836,-0.6153800969171087,-3.049829515843032,0.7254054912516619,False,False,False,not_evaluated_cross_domain_gate,False
A6PX-P214-0067,Cc1c(C(=O)N2CCN(C(O)=N[C@H]3CC[C@H](c4ccccc4)CC3)CC2)nnn1C,214_q96lb2_full,full,Q96LA9__Q96LB2,Q96LB2,Q96LA9,214_q96lb2_full::ZINC000429161070,ZINC000429161070,0.39436619718309857,410.5220000000002,2.3173200000000005,83.36000000000001,3,1,5,0.8417756269449376,2.441359721468066,-7.374,-5.583,-1.7909999999999995,-1.4300000000000006,0.402484230194868,-1.5660000000000007,-0.22499999999999876,False,False,0.19042593240737915,0.9443753004074097,0.8622649669647217,0.008669616875704379,0.28556555062532424,0.1918121375143528,0.016508936509490015,0.4575465276837349,0.14619772657752036,0.26796758621931077,0.6766681671142578,0.9988486170768738,0.9389055728912353,0.5516611635684967,0.4305556297302246,-4.968661719011721,19.54676869550324,38.94031321906594,-5.9160151377246475,-3.11198446347354,-0.5119635223292399,False,False,False,not_evaluated_cross_domain_gate,False
A6PX-P214-0068,Cn1ccc(C(=O)N2CCN(C(=O)N[C@H]3CC[C@@H](c4ccccc4F)CC3)CC2)n1,214_q96lb2_full,full,Q96LA9__Q96LB2,Q96LB2,Q96LA9,214_q96lb2_full::ZINC000429161070,ZINC000429161070,0.3466666666666667,413.49700000000024,2.753000000000001,70.47,3,1,4,0.8412558684728403,2.3820402223625194,-7.184,-5.59,-1.5940000000000003,-1.391,0.12856386221122418,-1.5660000000000007,-0.02799999999999958,True,True,0.2524829894304276,0.941031014919281,0.9054564595222473,0.0292309932410717,0.5302871882915496,0.32722339779138565,0.015445968881249428,0.6645375192165375,0.2724837601184845,0.4037864774465561,0.7362144231796265,0.9997682571411133,0.9606271028518677,0.5308244705200196,0.7217255234718323,-4.922316456461577,31.466355354876402,28.534111980948524,23.73074176010382,-3.1125521419925932,0.24297016161800844,True,True,True,dual_endpoint_improved,True
A6PX-P217-0110,CC(C)C(=O)C1=C[C@H]2CN(C(=O)c3cnn(C)c3-c3ccccc3)CC[C@H]2O1,216_q96ri8_full,full,O14804__Q96RI8,Q96RI8,O14804,216_q96ri8_full::ZINC001129003507,ZINC001129003507,0.24096385542168675,379.4600000000002,3.0570000000000013,64.43,4,0,5,0.8190222367522325,3.5916765068937826,-7.781,-5.68,-2.09,-1.9329999999999998,0.23585730149110662,-1.955000000000001,-0.1349999999999989,True,True,0.05780491232872009,0.949814772605896,0.8563472986221313,0.05772569719702005,0.49605701565742494,0.27583652436733247,0.010697019286453724,0.6836144328117371,0.06950710341334343,0.1169990822672844,0.6129354238510132,0.9999873876571655,0.99401935338974,0.8656476020812989,0.42689345479011537,-4.624502614637423,81.05798440684669,66.88434265114263,-6.324883191695596,-3.112657636426996,-3.5154280619974143,True,True,False,not_dual_endpoint_improved,False
A6PX-P022-0219,CC(=O)N1CC2(C[C@@H](c3ccc(-c4ccc(NC(=O)Cc5ccco5)cc4)c(F)c3)S(=O)(=O)C2)C1,21_p08173_full,full,P08173__P08912,P08173,P08912,21_p08173_full::ZINC000040379938,ZINC000040379938,0.2336448598130841,496.56000000000023,3.975000000000003,96.69,5,1,5,0.5765710719135456,3.8817373160880138,-7.512,-5.985,-1.5699999999999994,-1.2119999999999997,0.17116853293367523,-1.399,-0.17099999999999937,True,False,0.1859901301562786,0.7117161154747009,0.7941943645477295,0.019161229860037564,0.06542225815355777,0.04208100400865078,0.026774013973772527,0.7619041204452515,0.23296060264110566,0.17779816389083863,0.862342381477356,0.9911926627159119,0.6341833710670471,0.4361616879701614,0.5802398085594177,-5.062418957340922,42.83075983800748,45.03572711367944,66.96300636696117,-5.11572026673263,-3.1858803129256,True,True,True,dual_endpoint_improved,True
A6PX-P022-0172,CC(=O)NC[C@H]1CN(c2ccc(-c3ccc(CC4=NNC(N)N4)cc3)c(F)c2)C(=O)O1,21_p08173_partial,partial,P08173__P08912,P08173,P08912,21_p08173_partial::ZINC000040379938,ZINC000040379938,0.6172839506172839,426.4520000000001,1.2451000000000005,121.08,6,4,7,0.5516897282141703,3.676007433913539,-7.044,-5.562,-1.4819999999999993,-1.303,0.09112994385308623,-1.399,-0.0829999999999993,True,False,0.8995514154434204,0.3854541897773743,0.9558228492736817,0.02939501777291298,0.09905543383210898,0.0271709272172302,0.1665122851729393,0.8742262125015259,0.6505752623081207,0.860389506816864,0.8669700622558594,0.9447328686714173,0.44769116044044494,0.35513646602630616,0.5817390501499176,-5.851587503584216,-21.559216007157698,-11.959253124934571,-13.098605891799826,-3.142070918834206,2.5085925153011597,True,True,False,not_dual_endpoint_improved,False
A6PX-P219-0153,CCCC(=O)N1CC[C@]2(CCn3c2nc2c(c3=O)CN(C(=O)Cc3ccco3)CC2)C1,220_q96ri9_full,full,Q96RI9__Q96RJ0,Q96RI9,Q96RJ0,220_q96ri9_full::ZINC000306140500,ZINC000306140500,0.7638888888888888,424.50100000000026,1.6376,88.65,4,0,6,0.7445279003705061,3.9501190070660073,-9.045,-6.294,-2.761,-2.689,0.06458758050550838,-2.4959999999999996,-0.26500000000000057,True,False,0.10847670547664165,0.7005070328712464,0.5601254522800445,0.0028009616769850256,0.03139972584322095,0.03824262951966375,0.006638908223249018,0.2117607519030571,0.02083451352082193,0.09201498925685883,0.44610950350761414,0.9974339723587036,0.944127869606018,0.14958157688379287,0.33297005891799925,-4.9959269799590915,57.35840469872333,45.88479468629371,39.12190389391662,-1.736507424940628,0.8051282388275244,True,True,True,dual_endpoint_improved,True
A6PX-P219-0129,CCCC(=O)NC[C@]1(C)CCn2c1nc1c(c2=O)CN(C(=O)Cc2ccco2)CC1,220_q96ri9_full,full,Q96RI9__Q96RJ0,Q96RI9,Q96RJ0,220_q96ri9_full::ZINC000306140500,ZINC000306140500,0.6049382716049383,412.49000000000024,1.5413999999999999,97.44000000000001,6,1,6,0.7762660243128284,3.56672081406479,-8.337,-5.725,-2.7439999999999998,-1.4180000000000001,0.633983350640132,-2.4959999999999996,-0.24800000000000022,False,True,0.21661286875605584,0.5751522362232209,0.6120172917842865,0.002153272309806198,0.052076658606529234,0.05014419443905353,0.02127318363636732,0.33179418444633485,0.06615742817521095,0.0872038759291172,0.4073818981647491,0.9938009858131409,0.8555058836936951,0.14602643102407456,0.355185741186142,-5.198203066287164,41.05334926955497,54.47585610534022,61.15782954230135,-1.9145150086247475,1.3999305387382002,False,False,False,not_evaluated_cross_domain_gate,False
A6PX-P219-0001,CC(C)NC(=O)N1CC[C@]2(CCn3c2nc2c(c3=O)CN(c3ccco3)CC2)C1,220_q96ri9_partial,partial,Q96RI9__Q96RJ0,Q96RI9,Q96RJ0,220_q96ri9_partial::ZINC000306140500,ZINC000306140500,0.726027397260274,397.4790000000002,1.8641999999999999,83.61,2,1,6,0.8363972214668772,4.126815270959572,-9.186,-6.058,-3.162000000000001,-2.611999999999999,0.3174380079462588,-2.4959999999999996,-0.6660000000000013,True,False,0.12280888743698597,0.8466746568679809,0.6061497092247009,0.00441655331524089,0.021762063866481184,0.01671489658765495,0.006097861821763218,0.09260527566075324,0.02972330655902624,0.19034679979085922,0.4458432585000992,0.9978115558624268,0.8539178133010864,0.05115058869123459,0.4067997395992279,-4.842676425945024,36.92380006470497,22.963361916970275,71.82070674369089,-2.9664131986810336,-2.713162384610462,True,True,True,dual_endpoint_improved,False
A6PX-P219-0052,CC(C)NC(=O)N1CC[C@]2(CCn3c2nc2c(c3=O)CN(C(=O)c3ccccn3)CC2)C1,220_q96ri9_partial,partial,Q96RI9__Q96RJ0,Q96RI9,Q96RJ0,220_q96ri9_partial::ZINC000306140500,ZINC000306140500,0.6493506493506493,436.51600000000025,1.302,100.42999999999999,2,1,6,0.7649801445853206,3.8679271403631406,-9.602,-6.507,-3.120000000000001,-2.3259999999999996,0.38407059536265276,-2.4959999999999996,-0.6240000000000014,True,False,0.10300060473382473,0.7378346800804139,0.6433369576931,0.0010021109774243087,0.006062912300694734,0.010060316766612232,0.002275741216726601,0.09750284366309643,0.04231267385184765,0.3157113969326019,0.43463512063026427,0.9847135901451111,0.8708113551139831,0.05770889632403851,0.3510360151529312,-4.931414351643222,30.0994691289407,16.50376012838006,33.46901126954863,-2.5339591382703555,-2.980481199347922,False,False,False,not_evaluated_cross_domain_gate,False
A6PX-P219-0012,CC(C)NC(=O)N1CC[C@]2(CCn3c2nc2c(c3=O)CN(C3=CCCCC3)CC2)C1,220_q96ri9_partial,partial,Q96RI9__Q96RJ0,Q96RI9,Q96RJ0,220_q96ri9_partial::ZINC000306140500,ZINC000306140500,0.5897435897435898,411.55000000000035,2.5245000000000006,70.47,2,1,5,0.8119121518848406,4.208862464380128,-8.744,-6.022,-2.854,-2.3360000000000003,0.4605955082523296,-2.4959999999999996,-0.35800000000000054,True,False,0.19677464216947554,0.8914749622344971,0.4182992041110992,0.006366592971608043,0.045177884167060256,0.04333863435313105,0.03128657117486,0.35123162120580675,0.048433337546885016,0.36263777017593385,0.2909200519323349,0.9983664870262146,0.928431260585785,0.18416933864355087,0.41236344575881956,-4.717238883738014,20.484757279959382,28.32195573981651,38.61103026120787,-2.709240591054638,-5.898004388193106,False,False,False,not_evaluated_cross_domain_gate,False
A6PX-P219-0005,CC(C)NC(=O)N1CC[C@]2(CCn3c2nc2c(c3=O)CN(n3cccc3)CC2)C1,220_q96ri9_partial,partial,Q96RI9__Q96RJ0,Q96RI9,Q96RJ0,220_q96ri9_partial::ZINC000306140500,ZINC000306140500,0.6351351351351351,396.4950000000002,1.2043000000000006,75.4,2,1,6,0.8279108456099269,4.304493120820554,-9.098,-6.314,-2.789999999999999,-2.7840000000000007,0.13484394272227784,-2.4959999999999996,-0.2939999999999996,True,False,0.13121123760938644,0.7733424305915833,0.5654322981834412,0.00211488155182451,0.010156692145392299,0.013687069853767752,0.0038495845161378383,0.10611554756760597,0.039103204384446144,0.2776570349931717,0.37532826215028764,0.989914882183075,0.811531400680542,0.05840328186750412,0.3900648057460785,-4.73633636560164,19.562304182309646,8.675816702751286,42.185608522743344,-1.9508848123620435,-4.232735270250931,True,True,True,dual_endpoint_improved,True
A6PX-P219-0050,CC(C)NC(=O)N1CC[C@]2(CCn3c2nc2c(c3=O)CN(C(=O)c3cccnc3)CC2)C1,220_q96ri9_partial,partial,Q96RI9__Q96RJ0,Q96RI9,Q96RJ0,220_q96ri9_partial::ZINC000306140500,ZINC000306140500,0.6410256410256411,436.51600000000025,1.3019999999999992,100.42999999999999,2,1,6,0.7649801445853206,3.8546348326708335,-9.163,-6.569,-2.6370000000000005,-2.472999999999999,0.1037047089898369,-2.4959999999999996,-0.1410000000000009,True,False,0.054800070263445376,0.6763788938522339,0.6374366581439972,0.0010856739143491722,0.0056078373279888185,0.013916132145095617,0.002395016711670905,0.20118822976946832,0.030262102745473383,0.3080574721097946,0.4367695480585098,0.9897804021835327,0.8392084002494812,0.039034397527575496,0.310170391201973,-4.907226996751535,23.846313860502434,10.159080371057742,32.56701173899238,-2.213251183619096,-4.007200604735063,True,True,True,dual_endpoint_improved,False
A6PX-P219-0072,Cc1ncccc1C(=O)N1CCc2nc3n(c(=O)c2C1)CC[C@]31CCN(C(=O)NC(C)C)C1,220_q96ri9_partial,partial,Q96RI9__Q96RJ0,Q96RI9,Q96RJ0,220_q96ri9_partial::ZINC000306140500,ZINC000306140500,0.6329113924050633,450.5430000000003,1.6104199999999995,100.42999999999999,2,1,6,0.7493376223880424,3.9178566165172333,-9.171,-6.658,-2.5140000000000002,-2.512999999999999,0.2901497697550161,-2.4959999999999996,-0.018000000000000682,True,False,0.082296734303236,0.724699068069458,0.7236535668373107,0.0006844703559181653,0.005318396486109123,0.007898407737957313,0.002452498837374151,0.2340940073132515,0.0543935090303421,0.2755534529685974,0.4273102730512619,0.9924962282180786,0.91836576461792,0.10391868874430657,0.37167796194553376,-4.945501014918023,14.68259702253855,21.545777952160797,30.516990765006028,-2.1873296453652813,-5.300033490993055,True,True,True,dual_endpoint_improved,False
A6PX-P219-0046,COC(=O)N1CCc2nc3n(c(=O)c2C1)CC[C@]31CCN(C(=O)NC(C)C)C1,220_q96ri9_partial,partial,Q96RI9__Q96RJ0,Q96RI9,Q96RJ0,220_q96ri9_partial::ZINC000306140500,ZINC000306140500,0.6619718309859155,389.45600000000024,0.8330000000000006,96.77,1,1,6,0.7675215741845655,3.9197367634244573,-8.51,-5.989,-2.5009999999999994,-2.4979999999999993,0.01630950643030029,-2.4959999999999996,-0.004999999999999893,True,True,0.17907070964574814,0.8715723276138305,0.6509067058563233,0.0015787129668751732,0.006184503249824047,0.00471710066194646,0.0015119433868676425,0.034767675399780276,0.01658770125359297,0.16083490699529648,0.4384755477309227,0.9959785461425781,0.8972767949104309,0.03603102369233966,0.22684913128614426,-4.555503120761574,21.540234160147612,18.465262303968267,17.128030055952422,-1.493056642524091,-2.0215601750867127,True,True,True,dual_endpoint_improved,True
A6PX-P222-0254,O=C1N(c2ncnc3c2CN(Cc2ccccc2)CC3)CC2=CC=C[C@H](c3ccc(F)cc3)N12,222_q99500_full,full,O95136__Q99500,Q99500,O95136,222_q99500_full::ZINC001164778915,ZINC001164778915,0.37777777777777777,453.5210000000002,4.611000000000003,52.57000000000001,4,0,4,0.5789912357290494,3.473825394111606,-7.897,-4.983,-2.8710000000000004,-2.2040000000000006,0.4634381176477485,-2.8260000000000005,-0.04499999999999993,True,True,0.2617050141096115,0.9709326982498169,0.8401388883590698,0.08545938767492771,0.6460062652826309,0.5490825869143009,0.22267640382051468,0.748213529586792,0.2750724971294403,0.5945295512676239,0.782324242591858,0.9995370030403137,0.9670713186264038,0.9267670631408691,0.8820678234100342,-4.966652886123356,77.41806066550275,93.6211289537406,28.451965366277545,-5.281179348906139,-3.96626351302107,True,False,False,seed_baseline_missing_or_failed,False
A6PX-P225-0019,Cc1cccc(NC(=O)Cn2c(=O)c(-c3noc(C)n3)c3n(c2=O)CCCCC3)c1,225_q99677_partial,partial,Q99677__Q99678,Q99677,Q99678,225_q99677_partial::ZINC000169764024,ZINC000169764024,0.859375,409.4460000000003,2.04194,112.02000000000001,4,1,8,0.7057331512516903,2.5644523132811763,-11.167,-5.527,-5.32,-3.531999999999999,0.9292898124673251,-5.215,-0.10500000000000043,False,False,0.2483179897069931,0.8408215045928955,0.9157086372375488,0.0639599073678255,0.3379556447267532,0.4875742673873901,0.019504605419933797,0.7437841057777405,0.3324704930186272,0.4526403069496155,0.9623887419700623,0.9990755558013916,0.9606781125068664,0.6461710929870605,0.6291438460350036,-4.788168452589976,29.961607105211357,47.461737104713926,43.9100758793608,-4.860602456785977,5.275467314294504,False,False,False,not_evaluated_cross_domain_gate,False
A6PX-P229-0086,CCc1ncc2cc(C3=CCN(C(=O)Cc4cc5sccc5[nH]4)CC3)[nH]n12,229_q9bxc0_full,full,Q8TDS4__Q9BXC0,Q9BXC0,Q8TDS4,229_q9bxc0_full::ZINC000020738133,ZINC000020738133,0.16326530612244897,379.48900000000003,2.0214,69.19,2,2,4,0.5594813513018488,3.841454686278139,-7.485,-5.873,-1.6269999999999998,-1.5060000000000002,0.07492366485667619,-1.4369999999999994,-0.1900000000000004,True,True,0.14142645187675953,0.6398175716400146,0.4242234110832214,0.30425838828086854,0.6094802021980286,0.45019686222076416,0.3038665622472763,0.5403567492961884,0.039032474346458915,0.3011285364627838,0.7056119322776795,0.9960296988487244,0.6704720854759216,0.25293914079666135,0.5898535430431366,-5.664813042385967,39.30824177448142,21.632817322876633,-29.406713831412155,-2.7978165807851467,-1.042735353475554,True,True,False,not_dual_endpoint_improved,False
A6PX-P229-0083,CC(C)c1[nH+]nc2ccc(N3CCN(CCc4cc5[nH]cccc-5n4)CC3)nn12,229_q9bxc0_full,full,Q8TDS4__Q9BXC0,Q9BXC0,Q8TDS4,229_q9bxc0_full::ZINC000020738133,ZINC000020738133,0.46153846153846156,390.49500000000006,2.4887000000000006,78.24000000000001,5,1,7,0.564090833600994,2.715120668127561,-7.293,-5.696,-1.5970000000000004,-1.5259999999999998,0.14043820309619764,-1.4369999999999994,-0.16000000000000103,True,True,0.366254860162735,0.8259436011314392,0.693353283405304,0.19245908707380294,0.1976393386721611,0.18221620321273804,0.18206271678209304,0.4286615788936615,0.193914732336998,0.5990949749946595,0.7350413560867309,0.9932543992996216,0.7390149235725403,0.3487412750720978,0.8567498803138733,-5.516451871514418,52.83390038544837,46.482013010641126,1.0181458726163046,-2.5876065845720424,8.816857301549087,True,True,False,not_dual_endpoint_improved,False
A6PX-P023-0077,O=C(Nc1ccc(=O)n2c1[C@@H]1C[C@@H](CN(C(=O)NC3CCCCC3)C1)C2)c1ccccc1O,22_p08173_partial,partial,P08173__P11229,P08173,P11229,22_p08173_partial::ZINC000005441379,ZINC000005441379,0.696969696969697,450.5390000000003,3.267600000000002,103.67,3,3,5,0.6676790548489975,3.9920007953100605,-9.379,-7.328,-2.079999999999999,-1.761000000000001,0.15686583085200104,-1.689,-0.3909999999999991,True,True,0.10968939140439034,0.8498990178108216,0.6599496722221374,0.056114170141518115,0.3836925864219666,0.35597687810659406,0.09289966374635697,0.6723775148391724,0.08682437501847744,0.37022583484649657,0.603078281879425,0.9982596158981323,0.7590266227722168,0.27625441998243333,0.6717990875244141,-5.357854559442764,37.63895189046859,33.07283771326566,1.562936138650852,-5.049076971127185,-1.1844476918614686,True,True,True,dual_endpoint_improved,True
A6PX-P232-0206,O=C1CCC[C@]2(CCCN(C(=O)c3ccccc3O)CC2)N1,232_q9h228_full,full,O95136__Q9H228,Q9H228,O95136,232_q9h228_full::ZINC000769652945,ZINC000769652945,0.2923076923076923,302.37399999999997,2.0572,69.64,1,2,3,0.833996087858664,3.2917229056188804,-9.077,-5.893,-3.2090000000000005,-3.1050000000000004,0.06035634920113112,-1.827,-1.3820000000000006,True,False,0.0754083625972271,0.8160946607589722,0.5596278965473175,0.009050780592951923,0.021586382295936346,0.00719353505410254,0.018671343615278602,0.008347811934072524,0.023081030696630478,0.10754686743021011,0.07135452441871167,0.9852007985115051,0.6659493982791901,0.010250082309357821,0.18044708520174027,-4.9669852951409315,68.95612668655966,-12.57513373453229,-4.968580668262769,-2.6580006038217645,-2.635976482835468,True,True,False,not_dual_endpoint_improved,False
A6PX-P232-0216,O=C(c1ccccc1O)N1CCC[C@@]23C[C@H](O)[C@@H]1C2=CC=C=C3O,232_q9h228_full,full,O95136__Q9H228,Q9H228,O95136,232_q9h228_full::ZINC000769652945,ZINC000769652945,0.19480519480519481,325.36400000000003,1.8131,77.84,1,2,4,0.8254080445960813,4.6121477872052825,-9.424,-6.264,-3.1599999999999993,-2.9669999999999996,0.09550683512479932,-1.827,-1.3329999999999993,True,True,0.19940844625234605,0.7107941389083863,0.7934875845909118,0.016380120255053043,0.11167964935302735,0.01928913933224976,0.005096859205514193,0.1487796723842621,0.04233960593119264,0.09415323361754417,0.2327262729406357,0.9998559355735779,0.8010436773300171,0.06369715314358473,0.07076182458549737,-4.679373588672114,70.72563597011363,13.432632321382382,-21.137524178265604,-3.4207180049260457,-2.654549166213697,True,True,False,not_dual_endpoint_improved,False
A6PX-P232-0237,Cc1cc(C(=O)N2CCO[C@]3(CCCCC3=O)CC2)c(C)cn1,232_q9h228_full,full,O95136__Q9H228,Q9H228,O95136,232_q9h228_full::ZINC000769652945,ZINC000769652945,0.3382352941176471,316.40100000000007,2.4428400000000003,59.50000000000001,1,0,4,0.7982797853743256,3.5639721870019008,-8.723,-5.624,-3.099000000000001,-2.7760000000000007,0.17359403471573784,-1.827,-1.2720000000000011,True,False,0.30113122463226316,0.9868218779563904,0.9707958579063416,0.021893679653294383,0.1831062026321888,0.040794383455067876,0.0023970008594915273,0.19135867916047572,0.016726744174957276,0.18457159250974656,0.3328160732984543,0.9999918937683105,0.9957199931144715,0.09409689195454121,0.07584316246211528,-4.27118922171601,90.12720271492918,39.846022607733154,1.4262527239375633,-1.6597137542786355,0.9782967987164227,False,False,False,not_evaluated_cross_domain_gate,False
A6PX-P232-0166,Cc1[nH]ccc1C(=O)N1CCC[C@]2(CCCCO2)CC1,232_q9h228_full,full,O95136__Q9H228,Q9H228,O95136,232_q9h228_full::ZINC000769652945,ZINC000769652945,0.39344262295081966,276.38,2.8885200000000015,45.33,1,1,2,0.8569335544089894,3.6466325473097303,-8.16,-5.349,-2.6530000000000005,-2.651,0.07495776588630863,-1.827,-0.8260000000000005,True,True,0.19113177359104155,0.9299285292625428,0.9138351798057556,0.11335506998002529,0.16360046491026878,0.029640596732497214,0.021622702619060873,0.30100750625133516,0.019181769154965878,0.1810856819152832,0.13533926084637643,0.9999495148658752,0.9535806179046631,0.05940824449062347,0.33842476457357407,-4.44301358506214,64.26707952360846,15.535527104529757,-8.90369039826443,-1.9746642643522936,-1.6073734528510688,True,True,False,not_dual_endpoint_improved,False
A6PX-P232-0118,CCC[C@@]1(O)CCCN(C(=O)c2ccccc2O)CC1,232_q9h228_full,full,O95136__Q9H228,Q9H228,O95136,232_q9h228_full::ZINC000769652945,ZINC000769652945,0.296875,277.364,2.549500000000001,60.769999999999996,3,2,3,0.892275207649274,2.588106778398709,-7.682,-5.24,-2.442,-2.4369999999999994,0.06155214591439234,-1.827,-0.6150000000000002,True,True,0.08303211964666843,0.8638020634651185,0.6737964630126954,0.1060540523380041,0.134622223675251,0.03668724000453949,0.06773394942283631,0.0810964360833168,0.035036812722682956,0.2159702494740486,0.04372951053082943,0.9993858695030212,0.8742600917816162,0.040768242254853246,0.412375807762146,-4.416218413884726,103.26363165555593,20.390580128048413,6.993719255293468,-2.1990095227161586,-3.8145262300810723,True,True,False,not_dual_endpoint_improved,False
A6PX-P232-0168,O=C(c1ccccc1O)N1CCC[C@]2(CCCO2)CC1,232_q9h228_full,full,O95136__Q9H228,Q9H228,O95136,232_q9h228_full::ZINC000769652945,ZINC000769652945,0.4727272727272727,275.34799999999996,2.567500000000001,49.769999999999996,1,1,3,0.8566578495921127,3.150326711765964,-8.129,-5.741,-2.388,-2.3209999999999997,0.035349053106915974,-1.827,-0.5609999999999999,True,True,0.21570406556129457,0.8867009997367858,0.7236228704452514,0.19018646590411664,0.12752043530344964,0.04019609303213656,0.02500234292820096,0.07517412640154361,0.024320567212998866,0.14293903410434722,0.06092970948666334,0.9993631362915039,0.9401897311210632,0.035055869817733766,0.3641892194747925,-4.469535307387102,124.372415500383,30.546614588006967,14.83780085159234,-2.6892194305855996,-4.896794653759992,True,True,False,not_dual_endpoint_improved,False
A6PX-P232-0235,Cc1ccc(C)c(C(=O)N2CCOC3(CCOCC3)CC2)c1,232_q9h228_full,full,O95136__Q9H228,Q9H228,O95136,232_q9h228_full::ZINC000769652945,ZINC000769652945,0.5555555555555556,303.40200000000004,2.7151400000000008,38.77,1,0,3,0.8005142495290044,2.835833021512709,-8.21,-5.832,-2.336000000000001,-2.2190000000000003,0.08749222187651266,-1.827,-0.5090000000000012,True,False,0.4552696466445923,0.9904127240180969,0.9646694540977478,0.07974630557000636,0.41751756370067594,0.06705663129687309,0.006216781924013049,0.15579477250576018,0.07118870429694653,0.16035584807395936,0.32846860885620116,0.9998125433921814,0.992747139930725,0.14508213549852372,0.474787238240242,-4.310541489223113,81.05911244001098,41.71566902288107,27.67372184836514,-1.893100470974029,-0.542656218941999,False,False,False,not_evaluated_cross_domain_gate,False
A6PX-P232-0225,O=C(c1ccccc1O)N1CCC[C@@]2(CC1)C[C@H](O)O2,232_q9h228_full,full,O95136__Q9H228,Q9H228,O95136,232_q9h228_full::ZINC000769652945,ZINC000769652945,0.36065573770491804,277.32,1.4958,70,1,2,4,0.8157907211935517,3.49820433987868,-8.101,-5.937,-2.1689999999999996,-2.157,0.08217055433669693,-1.827,-0.34199999999999964,True,False,0.3529223144054413,0.8059006452560424,0.7744266629219055,0.02480192305520177,0.03962601274251938,0.01157294578733854,0.004664742044406011,0.013131945877103136,0.014177982043474913,0.12307364121079445,0.09680127389729024,0.9995472669601441,0.8117616534233093,0.04169234447181225,0.16129289735108615,-4.734088997352386,79.94617464986482,-5.979954723251188,25.344914949546897,-1.6434561188187786,-5.192426122793475,True,True,False,not_dual_endpoint_improved,False
A6PX-P232-0136,Cc1ncccc1C(=O)N1CCC[C@]2(CC1)CC[C@@H](O)CC2,232_q9h228_full,full,O95136__Q9H228,Q9H228,O95136,232_q9h228_full::ZINC000769652945,ZINC000769652945,0.38095238095238093,302.418,2.9374200000000017,53.43000000000001,1,1,3,0.8675279561336622,2.865654999534687,-7.926,-5.898,-2.0310000000000006,-2.0040000000000004,0.012970050972229072,-1.827,-0.20400000000000063,True,True,0.10745966508984565,0.8048030138015747,0.9010133385658264,0.026736742514185608,0.020099130086600782,0.010859139426611365,0.02940249815583229,0.13261704444885253,0.011732852831482888,0.37752810716629026,0.03910293839871883,0.9997785210609436,0.9351205110549927,0.1153493843972683,0.34365889206528666,-4.423094188828787,44.00841153911194,3.1251725350376702,3.6959102690432104,-1.2658963843087274,0.8321409787389452,True,True,False,not_dual_endpoint_improved,False
A6PX-P232-0211,O=C(c1ccccc1O)N1CCC[C@@]2(CC=CC(O)=N2)CC1,232_q9h228_full,full,O95136__Q9H228,Q9H228,O95136,232_q9h228_full::ZINC000769652945,ZINC000769652945,0.27941176470588236,300.35800000000006,1.8332000000000002,69.64,1,2,3,0.8311236327787593,3.623650378146353,-8.579,-6.621,-2.0090000000000003,-1.3650000000000002,0.35184213631810646,-1.827,-0.18200000000000038,True,True,0.1338875789195299,0.7599743366241455,0.642493748664856,0.013358804350718855,0.044414079561829564,0.012250007269904018,0.01670259553939104,0.037132895458489655,0.052419403195381166,0.11621720343828201,0.16468012630939483,0.9935533761978149,0.6192036390304565,0.01920072960201651,0.1465164229273796,-4.951559997885491,77.58569891840605,-4.995466062316922,-15.094156740234206,-2.6806058857472634,-2.980472958748031,False,False,False,not_evaluated_cross_domain_gate,False
A6PX-P232-0113,Cc1ncoc1C(O)N1CCCC2(CCCCC2)CC1,232_q9h228_full,full,O95136__Q9H228,Q9H228,O95136,232_q9h228_full::ZINC000769652945,ZINC000769652945,0.17391304347826086,278.39599999999996,3.4103200000000022,49.50000000000001,2,1,4,0.9003507375950713,3.9645283032779,-7.917,-5.913,-2.0039999999999996,-1.9649999999999999,0.10096534058774863,-1.827,-0.1769999999999996,True,True,0.02984573468565941,0.9486561298370362,0.8612508296966552,0.03241257956251502,0.08020672239363194,0.010752715566195548,0.3496644780039787,0.06090190075337887,0.01934893699362874,0.41478489339351654,0.04179279301315546,0.9995890855789185,0.881563913822174,0.350173282623291,0.47882419228553774,-4.723148706541671,32.00094939617762,20.51805719459937,-2.2364284641259173,-2.112092002678625,6.804642852818931,False,False,False,not_evaluated_cross_domain_gate,False
A6PX-P232-0132,Cc1[nH]ccc1C(O)N1CCC[C@]2(C=COCC2)CC1,232_q9h228_full,full,O95136__Q9H228,Q9H228,O95136,232_q9h228_full::ZINC000769652945,ZINC000769652945,0.14285714285714285,276.38,2.720320000000001,48.489999999999995,2,2,3,0.8729048492154804,4.912975351625555,-7.709,-5.767,-1.9869999999999992,-1.2910000000000004,0.3562920150662932,-1.827,-0.15999999999999925,True,False,0.050482329353690146,0.5122353315353394,0.7609049439430237,0.006372738163918257,0.04876405224204063,0.006486935762222856,0.2182846635580063,0.02595630642026663,0.014369985717348755,0.23428258746862413,0.01048141224309802,0.9990769863128662,0.4997890889644623,0.07697809264063835,0.2838272124528885,-4.95932209435197,33.01349804666484,-8.522403557569849,7.632968238357331,-1.9367051739753969,6.637726310548549,True,True,False,not_dual_endpoint_improved,False
A6PX-P232-0218,O=C(c1ccccc1O)N1CCC[C@]2(CC=CN2)CC1,232_q9h228_full,full,O95136__Q9H228,Q9H228,O95136,232_q9h228_full::ZINC000769652945,ZINC000769652945,0.2923076923076923,272.348,2.2641,52.57,1,2,3,0.8242660866936983,3.7086680910763086,-7.711,-5.832,-1.8949999999999996,-1.8689999999999998,0.014197026292697987,-1.827,-0.06799999999999962,True,True,0.1223520377650857,0.7837541937828064,0.6227332651615143,0.03805955657735467,0.06441772431135177,0.008720905426889658,0.03565454948693514,0.0422804337926209,0.0358049058355391,0.11880815625190735,0.047285543940961364,0.9975874662399292,0.7736057281494141,0.011260054458398372,0.27690745890140533,-4.764270236745084,93.10389411281074,5.834969427289613,-2.0511666391387515,-2.7557391628944012,-3.930317891228057,True,True,False,not_dual_endpoint_improved,False
A6PX-P232-0019,Cc1c(O)cccc1C(=O)N1CCOC2(CCOCC2)CC1,232_q9h228_partial,partial,O95136__Q9H228,Q9H228,O95136,232_q9h228_partial::ZINC000769652945,ZINC000769652945,0.6346153846153846,305.374,2.11232,59,1,1,4,0.8631360682612848,2.9351956588753456,-8.87,-5.305,-3.562000000000001,-3.5599999999999996,0.04054901012629307,-1.827,-1.7350000000000012,True,False,0.3249237984418869,0.9179753422737121,0.8636550784111023,0.11503323763608933,0.19890041947364806,0.09864935651421547,0.009200808173045517,0.05545652024447918,0.049430564790964124,0.10049272999167443,0.18954034000635148,0.9989341020584106,0.9522493720054627,0.041961466707289216,0.34322633147239684,-4.676452988967702,95.33374450364951,28.73056325750266,10.772583499131304,-2.19508851670694,-3.78532555770352,False,False,False,not_evaluated_cross_domain_gate,False
A6PX-P232-0081,O=C(c1ccccc1)N1CCOC2(CCOCC2)CC1,232_q9h228_partial,partial,O95136__Q9H228,Q9H228,O95136,232_q9h228_partial::ZINC000769652945,ZINC000769652945,0.5918367346938775,275.34799999999996,2.0983,38.77,1,0,3,0.7875882888112595,2.6626611088140546,-8.664,-5.233,-3.431,-2.8810000000000002,0.28812188778748155,-1.827,-1.604,True,False,0.41437889635562897,0.9899937033653259,0.951145339012146,0.06820565797388553,0.1974857434630394,0.03805393958464265,0.003558091452578083,0.0076316488208249215,0.062401264905929565,0.12558387219905853,0.2903390243649483,0.9988522529602051,0.9765610814094543,0.036487634479999545,0.28192298822104933,-4.258617419187774,79.624821613193,16.103630788643446,22.06337072905547,-1.2855641620075873,-3.0778508071661306,False,False,False,not_evaluated_cross_domain_gate,False
A6PX-P232-0075,Cc1ncccc1C(=O)N1CCOC2(CCOCC2)CC1,232_q9h228_partial,partial,O95136__Q9H228,Q9H228,O95136,232_q9h228_partial::ZINC000769652945,ZINC000769652945,0.7551020408163265,290.363,1.80172,51.66000000000001,1,0,4,0.7912040220744001,2.9685015463326128,-8.349,-5.178,-3.144,-2.947,0.12956937223828102,-1.827,-1.3170000000000002,True,False,0.40904655754566194,0.9861790299415588,0.9710076212882995,0.024989984976127744,0.09267691317945718,0.016289655584841967,0.001519319019280374,0.01642331089824438,0.028603826090693472,0.1784367859363556,0.2523956701159477,0.9998823761940002,0.9869542717933655,0.021800162503495812,0.18185543306171895,-4.281246343726603,64.05444701920737,20.566088307885185,23.12468618513594,-0.36509179128904856,1.820115655192631,True,True,True,dual_endpoint_improved,True
A6PX-P232-0076,Cc1cccnc1C(=O)N1CCOC2(CCOCC2)CC1,232_q9h228_partial,partial,O95136__Q9H228,Q9H228,O95136,232_q9h228_partial::ZINC000769652945,ZINC000769652945,0.6538461538461539,290.363,1.80172,51.66000000000001,1,0,4,0.7912040220744001,3.003530045702097,-8.686,-5.572,-3.1079999999999997,-1.9250000000000007,0.5643869830769188,-1.827,-1.2809999999999997,True,True,0.47553918361663816,0.9863488435745239,0.9715089201927185,0.0881795896217227,0.17128076180815696,0.046377529948949815,0.0019966940773883833,0.029959026258438826,0.032151976227760316,0.22974661588668824,0.3010978430509567,0.9999284029006958,0.9912761211395263,0.030213122256100178,0.25879704430699346,-4.281268808699322,85.48299044434673,32.0793807870374,22.14678660088723,-0.6726493760024186,2.483590650895949,False,False,False,not_evaluated_cross_domain_gate,False
A6PX-P232-0033,O=C(c1cccc(O)c1)N1CCOC2(CCOCC2)CC1,232_q9h228_partial,partial,O95136__Q9H228,Q9H228,O95136,232_q9h228_partial::ZINC000769652945,ZINC000769652945,0.5370370370370371,291.347,1.8039,59,1,1,4,0.8569727501621128,2.854994862852159,-8.471,-5.428,-3.0300000000000002,-2.9699999999999998,0.07083784299369943,-1.827,-1.2030000000000003,True,True,0.3086509570479393,0.9137710928916931,0.819623863697052,0.09611790738999844,0.1673090025782585,0.06800234019756317,0.011720335227437317,0.019440878322347997,0.04063559733331203,0.08458121046423912,0.16253123730421065,0.9983790874481201,0.9083928227424621,0.03664027582854033,0.2459033966064453,-4.74976121973946,99.48670240851602,17.671026251086676,9.161693381437761,-1.8467944981919004,-3.3775887286871495,False,False,False,not_evaluated_cross_domain_gate,False
A6PX-P232-0099,O=C(C1CCCC1)N1CCOC2(CCOCC2)CC1,232_q9h228_partial,partial,O95136__Q9H228,Q9H228,O95136,232_q9h228_partial::ZINC000769652945,ZINC000769652945,0.4339622641509434,267.36899999999997,1.9747000000000003,38.77,1,0,3,0.7289231284636762,2.9250064100482707,-7.802,-4.869,-2.9589999999999996,-2.8840000000000003,0.04623851208678742,-1.827,-1.1319999999999997,True,True,0.2715288639068604,0.9929606318473816,0.9227142572402954,0.02348575685173273,0.28050577044487,0.03664560578763485,0.005865554371848702,0.036960971914231776,0.02229959601536393,0.07106026187539101,0.13538873344659805,0.9996101498603821,0.9802414298057556,0.028793265391141177,0.23836897760629655,-4.211168662429857,52.63483574659092,26.68401467853861,26.409384617939043,-0.9754143619234241,3.5719898620850024,True,True,True,dual_endpoint_improved,True
A6PX-P232-0086,O=C(c1ccncc1)N1CCOC2(CCOCC2)CC1,232_q9h228_partial,partial,O95136__Q9H228,Q9H228,O95136,232_q9h228_partial::ZINC000769652945,ZINC000769652945,0.6122448979591837,276.336,1.4933,51.66000000000001,1,0,4,0.7796340514362502,2.8995124777840697,-7.869,-4.972,-2.8919999999999995,-2.862,0.050532717674349886,-1.827,-1.0649999999999995,True,True,0.20221516191959382,0.9703159809112549,0.9432417869567871,0.07544431798160076,0.24946791678667068,0.11084640398621559,0.004670347413048148,0.06797354966402054,0.014308965974487364,0.33033220916986467,0.328209125995636,0.9998532891273498,0.9564123272895813,0.011588782863691449,0.18886983431875706,-4.31037844926089,68.04020220847494,8.445582946347038,27.90704663121848,-0.23730260009626428,-0.2979814915534077,True,True,False,not_dual_endpoint_improved,False
A6PX-P232-0032,O=C(c1ccccc1O)N1CCOC2(CCOCC2)CC1,232_q9h228_partial,partial,O95136__Q9H228,Q9H228,O95136,232_q9h228_partial::ZINC000769652945,ZINC000769652945,0.6530612244897959,291.347,1.8039,59,1,1,4,0.8569727501621128,2.8313996547815403,-8.419,-5.598,-2.822,-2.6659999999999995,0.08903931715820862,-1.827,-0.9950000000000001,True,False,0.3129000335931778,0.9482736468315125,0.8379843950271606,0.076963129080832,0.13490330353379248,0.05618162807077169,0.007119703362695873,0.009475378901697695,0.04179916232824325,0.08436856642365456,0.16200394779443741,0.9981249928474426,0.9168813109397889,0.027144860988482834,0.29874173551797867,-4.615280642427866,108.31199560737397,25.820406227540566,20.55335465064589,-2.099579170135158,-5.312954294760442,False,False,False,not_evaluated_cross_domain_gate,False
A6PX-P232-0088,Cc1ncncc1C(=O)N1CCOC2(CCOCC2)CC1,232_q9h228_partial,partial,O95136__Q9H228,Q9H228,O95136,232_q9h228_partial::ZINC000769652945,ZINC000769652945,0.5636363636363636,291.351,1.1967199999999998,64.55000000000001,1,0,5,0.7775933965645944,3.170124244945475,-7.891,-5.08,-2.803,-2.607,0.10342254213768978,-1.827,-0.976,True,True,0.4044399082660675,0.9743411540985107,0.974871027469635,0.03860183791257441,0.09091052282601594,0.01690322920912877,0.0008205851161619648,0.037509676348417995,0.016180864395573737,0.1407995827496052,0.474775367975235,0.9999541163444519,0.9806443095207215,0.009147899807430804,0.12114032683894038,-4.431095944518164,46.8601737483555,18.55255889913009,21.06424638000389,-0.13518203614437424,4.471663156710723,False,False,False,not_evaluated_cross_domain_gate,False
A6PX-P232-0031,O=C(c1ccc(O)cc1)N1CCOC2(CCOCC2)CC1,232_q9h228_partial,partial,O95136__Q9H228,Q9H228,O95136,232_q9h228_partial::ZINC000769652945,ZINC000769652945,0.5490196078431373,291.347,1.8039,59,1,1,4,0.8569727501621128,2.794986540027441,-8.373,-5.652,-2.7189999999999994,-2.5279999999999996,0.10322897956592551,-1.827,-0.8919999999999995,True,True,0.34773280322551725,0.8587672114372253,0.8475876212120056,0.06197645850479603,0.08692570962011814,0.05427338359877467,0.005093577399384231,0.007025143632199615,0.05780286490917206,0.07415723726153374,0.1893774926662445,0.9934721112251281,0.9003353476524353,0.028973064199090005,0.24073853194713593,-4.697875152385787,91.86618619504944,11.668551966973292,16.702408430328354,-1.8318917427037316,-5.77945258699206,False,False,False,not_evaluated_cross_domain_gate,False
A6PX-P232-0085,O=C(c1cccnc1)N1CCOC2(CCOCC2)CC1,232_q9h228_partial,partial,O95136__Q9H228,Q9H228,O95136,232_q9h228_partial::ZINC000769652945,ZINC000769652945,0.6153846153846154,276.336,1.4933,51.66000000000001,1,0,4,0.7796340514362502,2.885401134889676,-7.73,-5.022,-2.708,-2.569,0.15830561160826442,-1.827,-0.8810000000000002,True,False,0.18019191175699234,0.9768865704536438,0.9479306697845459,0.049862463027238846,0.1253229033201933,0.038608459988608956,0.001921738442615606,0.03171604359522462,0.012070165341719985,0.21242056488990785,0.3004825204610825,0.9999153137207031,0.9643988251686096,0.007542081759311259,0.12556944480165838,-4.3139835683144865,74.11671240175397,10.401635085477583,27.52795678388025,-0.15056408423851114,0.32739484130720575,False,False,False,not_evaluated_cross_domain_gate,False
A6PX-P232-0058,O=C(c1ccc(Cl)cc1)N1CCOC2(CCOCC2)CC1,232_q9h228_partial,partial,O95136__Q9H228,Q9H228,O95136,232_q9h228_partial::ZINC000769652945,ZINC000769652945,0.5384615384615384,309.7930000000001,2.7517000000000005,38.77,1,0,3,0.8004808189100108,2.7140841440627526,-8.047,-5.347,-2.7,-2.3369999999999997,0.270286679081469,-1.827,-0.8730000000000002,True,True,0.3693368583917618,0.9880440831184387,0.9664353609085083,0.136376491189003,0.46635523438453674,0.07317960131913423,0.009388345084153116,0.03577774940058589,0.12130286172032356,0.15934353619813918,0.4847788453102112,0.999549925327301,0.9885239720344543,0.07000328674912452,0.3214597851037979,-4.440877039756865,70.29988710495061,17.44377244443816,26.749309755591366,-2.792626724625424,-3.974344180325717,False,False,False,not_evaluated_cross_domain_gate,False
A6PX-P232-0012,Cc1ccccc1NC(=O)N1CCOC2(CCOCC2)CC1,232_q9h228_partial,partial,O95136__Q9H228,Q9H228,O95136,232_q9h228_partial::ZINC000769652945,ZINC000769652945,0.46551724137931033,304.39,2.79842,50.800000000000004,1,1,3,0.8677415780078888,2.776394697336885,-8.478,-5.896,-2.5909999999999993,-2.582,0.024553795814270644,-1.827,-0.7639999999999993,True,False,0.4117260813713074,0.9932406425476075,0.947997772693634,0.08019523210823536,0.1884250171482563,0.041414520144462584,0.005160968110430986,0.029706320725381374,0.07926231808960438,0.24805761575698854,0.32288113236427307,0.9996822834014892,0.969719660282135,0.03609746308065951,0.4531424969434738,-4.523516437317059,60.69872315531096,21.96196939351609,20.93003932097287,-2.3265168107356877,-7.295496883799904,True,True,False,not_dual_endpoint_improved,False
A6PX-P232-0077,Cc1ccncc1C(=O)N1CCOC2(CCOCC2)CC1,232_q9h228_partial,partial,O95136__Q9H228,Q9H228,O95136,232_q9h228_partial::ZINC000769652945,ZINC000769652945,0.5925925925925926,290.363,1.80172,51.66000000000001,1,0,4,0.7912040220744001,3.0171741818937736,-8.057,-5.507,-2.5500000000000007,-2.356,0.1335090508792074,-1.827,-0.7230000000000008,True,False,0.30421116650104524,0.9820465445518494,0.9667284250259399,0.08804794028401375,0.24459634125232696,0.06969322375953198,0.0033453162817750127,0.14642264097929,0.016877060895785688,0.2598430335521698,0.29077408611774447,0.9999724864959717,0.9869908332824707,0.020001906715333462,0.2264931585639715,-4.262261993986003,70.38656205710701,24.622670085625156,22.353799233285972,-0.46171090879772275,1.6760190580910703,False,False,False,not_evaluated_cross_domain_gate,False
A6PX-P232-0056,Cc1cccc(C(=O)N2CCOC3(CCOCC3)CC2)c1C,232_q9h228_partial,partial,O95136__Q9H228,Q9H228,O95136,232_q9h228_partial::ZINC000769652945,ZINC000769652945,0.6153846153846154,303.40200000000004,2.7151400000000008,38.77,1,0,3,0.8005142495290044,2.8337165379962244,-8.056,-5.6,-2.4449999999999994,-2.208,0.2176179118444885,-1.827,-0.6179999999999994,True,False,0.5129025399684906,0.9912740468978882,0.9645267844200134,0.10356150045990944,0.40451762080192566,0.06678693220019341,0.006520466052461415,0.12540814392268657,0.07483028024435043,0.1562298685312271,0.36256825029850004,0.9998381614685059,0.993091881275177,0.14866118952631951,0.4838594153523445,-4.331145367842582,78.04706817231242,40.79307548187303,28.24436001837442,-1.9674890774260512,-0.7700982019115095,False,False,False,not_evaluated_cross_domain_gate,False
A6PX-P232-0046,Nc1ccc(C(=O)N2CCOC3(CCOCC3)CC2)cn1,232_q9h228_partial,partial,O95136__Q9H228,Q9H228,O95136,232_q9h228_partial::ZINC000769652945,ZINC000769652945,0.5454545454545454,291.351,1.0754999999999997,77.68,1,1,5,0.837330107125024,3.015605707744971,-7.639,-5.204,-2.4400000000000004,-2.4350000000000005,0.057312011539176075,-1.827,-0.6130000000000004,True,True,0.4659449279308319,0.9739647269248962,0.9499796152114868,0.006740728311706334,0.03504444193094969,0.013474670448340475,0.0012661856308113784,0.0028080803691409527,0.04888041727244854,0.2191999614238739,0.44161604046821595,0.9990575551986695,0.9104801774024963,0.006697009335039183,0.2452143281698227,-4.844156081644314,40.61437903958525,-7.273827576086572,9.968884482705624,-0.9124431662937681,3.0367856806812736,False,False,False,not_evaluated_cross_domain_gate,False
A6PX-P232-0043,COc1cccc(C(=O)N2CCOC3(CCOCC3)CC2)c1,232_q9h228_partial,partial,O95136__Q9H228,Q9H228,O95136,232_q9h228_partial::ZINC000769652945,ZINC000769652945,0.5,305.374,2.1069,48,2,0,4,0.8394371795624614,2.7331449377215,-7.734,-5.33,-2.404,-2.3210000000000006,0.06413007614736335,-1.827,-0.577,True,False,0.44065546095371244,0.9751967668533326,0.9639543652534485,0.08794880360364914,0.29558863341808317,0.061264748126268385,0.004970759467687458,0.08730358891189098,0.04835618548095226,0.12602002471685408,0.3579323798418045,0.9998252272605896,0.9900365591049194,0.06235972475260496,0.338859897851944,-4.271695282968919,73.6072964928758,20.925567371833523,11.557841421183376,-1.378509358853575,-0.38373102501513684,False,False,False,not_evaluated_cross_domain_gate,False
A6PX-P232-0047,Nc1cc(C(=O)N2CCOC3(CCOCC3)CC2)ccn1,232_q9h228_partial,partial,O95136__Q9H228,Q9H228,O95136,232_q9h228_partial::ZINC000769652945,ZINC000769652945,0.5740740740740741,291.35100000000006,1.0754999999999997,77.68,1,1,5,0.837330107125024,3.0519234883250466,-7.599,-5.202,-2.3970000000000002,-2.332,0.04944357052910606,-1.827,-0.5700000000000003,True,True,0.38781630992889404,0.9772444248199463,0.9561970710754395,0.005045038985554129,0.04310054983943701,0.014040987542830407,0.0013851270952727646,0.0029911368270404636,0.047846756875514984,0.29852874875068663,0.3873738259077072,0.9991897463798523,0.9021721839904785,0.005780699156457558,0.24516610503196717,-4.858840276738144,39.250748473442926,-8.390556341341368,15.670955748230984,-0.8484246224925893,1.7338694088394095,False,False,False,not_evaluated_cross_domain_gate,False
A6PX-P232-0035,Cc1ccnc(C(=O)N2CCOC3(CCOCC3)CC2)c1O,232_q9h228_partial,partial,O95136__Q9H228,Q9H228,O95136,232_q9h228_partial::ZINC000769652945,ZINC000769652945,0.5535714285714286,306.362,1.50732,71.89000000000001,1,1,5,0.8512327134663402,3.19800225228194,-7.548,-5.16,-2.3840000000000003,-2.255,0.06227358990776111,-1.827,-0.5570000000000004,True,False,0.30061234533786774,0.9400722503662109,0.9622944235801697,0.07688706563785672,0.08758240938186646,0.046268077567219734,0.002126050743390806,0.0147199644590728,0.03141405582427979,0.1117020532488823,0.4441727876663208,0.9997495532035827,0.9731293678283691,0.03932873336598277,0.2195578258484602,-4.5781708157254215,60.96424666246052,19.110236247043368,7.660694095353648,-1.4899059760873619,3.7734398149177695,False,False,False,not_evaluated_cross_domain_gate,False
A6PX-P232-0090,O=C(c1ccoc1)N1CCOC2(CCOCC2)CC1,232_q9h228_partial,partial,O95136__Q9H228,Q9H228,O95136,232_q9h228_partial::ZINC000769652945,ZINC000769652945,0.5283018867924528,265.3089999999999,1.6913,51.91000000000001,1,0,4,0.7751044201038233,3.129919596861459,-7.168,-4.785,-2.3680000000000003,-2.0949999999999998,0.1599923609287505,-1.827,-0.5410000000000004,True,True,0.26438443213701246,0.9697466015815734,0.9321460127830505,0.04605277171358466,0.1659883514046669,0.029805138567462565,0.0017303444270510226,0.003347879828652367,0.018237498588860035,0.04811101518571377,0.2834152653813362,0.9995423674583435,0.955157744884491,0.01900573605671525,0.1366785679012537,-4.386124271699435,66.60043304890151,11.347766048283797,38.175497641163545,-0.7670696108283542,-0.22437075406717194,True,True,False,not_dual_endpoint_improved,False
A6PX-P232-0015,O=C(Nc1ccccc1)N1CCOC2(CCOCC2)CC1,232_q9h228_partial,partial,O95136__Q9H228,Q9H228,O95136,232_q9h228_partial::ZINC000769652945,ZINC000769652945,0.5,290.363,2.49,50.80000000000001,1,1,3,0.8642558689254758,2.7156657980512815,-7.951,-5.705,-2.25,-2.1949999999999994,0.1035792772067205,-1.827,-0.42300000000000004,True,True,0.31155029535293577,0.9936588168144226,0.9244540452957153,0.08050150163471699,0.1861073948442936,0.04983957596123219,0.005183329549618065,0.008041803538799287,0.061072146706283095,0.19197410643100737,0.33789832293987276,0.9991869807243348,0.9389245867729187,0.018876689136959612,0.3505255848169327,-4.507069831488082,54.082803048605925,1.4650090627685437,26.96846243818381,-2.2033448104467035,-8.362918312732432,False,False,False,not_evaluated_cross_domain_gate,False
A6PX-P232-0044,COc1ccccc1C(=O)N1CCOC2(CCOCC2)CC1,232_q9h228_partial,partial,O95136__Q9H228,Q9H228,O95136,232_q9h228_partial::ZINC000769652945,ZINC000769652945,0.6037735849056604,305.374,2.1069,48,2,0,4,0.8394371795624614,2.7381879665676543,-7.376,-5.156,-2.216,-2.175,0.052027770362460535,-1.827,-0.38900000000000023,True,True,0.4685672104358673,0.987151038646698,0.9610144257545471,0.05802716668695211,0.2117635913193226,0.031130141438916327,0.002808910555904731,0.03573146583512425,0.04424554966390133,0.10771754384040833,0.32964320480823517,0.9998233318328857,0.9921315550804138,0.07201723977923394,0.3758563131093979,-4.195724907172989,75.55765198581,25.461247502433288,15.564255544875683,-1.2677980617272735,-1.8423095518881865,False,False,False,not_evaluated_cross_domain_gate,False
A6PX-P232-0018,Cc1cccc(C(=O)N2CCOC3(CCOCC3)CC2)c1O,232_q9h228_partial,partial,O95136__Q9H228,Q9H228,O95136,232_q9h228_partial::ZINC000769652945,ZINC000769652945,0.6037735849056604,305.374,2.1123199999999995,59,1,1,4,0.8631360682612848,2.9262528017324883,-7.517,-5.309,-2.208,-2.0090000000000003,0.1406279567590389,-1.827,-0.3810000000000002,True,False,0.31803604662418367,0.9402346968650818,0.8914412736892701,0.11566604599356652,0.18393555730581285,0.07700964342802763,0.007341309252660721,0.04021546225994825,0.051388056948781013,0.07841489911079406,0.19068943783640863,0.9992786645889282,0.9559941530227661,0.06090955529361963,0.37174615561962127,-4.64864812594657,111.98774936130333,43.30203156197833,12.680993679857476,-2.543401890240703,-3.2074163729049245,False,False,False,not_evaluated_cross_domain_gate,False
A6PX-P232-0048,O=C(c1cc[nH]c1)N1CCOC2(CCOCC2)CC1,232_q9h228_partial,partial,O95136__Q9H228,Q9H228,O95136,232_q9h228_partial::ZINC000769652945,ZINC000769652945,0.5185185185185185,264.32499999999993,1.4264000000000001,54.56,1,1,3,0.8344702478548328,3.2677036627955243,-7.106,-4.913,-2.173,-1.9959999999999996,0.11600095785045174,-1.827,-0.3460000000000001,True,False,0.19920796602964402,0.9623698234558106,0.9290141224861145,0.026011514198035,0.08930559866130353,0.01828849483281374,0.0016195894597331062,0.00540765963960439,0.019453244656324385,0.09751595854759217,0.2892529904842377,0.9994836926460267,0.8537525415420533,0.006654513534158468,0.12408708669245243,-4.534442613052345,62.46491022765414,-0.1395754958666906,2.7229658888238255,-1.0721145437104989,-0.5985688806848629,True,True,False,not_dual_endpoint_improved,False
A6PX-P232-0095,CC[C@H](C)C(=O)N1CCOC2(CCOCC2)CC1,232_q9h228_partial,partial,O95136__Q9H228,Q9H228,O95136,232_q9h228_partial::ZINC000769652945,ZINC000769652945,0.41818181818181815,255.35799999999992,1.8305999999999998,38.77,2,0,3,0.755391001662917,3.5226532420387766,-6.775,-4.416,-2.1420000000000003,-2.0469999999999997,0.2209831567236643,-1.827,-0.3150000000000004,True,False,0.3339415639638901,0.9919153451919556,0.9249600887298584,0.020478975027799606,0.1533063158392906,0.018794482573866844,0.0028818175895139577,0.013113749795593321,0.02443321216851473,0.050767016410827634,0.06254074051976204,0.9997460246086121,0.9868772625923157,0.008597010443918408,0.20879873484373093,-4.0593058290434785,63.37753177071831,24.050609136814607,17.55929966374506,-0.4830846528255952,3.589425774258499,False,False,False,not_evaluated_cross_domain_gate,False
A6PX-P232-0016,Cc1cccnc1NC(=O)N1CCOC2(CCOCC2)CC1,232_q9h228_partial,partial,O95136__Q9H228,Q9H228,O95136,232_q9h228_partial::ZINC000769652945,ZINC000769652945,0.5614035087719298,305.378,2.19342,63.69000000000001,1,1,4,0.8636601781626931,3.035895418490731,-7.831,-5.727,-2.135,-2.043,0.06027345094557704,-1.827,-0.30799999999999983,True,False,0.405653303861618,0.9836897850036621,0.9669084310531616,0.05618946263566613,0.12096421606838703,0.036611384712159634,0.0014650303695816548,0.013313839957118035,0.04508810825645924,0.3217123731970787,0.39647912681102754,0.9998326897621155,0.9697864890098572,0.013026889297179878,0.25996045842766763,-4.613681041168491,44.15042295803922,14.393930735623991,28.324813878005322,-1.4286029306302788,1.0200797671818234,False,False,False,not_evaluated_cross_domain_gate,False
A6PX-P237-0224,Cc1ccc(NC(=O)c2ccc3c(c2)CCNCC3)cc1C(C)(C)O,237_q9p1p5_full,full,Q96RJ0__Q9P1P5,Q9P1P5,Q96RJ0,237_q9p1p5_full::ZINC000007423727,ZINC000007423727,0.20833333333333334,338.4510000000001,3.1629200000000015,61.36,3,3,3,0.805501073550864,2.2969136537590593,-7.374,-5.455,-1.9109999999999996,-1.4619999999999997,0.23724389700615425,-1.721,-0.1899999999999995,True,False,0.2053230881690979,0.8342226386070252,0.8858135104179382,0.14545029699802398,0.1507415756583214,0.05314653739333153,0.3017484933137894,0.14302483350038528,0.4279782295227051,0.3431442379951477,0.426392012834549,0.9878262519836426,0.8329864144325256,0.524144172668457,0.8415967345237731,-5.017053126639524,1.9591882997762298,-9.083379858505136,73.49956856734579,-2.851108976223758,2.017580727872879,True,False,False,seed_baseline_missing_or_failed,False
A6PX-P238-0201,Cc1ccc(S(=O)(=O)N(C)C)cc1C(=O)N[C@H]1C[C@H](C(=O)N(C)C)CC[C@@H]1C,238_q9uby5_full,full,Q92633__Q9UBY5,Q9UBY5,Q92633,238_q9uby5_full::ZINC000734119092,ZINC000734119092,0.5645161290322581,409.5520000000002,1.8681200000000002,86.79,5,1,4,0.8042909502480472,3.3032180524057457,-11,-5.448,-5.552,-4.299999999999999,0.6419768081653904,-4.819999999999999,-0.7320000000000002,True,False,0.14216722697019576,0.8017858386039733,0.825577437877655,0.011687414161860943,0.1638536848127842,0.0963202804327011,0.0347849752753973,0.5504378587007522,0.27410366386175156,0.1173148974776268,0.44634866118431094,0.9941292524337768,0.9676220893859864,0.13809705451130866,0.3588215559720993,-4.6894987208062435,61.97251895018333,67.6602935483822,-31.239356186769072,-3.164603896503063,-3.402679919611832,True,True,True,dual_endpoint_improved,True
A6PX-P020-0043,O=C1NCCc2ccc(NC(=O)N3C[C@@H]4CCN(C(=O)c5ccc(F)cc5)C[C@@H]43)cc21,23_acm4_full,full,P08173__P20309,P08173,P20309,23_acm4_full::ZINC000768298079,ZINC000768298079,0.42168674698795183,422.4600000000002,2.49,81.75,2,2,3,0.7803471414055807,3.1870396154960012,-7.995,-6.451,-1.5060000000000002,-1.4009999999999998,0.1611341745944115,-0.4639999999999995,-1.0420000000000007,True,False,0.10436858683824539,0.8720205426216125,0.7282397150993347,0.052381042018532754,0.06552309244871139,0.04210818894207478,0.0389070013538003,0.1426941469311714,0.09653755091130733,0.40707787275314333,0.6691123962402343,0.9902385115623474,0.7270905017852783,0.1542143151164055,0.7824496388435364,-4.942541709180982,6.0497260811693225,-14.241028021262059,48.079757721934726,-4.597526354244254,-4.45156863577955,True,False,False,seed_baseline_missing_or_failed,False
A6PX-P240-0214,CC(=O)N1Cc2ccccc2[C@H](Nc2nc(-c3ccco3)n(C)c3nccc2-3)C1,240_q9y5n1_full,full,P21728__Q9Y5N1,Q9Y5N1,P21728,240_q9y5n1_full::ZINC000012749728,ZINC000012749728,0.16129032258064516,387.44300000000015,3.1655000000000015,79.42,2,1,5,0.5737460797905584,3.768283926506518,-7.749,-5.693,-2.0360000000000005,-1.7349999999999994,0.3488097220867305,-1.8919999999999995,-0.14400000000000102,True,False,0.38811546862125396,0.6150653958320618,0.8214696526527405,0.6599367439746857,0.586398908495903,0.42966986149549485,0.261345762014389,0.806980574131012,0.09046843126416207,0.14023923128843307,0.7519487142562866,0.9995583891868591,0.9110686779022217,0.7230221152305603,0.8114474296569825,-5.396089662897792,34.75559017241586,52.462701437437445,38.95179045937453,-3.1561241983187713,-4.538532080734437,True,False,False,seed_baseline_missing_or_failed,False
A6PX-P240-0130,CN(C)C(=O)[C@@H](NC(=O)c1nn(-c2ccccc2)c(=O)c2ccccc12)c1cccc(F)c1,240_q9y5n1_partial,partial,P21728__Q9Y5N1,Q9Y5N1,P21728,240_q9y5n1_partial::ZINC000012749728,ZINC000012749728,0.36486486486486486,444.4660000000002,3.0841000000000003,84.30000000000001,5,1,5,0.5128204518983485,2.7202865480792653,-8.313,-5.985,-2.4059999999999997,-2.2920000000000007,0.05902165327704304,-1.8919999999999995,-0.5140000000000002,True,False,0.18526333570480347,0.7800407648086548,0.9214055180549622,0.03667630357667804,0.32755057215690614,0.44606699645519254,0.036543946340680124,0.6089140117168427,0.5225192844867707,0.3161144107580185,0.9787846088409424,0.9963848471641541,0.9330391883850098,0.7717665076255799,0.8295470714569092,-4.736360414091985,44.743814496663504,54.939307867803066,109.19749063838067,-4.235255654797912,2.074561442120723,True,False,False,seed_baseline_missing_or_failed,False
A6PX-P240-0024,C[C@H]1C[C@H](C)N(C(=O)c2nn(-c3ccccc3)c(=O)c3ccccc23)CCN1C,240_q9y5n1_partial,partial,P21728__Q9Y5N1,Q9Y5N1,P21728,240_q9y5n1_partial::ZINC000012749728,ZINC000012749728,0.46875,390.4870000000002,2.9404000000000012,58.44,2,0,5,0.6751093418115418,3.049044257324436,-7.275,-4.982,-2.2799999999999994,-2.061,0.12053860607936161,-1.8919999999999995,-0.3879999999999999,True,True,0.3255825936794281,0.9602827072143555,0.8395865201950073,0.126445934176445,0.15450452268123627,0.0947469338774681,0.17047913745045662,0.5765504240989685,0.20990211069583892,0.7663733482360839,0.7710031509399414,0.9962549448013306,0.9708154678344727,0.8725874543190002,0.9131000280380249,-4.714532941431007,20.85083598737283,14.105146844701034,93.05766930105226,-2.917892990057108,-0.06454454371004185,True,False,False,seed_baseline_missing_or_failed,False
A6PX-P240-0018,CC(C)[C@H]1CC(=O)CCN1C(=O)c1nn(-c2ccccc2)c(=O)c2ccccc12,240_q9y5n1_partial,partial,P21728__Q9Y5N1,Q9Y5N1,P21728,240_q9y5n1_partial::ZINC000012749728,ZINC000012749728,0.46153846153846156,389.45500000000015,3.2154000000000016,72.27000000000001,3,0,5,0.6895337969435951,2.84646180107098,-7.021,-4.917,-2.146,-1.5089999999999995,0.30510799545224815,-1.8919999999999995,-0.25400000000000045,True,False,0.06325307078659534,0.9536665558815003,0.9145873069763184,0.0807398434728384,0.5595630645751953,0.5830889582633972,0.00502780748065561,0.4149135619401932,0.17816602140665055,0.26003887951374055,0.923731803894043,0.9998872876167297,0.9896063804626465,0.8824997901916504,0.647591519355774,-4.738068895650103,60.175032522584615,40.06358993778978,10.726539218762415,-4.707954465667678,0.4490896120854003,True,False,False,seed_baseline_missing_or_failed,False
A6PX-P240-0015,CC(=O)N[C@@H]1CCCC[C@H]1NC(=O)c1nn(-c2ccccc2)c(=O)c2ccccc12,240_q9y5n1_partial,partial,P21728__Q9Y5N1,Q9Y5N1,P21728,240_q9y5n1_partial::ZINC000012749728,ZINC000012749728,0.4307692307692308,404.47000000000025,2.5627999999999993,93.09,4,2,5,0.698956877831205,2.910223140346453,-7.887,-5.726,-2.13,-2.099,0.0981642614306357,-1.8919999999999995,-0.23800000000000043,True,False,0.2845486789941788,0.7665746927261352,0.8429768562316895,0.14867426827549934,0.2496519938111305,0.2762673556804657,0.054014706239104274,0.6147864162921906,0.2682740926742554,0.37557733356952666,0.9327679395675659,0.9937226176261902,0.8331920385360718,0.5045597910881042,0.6261053621768952,-4.98801625590278,33.79248236449935,48.056905732103296,52.86968802981627,-4.366277226460407,-4.242826072649942,True,False,False,seed_baseline_missing_or_failed,False
A6PX-P240-0016,O=C(c1nn(-c2ccccc2)c(=O)c2ccccc12)N1CC(O)=C[C@H]2CC[C@H]21,240_q9y5n1_partial,partial,P21728__Q9Y5N1,Q9Y5N1,P21728,240_q9y5n1_partial::ZINC000012749728,ZINC000012749728,0.46875,373.4120000000002,2.579300000000001,72.27000000000001,2,0,5,0.6921518014704823,3.0939497947873233,-7.597,-5.623,-2.0949999999999998,-1.8010000000000002,0.14458215657542237,-1.8919999999999995,-0.2030000000000003,True,False,0.07068821564316749,0.9737834215164185,0.9320025205612182,0.2726228415966034,0.3953518569469452,0.35325914025306704,0.011495360732078552,0.5561971008777619,0.05771924778819084,0.27938455939292905,0.9247100710868835,0.9999524712562561,0.9688808798789978,0.6577133417129517,0.498058021068573,-4.708061139641528,53.41782030012304,30.502984408793214,-1.3711505388578495,-4.656507621739759,-0.6728972074485916,True,False,False,seed_baseline_missing_or_failed,False
A6PX-P240-0019,CNC(=O)CN(C=CC(C)C)C(=O)c1nn(-c2ccccc2)c(=O)c2ccccc12,240_q9y5n1_partial,partial,P21728__Q9Y5N1,Q9Y5N1,P21728,240_q9y5n1_partial::ZINC000012749728,ZINC000012749728,0.375,404.47000000000014,2.7436000000000007,84.30000000000001,6,1,5,0.6846983805396548,2.7609987580129154,-7.008,-4.944,-2.064,-1.8919999999999995,0.11013930572991042,-1.8919999999999995,-0.1720000000000006,True,True,0.1087284654378891,0.7397812247276306,0.8492185235023498,0.05646535772830248,0.35825788974761963,0.37178932428359984,0.02340360600501299,0.7918142795562744,0.45051694810390475,0.2134842962026596,0.9410476565361023,0.9975747227668762,0.9506319284439086,0.7469421625137329,0.569118082523346,-4.586850413983432,55.862882811861915,68.92576030616513,65.96644550753135,-3.9442879513460936,0.15335320188908827,True,False,False,seed_baseline_missing_or_failed,False
A6PX-P240-0030,CN(C)[C@H]1CN(C(=O)c2nn(-c3ccccc3)c(=O)c3ccccc23)[C@H]2CCCCC12,240_q9y5n1_partial,partial,P21728__Q9Y5N1,Q9Y5N1,P21728,240_q9y5n1_partial::ZINC000012749728,ZINC000012749728,0.5076923076923077,416.52500000000026,3.3305000000000016,58.44,3,0,5,0.6572244355017246,3.4370754461325586,-7.507,-5.59,-1.9110000000000005,-1.5729999999999995,0.16076760314883817,-1.8919999999999995,-0.019000000000001016,True,True,0.20472234040498732,0.9857436537742614,0.9256852388381958,0.09432665705680847,0.20639805048704146,0.1671820290386677,0.10788961797952652,0.8732227444648742,0.16379893869161605,0.7372634589672089,0.7758259534835815,0.9996832251548767,0.9803372859954834,0.9470214366912841,0.9171967387199402,-4.911084167278366,27.862386026597612,17.084458907339148,59.54854934679978,-3.688300495576479,-1.5792965282389768,True,False,False,seed_baseline_missing_or_failed,False
A6PX-P241-0101,Cc1c(NC(=O)N2CCC[C@H](c3cccn3C)C2)cnc(N2CCNC(=O)C2)c1C,241_q9y5n1_full,full,P21918__Q9Y5N1,Q9Y5N1,P21918,241_q9y5n1_full::ZINC000770204457,ZINC000770204457,0.5061728395061729,410.5220000000003,2.38464,82.5,3,2,5,0.8140262461991871,3.346643528996916,-8.383,-6.564,-1.888,-1.455,0.21523991781782054,-0.5960000000000001,-1.2919999999999998,True,False,0.01826830431818962,0.7719751000404358,0.5068547487258911,0.00524760945700109,0.08222731463611126,0.06342404559254647,0.023593322187662125,0.3388577371835709,0.03259797301143408,0.2948975920677185,0.42670443654060364,0.9981905698776246,0.8811285853385925,0.17071697637438774,0.5756293773651123,-4.927350838243209,17.041042999928436,34.26018332038488,-10.367435372996066,-2.8322355896092537,0.7629645227454869,True,True,False,not_dual_endpoint_improved,False
A6PX-P241-0095,C=C1CC[C@H](c2cccn2C)CN1C(=O)Nc1cnc(N2CCNC(=O)C2)c(C)c1,241_q9y5n1_full,full,P21918__Q9Y5N1,Q9Y5N1,P21918,241_q9y5n1_full::ZINC000770204457,ZINC000770204457,0.43820224719101125,408.5060000000003,2.58992,82.5,3,2,5,0.8179098527050149,3.633820904562527,-8.392,-6.855,-1.4909999999999997,-1.379999999999999,0.2130013041170308,-0.5960000000000001,-0.8949999999999996,True,True,0.023667010851204394,0.8161003828048706,0.4900843322277069,0.010313567332923412,0.1419437825679779,0.16651008725166322,0.02450462579727173,0.3916140139102936,0.04188985601067543,0.34396680891513826,0.5523909747600555,0.9988518834114075,0.8737084746360779,0.24778319895267487,0.49975624680519104,-4.882549158360383,23.92198287761671,37.22132578105038,-10.226262637646759,-3.1567993035377744,-1.438389533029187,False,False,False,not_evaluated_cross_domain_gate,False
A6PX-P241-0015,Cc1cc(NC(=O)N2CCC[C@H](c3cccn3C)C2)cnc1C1=CC(=O)CCN1,241_q9y5n1_full,full,P21918__Q9Y5N1,Q9Y5N1,P21918,241_q9y5n1_full::ZINC000770204457,ZINC000770204457,0.38636363636363635,393.49100000000027,3.2920200000000017,79.59,3,1,5,0.8689410486111957,3.51760636130064,-7.972,-6.373,-1.4669999999999996,-1.3639999999999999,0.09618154131063256,-0.5960000000000001,-0.8709999999999996,True,False,0.03654318079352379,0.909461522102356,0.8203162312507629,0.032385808415710926,0.2090819112956524,0.1467713423073292,0.0387914277613163,0.4577332347631454,0.04130422696471214,0.48016120195388795,0.48767587542533875,0.9997816443443298,0.9518374085426331,0.49448848366737364,0.42495938539505007,-4.801031405731812,44.24567474672691,29.855328157074297,-10.505989365529507,-3.519561459694309,-1.1362466328783358,True,True,False,not_dual_endpoint_improved,False
A6PX-P241-0073,Cc1nc(NC(=O)N2CCCC(c3ccnn3C)C2)ccc1[C@H]1CCNC(=O)C1,241_q9y5n1_full,full,P21918__Q9Y5N1,Q9Y5N1,P21918,241_q9y5n1_full::ZINC000770204457,ZINC000770204457,0.36363636363636365,396.49500000000023,2.528620000000001,92.15,3,2,5,0.8338985992851173,3.655034851596459,-8.374,-6.913,-1.4419999999999993,-1.2930000000000001,0.15981447577321192,-0.5960000000000001,-0.8459999999999992,True,True,0.06505008749663829,0.843608808517456,0.8124898910522461,0.0030131239909678698,0.03602595627307892,0.02931737108156085,0.012268479447811842,0.19600850492715835,0.06049506962299347,0.44322422742843626,0.4144230782985687,0.9986371159553528,0.8860074877738953,0.08154018521308899,0.40451751947402953,-5.3197069315584,1.8976104003921108,3.1842622121012516,12.43795860210948,-2.763554327651813,1.9145083454182852,True,True,False,not_dual_endpoint_improved,False
A6PX-P241-0061,Cc1cc(NC(=O)N2CCC[C@H](c3cccn3C)C2)cnc1[C@H]1CCNC(=O)C1,241_q9y5n1_full,full,P21918__Q9Y5N1,Q9Y5N1,P21918,241_q9y5n1_full::ZINC000770204457,ZINC000770204457,0.46987951807228917,395.50700000000023,3.1336200000000014,79.26,3,2,4,0.8379828287160811,3.612673961883761,-8.127,-6.738,-1.4189999999999996,-1.3030000000000008,0.05966759775809806,-0.5960000000000001,-0.8229999999999995,True,False,0.03896093973889947,0.859006917476654,0.7070461273193359,0.00429514303104952,0.042708787322044375,0.03128478499129415,0.030600284412503242,0.39843610376119615,0.02703190390020609,0.38650974035263064,0.25219607502222063,0.9991226553916931,0.8802438616752625,0.14275719374418258,0.41075865626335145,-5.06081398307258,16.481271883019947,18.219487284741483,1.6217066800911328,-2.9940122312819883,0.05918239273713173,True,True,False,not_dual_endpoint_improved,False
A6PX-P241-0034,Cn1cccc1[C@H]1CCCN(C(=O)Nc2ccc(C3=NCNC(=O)C3)cc2)C1,241_q9y5n1_full,full,P21918__Q9Y5N1,Q9Y5N1,P21918,241_q9y5n1_full::ZINC000770204457,ZINC000770204457,0.4268292682926829,379.46400000000017,2.703100000000001,78.73,3,2,4,0.8600194908437264,3.314618307889713,-8.723,-7.332,-1.3630000000000004,-1.1959999999999997,0.09637542333096276,-0.5960000000000001,-0.7670000000000003,True,True,0.08473368771374226,0.8487002491950989,0.7204079031944275,0.031026496831327677,0.11754739731550216,0.05974429473280907,0.05952824987471104,0.1612088717520237,0.04815985895693302,0.3846791535615921,0.5133636772632599,0.9962064862251282,0.6785235166549682,0.29549388885498046,0.4736865758895874,-4.983994268752781,13.873500585841573,3.4315379978991096,27.497864699175,-3.6622239293585563,-2.851726259815667,True,True,False,not_dual_endpoint_improved,False
A6PX-P241-0029,C[C@@H](Cc1ccc([C@H]2CCNC(=O)C2)cc1)[C@@H]1CCO[C@@H](c2nncn2C)C1,241_q9y5n1_full,full,P21918__Q9Y5N1,Q9Y5N1,P21918,241_q9y5n1_full::ZINC000770204457,ZINC000770204457,0.20202020202020202,382.5080000000002,3.1552000000000016,69.03999999999999,5,1,5,0.8624449569743292,4.105730114768946,-8.622,-7.304,-1.237,-1.2309999999999999,0.039673668849754574,-0.5960000000000001,-0.641,True,False,0.36446902602910997,0.8023595690727234,0.9153029441833496,0.0032042335136793555,0.12336824797093868,0.06600321466103196,0.06920948978513479,0.55584736764431,0.060167654603719714,0.4151547372341156,0.3879235744476318,0.99947749376297,0.9496893763542176,0.6741169095039368,0.2982126742601395,-5.56787837679593,49.39491263005026,27.968367217710078,5.179482582600822,-2.7022541362102954,0.5240842015486553,True,True,False,not_dual_endpoint_improved,False
A6PX-P241-0078,CC(=Cc1cnc([C@H]2CCNC(=O)C2)c(O)c1)N1CCC[C@H](n2cccc2C)C1,241_q9y5n1_full,full,P21918__Q9Y5N1,Q9Y5N1,P21918,241_q9y5n1_full::ZINC000770204457,ZINC000770204457,0.27835051546391754,394.51900000000023,3.5886200000000024,70.39,4,2,5,0.8314503368688961,4.030939578195161,-8.061,-6.853,-1.1850000000000005,-1.146,0.03266326512902362,-0.5960000000000001,-0.5890000000000004,True,False,0.047786306031048296,0.4574222922325134,0.593830156326294,0.010367946466431022,0.06608014833182096,0.045432576723396775,0.13413291051983833,0.5660849273204803,0.028242824599146843,0.24584687352180482,0.1853763222694397,0.9983511567115784,0.9030909776687622,0.2663250118494034,0.3268985539674759,-5.333869508859007,20.28274408436046,35.72689421849723,-14.712393139014438,-2.7652010067599386,-4.568472530470461,False,False,False,not_evaluated_cross_domain_gate,False
A6PX-P241-0060,CN1CC[C@H](c2ncc(NC(=O)N3CCC[C@H](c4cccn4C)C3)cc2F)CC1=O,241_q9y5n1_full,full,P21918__Q9Y5N1,Q9Y5N1,P21918,241_q9y5n1_full::ZINC000770204457,ZINC000770204457,0.375,413.49700000000024,3.3065000000000024,70.47,3,1,4,0.8393574141502551,3.599646267779896,-7.998,-6.846,-1.1799999999999988,-1.1520000000000001,0.0353679076125362,-0.5960000000000001,-0.5839999999999987,True,True,0.07647456508129835,0.8988047957420349,0.6977863430976867,0.005450426926836371,0.078413593955338,0.04827529704198241,0.02927396334707737,0.5136145323514938,0.03682916276156902,0.48083039224147794,0.3547616809606552,0.9993217468261719,0.9412180066108704,0.22571908980607985,0.5742327868938446,-4.841159579564495,36.316379799304244,30.94748729241678,3.8997300712726015,-3.0269431445747585,-1.3957179033902432,False,False,False,not_evaluated_cross_domain_gate,False
A6PX-P243-0030,Cc1ccc(CN2C(=O)[C@@H]3[C@H]4c5ccccc5[C@H](c5ccccc54)[C@@H]3C2=O)cn1,243_q9y5x5_partial,partial,Q9GZQ6__Q9Y5X5,Q9Y5X5,Q9GZQ6,243_q9y5x5_partial::ZINC000018229970,ZINC000018229970,0.38461538461538464,380.4470000000002,4.638220000000004,58.28,2,2,4,0.46013662411996775,3.4402992961880114,-10.514,-7.41,-3.1469999999999994,-2.4259999999999993,0.3580617575533895,-2.736999999999999,-0.41000000000000014,True,False,0.25720068216323855,0.48415430784225466,0.8531712889671326,0.3859450310468674,0.6009402811527252,0.5976595520973206,0.13767393305897713,0.5819074630737304,0.25501333028078077,0.23621549159288407,0.6031746387481689,0.9994050145149231,0.881755816936493,0.7707149744033813,0.6655282735824585,-5.293091460125135,6.992521517129811,16.620980934323693,-22.687540307764028,-4.5161242801527415,-1.418380063217452,True,True,False,not_dual_endpoint_improved,False
A6PX-P244-0006,O=C(NC1CCN(c2cccnn2)CC1)N1CCN(C(=O)C2=CC=CCC2)CC1,244_q9y5y3_partial,partial,Q9BZJ6__Q9Y5Y3,Q9Y5Y3,Q9BZJ6,244_q9y5y3_partial::ZINC000429188273,ZINC000429188273,0.5873015873015873,396.4950000000002,1.5756,81.67,3,1,5,0.8388906719106276,2.774510894371904,-6.097,-4.318,-1.9489999999999998,-1.7790000000000008,0.3344351789045058,-1.3450000000000006,-0.6039999999999992,True,False,0.09442589245736599,0.9341868758201599,0.465253210067749,0.012668170442339033,0.4762039124965668,0.3230183273553848,0.045546291302889584,0.15375199690461158,0.10845057815313339,0.19455113708972932,0.6422239124774933,0.9914790034294129,0.8897559642791748,0.19054480791091918,0.37835845053195954,-4.997784347728819,29.436238504502967,47.24377377372689,-12.393922814731587,-2.7295374914226227,0.07763267246376149,True,False,False,seed_baseline_missing_or_failed,False
A6PX-P025-0024,C[C@@H]1CC(=O)Nc2ccccc2N1C(=O)CN1CC[C@](C)(c2cccc(-c3cn[nH]c3)c2)C1=O,24_p08588_full,full,P08173__P08588,P08588,P08173,24_p08588_full::ZINC000012802330,ZINC000012802330,0.49411764705882355,457.53400000000016,3.3306000000000013,98.4,4,2,4,0.6278856789177727,3.624275391186325,-8.528,-7.216,-1.3120000000000003,-1,0.360759692254492,-0.8999999999999995,-0.4120000000000008,False,False,0.046067231148481366,0.615878164768219,0.47842260003089904,0.046812167018651964,0.36729198694229126,0.3476020574569702,0.061040935665369035,0.9409629225730896,0.13413392528891563,0.23502620458602905,0.8138056755065918,0.9978537440299988,0.7094926476478577,0.42836846113204957,0.7443042874336243,-5.1709318586791015,59.07726804941609,46.72097415049534,49.24516703155182,-4.872210823007444,-2.138089266578574,False,False,False,not_evaluated_cross_domain_gate,False
A6PX-P025-0048,C[C@@H]1C[N@@H+](C)Cc2ccccc2N1C(=O)CN1C(=O)O[C@](C)(c2ccc(F)c(-c3cnn[nH]3)c2)C1=O,24_p08588_full,full,P08173__P08588,P08588,P08173,24_p08588_full::ZINC000012802330,ZINC000012802330,0.33663366336633666,492.5110000000002,2.671900000000001,111.72999999999999,4,1,7,0.5960353666150132,4.129003446919773,-8.192,-6.993,-1.0890000000000004,-1.017999999999999,0.1737897836148286,-0.8999999999999995,-0.18900000000000095,True,False,0.49497573375701903,0.7498598575592041,0.7964813590049744,0.007195011107251048,0.09551732540130616,0.03004401233047247,0.08281931057572364,0.8955273270606995,0.3260438621044159,0.8769413232803345,0.9320959568023681,0.9912348747253418,0.7980318903923035,0.5442717969417572,0.5503200709819793,-4.904231309716343,51.25473266585118,32.009988782771856,11.6903851892663,-4.221196986090833,0.09687976845171722,True,False,False,seed_baseline_missing_or_failed,False
A6PX-P024-0207,Cc1cccc(-n2c(C)[nH+]c3cc(-c4cccc(-c5n[nH]c(C(C)C)n5)c4)ccc3c2=O)c1C,25_adrb1_full,full,P08588__P21728,P08588,P21728,25_adrb1_full::ZINC000771724267,ZINC000771724267,0.2087912087912088,449.55800000000016,5.886460000000005,76.46000000000001,4,1,5,0.3713097002429404,2.568946477038402,-10.214,-7.579,-2.6350000000000007,-1.641,0.48436625260918725,-0.5289999999999999,-2.1060000000000008,False,False,0.23154938519001006,0.35907494425773623,0.898221468925476,0.13948597088456155,0.25862583220005037,0.39632890820503236,0.008734996267594396,0.4199529320001602,0.5928978502750397,0.3604060024023056,0.9387929916381836,0.9959008693695068,0.7814133405685425,0.9526634097099305,0.9152019023895264,-5.468354529092444,3.166914252004431,9.050974289486058,99.71726985044913,-5.680980163852677,7.771582928773782,False,False,False,not_evaluated_cross_domain_gate,False
A6PX-P024-0107,Cc1oc(-c2ccc3c(=O)n(-c4ccccc4)c(C)cc3c2)nc1-c1ccnc(C(N)=O)c1,25_adrb1_full,full,P08588__P21728,P08588,P21728,25_adrb1_full::ZINC000771724267,ZINC000771724267,0.37037037037037035,436.4710000000001,4.423440000000003,104.01000000000002,4,1,6,0.44898430031845815,2.5784562663473842,-8.992,-6.77,-2.181000000000001,-1.3459999999999992,0.40363377240045584,-0.5289999999999999,-1.652000000000001,False,False,0.3168663740158081,0.5256167054176331,0.9202603936195374,0.09271445870399475,0.24042068421840668,0.2648093193769455,0.013141548307612539,0.2059551104903221,0.4258182287216187,0.4789435565471649,0.9504058957099915,0.9967677116394043,0.9308974742889404,0.8865722417831421,0.719617223739624,-5.1493135179518195,10.998093137603565,51.50379784360799,-18.197461883187408,-5.006321830522351,-0.10079775933785955,False,False,False,not_evaluated_cross_domain_gate,False
A6PX-P024-0013,CCc1cc(C2=CC(c3ccc4c(=O)n(-c5ccc[nH+]c5)c(C)[nH+]c4c3)=C2)n[nH]1,25_adrb1_full,full,P08588__P21728,P08588,P21728,25_adrb1_full::ZINC000771724267,ZINC000771724267,0.24444444444444444,381.4390000000001,3.8552200000000028,76.46000000000001,4,1,5,0.5824128185884233,2.9938732625777593,-8.28,-6.168,-2.174999999999999,-1.3539999999999992,0.39354147035463594,-0.5289999999999999,-1.645999999999999,True,False,0.42013391852378845,0.5731040596961975,0.907516348361969,0.7466946363449096,0.5960601747035981,0.6956023454666138,0.0866247784346342,0.8569076418876648,0.28484353721141814,0.5731905162334442,0.943697714805603,0.9996376633644104,0.9112637519836426,0.6608739018440246,0.8193392157554626,-5.209993481528857,11.02502918320707,13.164699364227777,19.083329240614773,-4.704330232848669,-3.1645245974787897,True,False,False,seed_baseline_missing_or_failed,False
A6PX-P024-0091,C[C@H](O)c1nnc(-c2cc(-c3ccc4c(=O)n(-c5ccccc5)c(=O)n(C)c4c3)on2)o1,25_adrb1_full,full,P08588__P21728,P08588,P21728,25_adrb1_full::ZINC000771724267,ZINC000771724267,0.3103448275862069,431.40800000000013,2.4477,129.18,4,1,10,0.4593487329548695,3.14827816919019,-8.614,-6.522,-2.0309999999999997,-1.9379999999999997,0.06332105144069856,-0.5289999999999999,-1.5019999999999998,True,False,0.17088831961154938,0.31818145215511323,0.8831125140190125,0.0452371034771204,0.06314161084592343,0.13488693311810493,0.007847702770959586,0.11706919744610786,0.2634447753429413,0.4172476023435593,0.97746262550354,0.9764283061027527,0.760482382774353,0.7998695731163025,0.6176794230937958,-5.0985557816797975,21.771865699947472,21.029696712642924,21.08642680023305,-3.7051935734461052,-2.309687988897706,True,False,False,seed_baseline_missing_or_failed,False
A6PX-P024-0122,CC1=[NH+]c2cc(-c3cc(-c4c[nH]c(N(C)C)n4)c(C)o3)ccc2S(=O)(=O)N1c1cccc(F)c1,25_adrb1_full,full,P08588__P21728,P08588,P21728,25_adrb1_full::ZINC000771724267,ZINC000771724267,0.18811881188118812,479.53700000000015,5.109020000000005,94.80000000000001,4,1,6,0.43898505548525174,3.5010303231922473,-8.593,-6.571,-1.9670000000000005,-1.7199999999999998,0.17929925326733046,-0.5289999999999999,-1.4380000000000006,False,False,0.09475118592381478,0.40645373463630674,0.8935864090919494,0.5889691352844239,0.8703385472297669,0.9021176815032959,0.3930534601211548,0.7176287055015564,0.5307861506938935,0.1016355037689209,0.9637797117233277,0.9989354968070984,0.8564383149147033,0.9173430562019348,0.9428607821464539,-5.221432603077998,28.1710063483417,30.413225945419917,71.36367906420689,-3.769028076613691,-3.6752240348210945,False,False,False,not_evaluated_cross_domain_gate,False
A6PX-P024-0105,CNC(=O)c1cc(-c2cc(-c3ccc4c(=O)n(-c5ccccc5)c(C)cc4c3)on2)ccn1,25_adrb1_full,full,P08588__P21728,P08588,P21728,25_adrb1_full::ZINC000771724267,ZINC000771724267,0.3411764705882353,436.4710000000001,4.375720000000004,90.02000000000001,4,1,6,0.45168912648994947,2.5169082518758525,-8.792,-6.566,-1.8679999999999994,-1.7220000000000004,0.2821394454284385,-0.5289999999999999,-1.3389999999999995,False,False,0.27686643600463867,0.5806695699691773,0.8697622895240784,0.13953107669949533,0.22987340092658998,0.228485569357872,0.028004299569875,0.44961448907852175,0.3544114887714386,0.4856888711452484,0.9469682931900024,0.9908964037895203,0.9154683470726013,0.9608567237854004,0.8233853578567505,-5.2823465073392795,36.759251698604956,31.609687914203896,102.18498579284054,-4.988304943629413,-4.577688516762852,False,False,False,not_evaluated_cross_domain_gate,False
A6PX-P024-0096,Cc1ccccc1-n1c(C)nc2cc(-c3nc(-c4ccnc(C(N)=O)c4)no3)ccc2c1=O,25_adrb1_full,full,P08588__P21728,P08588,P21728,25_adrb1_full::ZINC000771724267,ZINC000771724267,0.3950617283950617,438.4470000000001,3.213440000000001,129.79000000000002,4,1,8,0.45586116513747077,2.5147286067729144,-8.84,-7.138,-1.702,-1.3730000000000002,0.2218262583394693,-0.5289999999999999,-1.173,True,False,0.4242170453071594,0.49678492546081543,0.9350253462791442,0.045991632528603076,0.07378257066011429,0.13233548104763032,0.005133514595218003,0.18504893109202386,0.4144926071166992,0.5440703988075256,0.9699793100357056,0.9935612678527832,0.9014537811279297,0.736224627494812,0.7567874312400817,-5.2497744684726735,7.6578231390903095,47.15986797506426,1.4495794085489806,-4.581022288491197,1.1670483066301212,True,False,False,seed_baseline_missing_or_failed,False
A6PX-P024-0009,Cc1[nH+]c2cc(C3=CC(c4cc(C(N)=O)[nH]n4)=C3)cc-2c(O)n1-c1ccccc1,25_adrb1_full,full,P08588__P21728,P08588,P21728,25_adrb1_full::ZINC000771724267,ZINC000771724267,0.25842696629213485,383.4110000000001,0.7214199999999991,106.66000000000001,3,2,5,0.6949667783275018,3.4871594806206616,-8.594,-6.98,-1.6320000000000006,-1.5229999999999997,0.18297722991308682,-0.5289999999999999,-1.1030000000000006,True,False,0.6672309219837189,0.688134890794754,0.9398918151855469,0.5115942597389221,0.3375156432390213,0.507464987039566,0.01632990948855877,0.4200890243053436,0.35783483386039733,0.4146472156047821,0.9669544696807861,0.999403202533722,0.8695861339569092,0.5253297507762908,0.6747212648391724,-5.22025394619021,-23.89478737524788,20.900910736951282,3.0336431326056656,-4.133175960169149,-2.7987273613625603,True,False,False,seed_baseline_missing_or_failed,False
A6PX-P024-0089,CC1=C(c2ccccc2)C(N)=C2C=CC(c3cc(-c4n[nH]c(C(C)N)n4)o[nH+]3)=CC=C2O1,25_adrb1_full,full,P08588__P21728,P08588,P21728,25_adrb1_full::ZINC000771724267,ZINC000771724267,0.15384615384615385,426.48000000000013,2.575590000000001,130.61,4,3,7,0.4596974005540756,4.150865649435696,-8.209,-6.549,-1.6309999999999993,-1.6079999999999997,0.5080251524831771,-0.5289999999999999,-1.1019999999999994,False,False,0.6616408705711365,0.4346556067466736,0.8834705710411072,0.6812277197837829,0.8277269601821899,0.7795323133468628,0.33168544471263883,0.8620126843452454,0.2861917018890381,0.4922830522060394,0.8772411584854126,0.9992434740066528,0.8781576991081238,0.7323871493339539,0.8466739058494568,-6.058077112271003,-1.126015430408907,8.658921134942133,-21.061313500336077,-2.9557947032173475,-0.2990168590794811,False,False,False,not_evaluated_cross_domain_gate,False
A6PX-P024-0007,NC(=O)C1=CC(c2cc(-c3ccc4c(=O)n(C5CCCC5)c(O)nc4c3)co2)=N1,25_adrb1_full,full,P08588__P21728,P08588,P21728,25_adrb1_full::ZINC000771724267,ZINC000771724267,0.35365853658536583,390.39900000000017,2.2367999999999997,123.45,4,2,6,0.7088158198500638,3.0686696119527452,-8.809,-7.019,-1.588,-1.0790000000000006,0.3692536015020324,-0.5289999999999999,-1.0590000000000002,True,False,0.41222901046276095,0.6138976871967315,0.8988730669021606,0.8826452493667603,0.5997650504112244,0.6779542326927185,0.024777730740606786,0.44481548070907595,0.12676791697740555,0.22675274461507797,0.9737623810768128,0.9997342586517334,0.8459320187568664,0.5937856733798981,0.5035083889961243,-4.958392016608249,-0.3483030230053231,7.709390285094396,29.603542033665214,-5.8761473244563796,-3.150020139104113,False,False,False,not_evaluated_cross_domain_gate,False
A6PX-P024-0012,NC(=O)c1cn(C2=CC(c3ccc(C(=O)[C@@H](CO)c4ccccc4)cc3)=C2)nn1,25_adrb1_full,full,P08588__P21728,P08588,P21728,25_adrb1_full::ZINC000771724267,ZINC000771724267,0.20689655172413793,386.41100000000006,2.2739000000000003,111.10000000000001,7,2,6,0.605290946300723,3.2019195871873,-7.872,-6.344,-1.5779999999999994,-1.0060000000000002,0.27324754751364577,-0.5289999999999999,-1.0489999999999995,True,False,0.6235886693000794,0.4970048785209656,0.8997844576835632,0.4797504484653473,0.5232690751552582,0.6076925039291382,0.043141706846654415,0.15936717242002488,0.48704253435134887,0.265960219502449,0.9459890484809875,0.9987371444702149,0.8010239005088806,0.7250897407531738,0.3375421971082687,-5.122698485593476,26.508774495263292,23.981967635679386,-10.21167582670715,-3.8395889370162237,-3.8325373919476937,True,False,False,seed_baseline_missing_or_failed,False
A6PX-P024-0030,Cc1[nH]c2cc(C=CCCn3c[nH+]c(C(N)=O)c3)ccc2c(=O)c1-c1ccccc1,25_adrb1_full,full,P08588__P21728,P08588,P21728,25_adrb1_full::ZINC000771724267,ZINC000771724267,0.24731182795698925,398.46600000000007,3.902420000000002,93.77000000000001,6,2,4,0.5156742413180404,2.7419387912355067,-7.831,-6.285,-1.5460000000000003,-1.0420000000000007,0.2810092920567253,-0.5289999999999999,-1.0170000000000003,False,False,0.533601188659668,0.6542246103286743,0.8594178676605224,0.6761494278907776,0.7861321210861206,0.8529877305030823,0.2710749953985214,0.8608490705490113,0.3135033339262009,0.5251642465591431,0.7905707359313965,0.999337661266327,0.8467013120651246,0.9263046026229859,0.8965852618217468,-5.510743686717116,27.106666283339926,40.69556899201956,14.36196178001867,-4.5450941914290075,-5.664874222504207,False,False,False,not_evaluated_cross_domain_gate,False
A6PX-P024-0071,Cc1nc2cc(-c3nc(-c4ccnc(C(N)=O)c4)no3)ccc2c(=O)n1-c1ccccc1,25_adrb1_full,full,P08588__P21728,P08588,P21728,25_adrb1_full::ZINC000771724267,ZINC000771724267,0.48,424.4200000000001,2.9050200000000013,129.79000000000002,4,1,8,0.46934516402037396,2.433685822663497,-8.552,-6.787,-1.4880000000000004,-1.1029999999999998,0.6041660919537498,-0.5289999999999999,-0.9590000000000005,False,False,0.40687220394611356,0.5036358654499054,0.9416759848594666,0.06903311125934124,0.05705373361706734,0.1105029433965683,0.005036514322273433,0.1375644847750664,0.3835803747177124,0.5511856436729431,0.9774764537811279,0.9923986792564392,0.8974791526794433,0.6434882342815399,0.7253726482391357,-5.278934766284614,10.024279600711106,40.09643320476736,-3.656527945271739,-4.49924050485649,0.06283645691622067,False,False,False,not_evaluated_cross_domain_gate,False
A6PX-P024-0066,Cc1nc2cc(-c3nc(-c4ccc(C(N)=O)cc4)no3)ccc2c(=O)n1-c1ccccc1,25_adrb1_full,full,P08588__P21728,P08588,P21728,25_adrb1_full::ZINC000771724267,ZINC000771724267,0.5285714285714286,423.4320000000001,3.5100200000000017,116.9,4,1,7,0.47272269537400546,2.2400458561083116,-8.268,-6.755,-1.3969999999999994,-1.3720000000000008,0.16130784922694266,-0.5289999999999999,-0.8679999999999994,False,False,0.3483103960752487,0.42060706615447996,0.9466963171958923,0.0324241210706532,0.05746447872370482,0.11833907887339593,0.0029724951717071237,0.060638445615768435,0.5574847519397735,0.4700994551181793,0.9858109474182128,0.9659441232681274,0.7804428815841675,0.6600069165229797,0.7174846053123474,-5.201145736225803,9.985515368383759,39.65171230325694,12.309680215272982,-4.952471070595532,2.9915059124529555,False,False,False,not_evaluated_cross_domain_gate,False
A6PX-P024-0010,CC1=C(c2ccccc2)C(=O)N2C=CC=C(c3nc(-c4c[nH+]cc(C(=N)O)c4)[nH+]o3)C=C2N1,25_adrb1_full,full,P08588__P21728,P08588,P21728,25_adrb1_full::ZINC000771724267,ZINC000771724267,0.29347826086956524,438.4470000000001,3.0695000000000014,127.57000000000001,4,1,7,0.6667669887030748,3.7695340758316487,-8.805,-7.507,-1.2319999999999993,-1.141,0.08854502934791038,-0.5289999999999999,-0.7029999999999994,False,False,0.2778408944606781,0.6022504925727844,0.9119927048683166,0.2510584592819214,0.35423927903175356,0.5979429244995117,0.02065024971961975,0.36689245998859404,0.1721314549446106,0.46885421872138977,0.983318293094635,0.9983286499977112,0.933407473564148,0.6864434123039246,0.5646057069301605,-5.100339281009341,3.1015412145646124,51.21695111096233,-4.164633099783261,-5.0147268366100475,1.1912202997747843,False,False,False,not_evaluated_cross_domain_gate,False
A6PX-P024-0015,Cc1[nH+]c2cc(C3=[NH+]C(c4ccc(N(C)C)[nH]4)=C3)ccc2c(=O)n1-c1ccccc1,25_adrb1_full,full,P08588__P21728,P08588,P21728,25_adrb1_full::ZINC000771724267,ZINC000771724267,0.2976190476190476,395.46600000000007,3.9320200000000023,66.28,4,1,5,0.5693200733476563,2.954123806493847,-7.37,-6.078,-1.226,-1.2139999999999995,0.06711846905948401,-0.5289999999999999,-0.6970000000000001,False,False,0.5087649106979371,0.6230211377143859,0.8905004858970642,0.6284147739410401,0.36639094948768614,0.27022228837013246,0.03412470482289791,0.349871626496315,0.45462027490139006,0.2553279846906662,0.9694278717041016,0.9975185036659241,0.8648252964019776,0.9014268040657043,0.8739164710044861,-5.042127691514121,32.597296051619345,24.319409756533158,22.068050813683676,-5.1423902801506784,-3.044229617231115,False,False,False,not_evaluated_cross_domain_gate,False
A6PX-P024-0028,Cc1nc2c(c(=O)n1-c1ccccc1)C=CNC(c1cc(-c3ccc(N(C)C)[nH+]c3)[nH+]o1)=C2,25_adrb1_full,full,P08588__P21728,P08588,P21728,25_adrb1_full::ZINC000771724267,ZINC000771724267,0.2553191489361702,438.4910000000001,3.7289200000000013,89.08,4,1,8,0.5192984111416348,3.3006923814305082,-7.963,-6.498,-1.1760000000000002,-1.165,0.300082581226494,-0.5289999999999999,-0.6470000000000002,False,False,0.560717648267746,0.524424934387207,0.9278075098991394,0.24736021012067794,0.13710377663373946,0.09189347252249717,0.06108683962374926,0.5648261666297912,0.32078061401844027,0.41795905232429503,0.9720453143119812,0.9950535535812378,0.9399782180786133,0.8844134330749511,0.9039820313453675,-5.189108705737995,48.68424982587901,47.418067805911555,60.761557040671846,-4.759107632967728,5.217331066847592,False,False,False,not_evaluated_cross_domain_gate,False
A6PX-P027-0182,O=C([C@@H]1Cc2ccccc2[C@H](Cn2cc(O)c(=O)c3ccccc32)N1)N1CCOCC1,27_p08908_full,full,P08908__P21917,P08908,P21917,27_p08908_full::ZINC000009056348,ZINC000009056348,0.21348314606741572,419.48100000000005,1.8214999999999997,83.80000000000001,3,2,6,0.6767608164051089,3.5154885178296222,-8.263,-6.729,-1.3529999999999998,-1.0830000000000002,0.3150135799541912,-0.17600000000000016,-1.1769999999999996,True,False,0.17938200533390045,0.5015902638435363,0.6680826067924499,0.06383149176836014,0.43251267075538635,0.2050527572631836,0.10556482076644898,0.8057978630065918,0.0734199695289135,0.31410195529460905,0.7767297387123108,0.9950687050819397,0.796204400062561,0.5441050946712493,0.6162479817867279,-5.163702642282511,38.883835409328725,45.971308099283725,4.3024709259151805,-2.9223085031634155,-6.456559196916112,True,False,False,seed_baseline_missing_or_failed,False
A6PX-P028-0172,CC(C)CNC(=O)c1ccc(O)c(CCNC(=O)[C@@]2(c3ccccc3)CCC(=O)NC2)c1,28_p08908_partial,partial,P08908__P35462,P08908,P35462,28_p08908_partial::ZINC001468710053,ZINC001468710053,0.3488372093023256,437.54000000000025,2.284700000000001,107.53,8,4,4,0.508186687492876,3.069629428699912,-7.084,-4.618,-2.29,-1.3009999999999993,0.6902088250828313,-1.9669999999999996,-0.3230000000000004,False,False,0.20580382645130157,0.38195314407348635,0.5753427743911743,0.04273948445916176,0.24581094682216645,0.20927227959036826,0.12095804214477539,0.6290000438690185,0.2158087119460106,0.16082627326250076,0.34314256310462954,0.9629517793655396,0.6873674273490906,0.2239585444331169,0.47247247099876405,-5.628134892962592,33.28486834837058,39.97150764700656,-26.78416871729835,-3.848950502107803,1.6929300093023738,False,False,False,not_evaluated_cross_domain_gate,False
A6PX-P028-0038,CN1Cc2cc3cc(CNC(=O)[C@@]4(c5ccccc5)CCC(=O)NC4)ccc3nc2C1,28_p08908_partial,partial,P08908__P35462,P08908,P35462,28_p08908_partial::ZINC001468710053,ZINC001468710053,0.3333333333333333,414.5090000000002,2.6444,74.33,4,2,4,0.6884133099516255,3.278896005290987,-7.715,-6.09,-1.9879999999999995,-1.2599999999999998,0.35147056143517286,-1.9669999999999996,-0.020999999999999908,False,False,0.22791366428136825,0.8255132436752319,0.5956304192543029,0.039168534055352214,0.13536611814051866,0.0960964212194085,0.20250249654054642,0.38291653990745544,0.08933009952306747,0.5287871837615967,0.4132331311702728,0.9878933906555176,0.8045709133148193,0.3852249503135681,0.5703221380710601,-5.302780413475865,17.304206421886665,51.56975634256224,45.20059641975737,-3.177050333424309,-3.394138712001518,False,False,False,not_evaluated_cross_domain_gate,False
A6PX-P030-0083,CCC(=O)N[C@]12C(=O)NCCN1[C@H](c1ccccc1)[C@H]1C(=O)N(c3ccccc3F)[C@H](C)[C@H]12,29_p08912_full,full,P08172__P08912,P08912,P08172,29_p08912_full::ZINC000245318911,ZINC000245318911,0.32967032967032966,450.5140000000001,2.2024,81.75,4,2,4,0.7485178037283355,4.296877764291602,-7.272,-4.798,-2.3980000000000006,-2.3529999999999998,0.12743189902410212,-2.016,-0.38200000000000056,True,False,0.1372095301747322,0.8460976481437683,0.7152266383171082,0.003825697931461036,0.2802643314003944,0.15597163513302803,0.024136291863396764,0.5492471426725387,0.17767286896705628,0.19884307831525802,0.7648674368858337,0.9974180102348328,0.8297566175460815,0.45330661833286284,0.7909004926681519,-5.068557215673795,47.03879220818815,53.9099445515223,4.258730376254513,-4.07781026439402,2.3555813161645434,True,False,False,seed_baseline_missing_or_failed,False
A6PX-P030-0090,COC(=O)C[C@]12C(=O)NC=CN1[C@H](c1ccccc1)[C@H]1C(=O)[C@@H](c3ccccc3F)N(C)[C@H]12,29_p08912_full,full,P08172__P08912,P08912,P08172,29_p08912_full::ZINC000245318911,ZINC000245318911,0.29347826086956524,449.4820000000002,2.3259,78.95,4,1,6,0.7222828365369328,4.532500593075721,-7.169,-4.615,-2.3890000000000002,-2.1879999999999997,0.17608773065971658,-2.016,-0.3730000000000002,True,False,0.18837749622762204,0.8371698975563049,0.9362849831581116,0.0049817967927083375,0.20092770159244538,0.10125427041202784,0.030731616262346505,0.7497312903404236,0.1088858924806118,0.31668080389499664,0.7000596642494201,0.9991748452186584,0.930843710899353,0.7744457960128784,0.5164710998535156,-4.7871976918359795,102.59981807132836,55.17733389507271,3.6364129446117666,-4.195379386695999,4.278371722962712,True,False,False,seed_baseline_missing_or_failed,False
A6PX-P030-0135,COC(=O)C[C@]12COCCN1[C@H](c1ccccc1)[C@H]1C(=O)N(c3ccccc3F)C(=O)[C@H]12,29_p08912_full,full,P08172__P08912,P08912,P08172,29_p08912_full::ZINC000245318911,ZINC000245318911,0.5128205128205128,438.45500000000015,3.2212000000000027,84.16,4,2,7,0.6089017165240914,3.776236311483686,-6.532,-4.322,-2.144,-2.0440000000000005,0.07921279357948856,-2.016,-0.1280000000000001,True,False,0.29460998326539994,0.7758996725082398,0.84596027135849,0.017538899090141058,0.47645464539527893,0.5242042481899262,0.03714240062981844,0.7398995399475098,0.051624659448862076,0.40347962379455565,0.8555979132652283,0.9987372756004333,0.9281201839447022,0.4828576147556305,0.781504499912262,-4.464357842933985,61.257144016432996,88.74915892903459,-3.7725730647243894,-4.171134142363223,5.092920922948608,True,False,False,seed_baseline_missing_or_failed,False
A6PX-P030-0187,COC(=O)C[C@]12C(=O)NC=CN1[C@H](c1ccccc1)[C@H]1C(=O)N(c3ccccc3)C(=O)[C@H]12,29_p08912_full,full,P08172__P08912,P08912,P08172,29_p08912_full::ZINC000245318911,ZINC000245318911,0.52,431.4480000000002,2.652900000000001,104.03000000000002,4,3,7,0.5489865684456743,3.9749636149494503,-6.392,-4.242,-2.117,-1.9569999999999999,0.11939104749612632,-2.016,-0.10099999999999998,True,False,0.11413288787007332,0.3635182559490204,0.8217612385749817,0.005553527735173702,0.16894401013851165,0.2536525085568428,0.008785172551870345,0.2904875040054321,0.08663705661892891,0.11283240765333176,0.9263547778129577,0.9667769074440002,0.6614582896232605,0.4501495182514191,0.3086829543113708,-4.895785005269807,41.08001321847963,75.71320146368316,27.633302627005623,-4.3359676408240135,-3.8891227105546142,False,False,False,not_evaluated_cross_domain_gate,False
A6PX-P031-0116,CC(=O)C1=C(C)[C@H](CC(=O)N2CCn3c(nnc3C3CCCC3)C2)[C@@H](O)CCC1(C)C,30_p08912_partial,partial,P08173__P08912,P08912,P08173,30_p08912_partial::ZINC000676220106,ZINC000676220106,0.4666666666666667,428.57700000000034,3.3706000000000014,88.32000000000001,4,1,6,0.7942975842612939,3.89315907239134,-7.29,-5.589,-1.646,-1.1029999999999998,0.3402263952135404,-1.3009999999999993,-0.34500000000000064,True,False,0.1678149588406086,0.8892705559730529,0.8237556457519531,0.0002281644818140194,0.06515831276774406,0.028021055925637483,0.01822562199085951,0.5253059685230255,0.08839788883924485,0.12235393971204758,0.3739587664604187,0.9997268199920655,0.9510906100273132,0.7472267866134643,0.07218360453844071,-5.041877841261084,60.478549112099834,59.72773729967546,-14.979465806694416,-3.060907905666596,-7.594643367006204,True,True,False,not_dual_endpoint_improved,False
A6PX-P031-0004,O=C(C[C@H]1Cc2ccccc2ON1)N1CCn2c(nnc2C2CCCC2)C1,30_p08912_partial,partial,P08173__P08912,P08912,P08173,30_p08912_partial::ZINC000676220106,ZINC000676220106,0.4342105263157895,367.45300000000026,2.1762999999999995,72.28,3,1,6,0.9002148822036566,3.389121340449689,-7.276,-5.642,-1.6339999999999995,-1.1710000000000003,0.238202994663515,-1.3009999999999993,-0.3330000000000002,True,False,0.6815923452377319,0.9130820274353028,0.9145140886306763,0.020123780891299247,0.3304005742073059,0.019344519451260568,0.07675119489431381,0.8073233604431153,0.07944758832454682,0.31838811933994293,0.45137448608875275,0.9998415827751159,0.9346964359283447,0.3590520232915878,0.1812488853931427,-5.530115755847713,20.958031539729816,34.788957687897074,14.84731546153499,-2.622338178076048,-0.2291883103261343,True,True,False,not_dual_endpoint_improved,False
A6PX-P031-0035,O=C(Cc1nc2c(s1)CCC2)N1CCn2c(nnc2C2CCCC2)C1,30_p08912_partial,partial,P08173__P08912,P08912,P08173,30_p08912_partial::ZINC000676220106,ZINC000676220106,0.4444444444444444,357.48300000000023,2.4658000000000007,63.910000000000004,3,0,6,0.8464355445624737,2.7974354357608426,-6.605,-5.251,-1.471,-1.0620000000000003,0.21038219189529006,-1.3009999999999993,-0.17000000000000082,True,False,0.1613546133041382,0.9547045111656189,0.917522931098938,0.030904800817370414,0.41594925820827483,0.04984808769077063,0.006512306141667068,0.5701609075069427,0.039972875546664,0.03580106310546398,0.7019057512283325,0.9998793005943298,0.9783442139625549,0.48999022245407103,0.0546241806820035,-5.267100681751314,48.50046349257019,45.522605542480946,0.8361361586356886,-2.3694858964057914,0.12076206112478056,True,True,False,not_dual_endpoint_improved,False
A6PX-P031-0108,O=C1Cc2ccccc2CCN1CC(=O)N1CCn2c(nnc2C2CCCC2)C1,30_p08912_partial,partial,P08173__P08912,P08912,P08173,30_p08912_partial::ZINC000676220106,ZINC000676220106,0.5070422535211268,393.4910000000002,1.9052999999999998,71.33,3,0,5,0.7986441158752926,2.640835238263307,-7.04,-5.553,-1.4509999999999996,-1.2059999999999995,0.12890565025113032,-1.3009999999999993,-0.15000000000000036,True,False,0.17667137682437897,0.9530835747718811,0.7968994617462158,0.0029223516816273333,0.2393397718667984,0.04019509255886078,0.022292062919586898,0.5250643432140351,0.04927475359290838,0.0762373186647892,0.47800933122634887,0.9989726781845093,0.932142722606659,0.61646066904068,0.11851619556546211,-5.215322418742467,57.57338855317478,66.59217232576904,-1.2971443110099083,-2.006357339309679,-2.5674597051310646,True,True,False,not_dual_endpoint_improved,False
A6PX-P032-0098,Cc1ccc(N2CCO[C@]3(CCOC(C)(C)O3)C2)c(=N)[nH]1,31_p08912_full,full,P08912__P11229,P08912,P11229,31_p08912_full::ZINC000744265361,ZINC000744265361,0.039473684210526314,293.3670000000001,1.6781199999999996,69.84,1,1,6,0.8492678263091534,4.06401664623438,-6.862,-5.371,-1.4960000000000004,-1.4740000000000002,0.024344746182013287,-1.4909999999999997,-0.005000000000000782,True,False,0.7953811526298523,0.9838287234306335,0.9888444066047668,0.013138850126415491,0.170002219080925,0.01819990542717278,0.0012202668440295383,0.08654352482408285,0.059895947482436894,0.11925496757030488,0.5149276077747345,0.9999767541885376,0.9787530899047852,0.01080102230189368,0.20006543044000863,-4.56928921450777,11.380277326761663,-7.673484073106955,1.6713859291026707,-2.1857839808112436,12.17290342253214,True,True,False,not_dual_endpoint_improved,False
A6PX-P029-0151,CCc1c(-c2ccccc2)cc(O)c2c1NC=C(O)C=C2C(=O)N1CCC([N@H+]2C[C@H]3Oc4ccccc4N(C)[C@H]3C2=O)CC1,33_acm5_full,full,P08912__P21728,P08912,P21728,33_acm5_full::ZINC000017149086,ZINC000017149086,0.17857142857142858,592.6960000000004,4.479500000000005,102.75000000000001,4,1,7,0.4795249116077717,4.389972159730546,-9.418,-5.834,-3.6260000000000012,-3.547999999999999,0.23223886171114588,-3.1309999999999993,-0.4950000000000019,True,True,0.07648339420557022,0.6433574140071869,0.6099369823932648,0.06543509215116501,0.5952174603939057,0.4234985888004303,0.06239449046552181,0.7252740263938904,0.0706264715641737,0.11723926961421967,0.8642256617546081,0.9975858926773071,0.8699197411537171,0.9424348831176758,0.666524076461792,-4.951983393815661,69.28510731835233,78.51079978041221,13.870013654326646,-5.6160073081292605,3.8266321617602848,True,True,True,dual_endpoint_improved,True
A6PX-P035-0211,CN1C(=O)[C@](C)(C2=C3N=CCN3[C@H]([C@@]3(O)C(=O)N(C)c4ccccc43)c3nocc32)c2ccccc21,35_p08913_full,full,P08913__P18825,P08913,P18825,35_p08913_full::ZINC000001612081,ZINC000001612081,0.35294117647058826,481.5120000000002,2.5828000000000007,102.48,2,1,7,0.6037642866965168,4.579842436822382,-10.751,-5.917,-4.834,-4.831,0.0092736184954958,-4.2620000000000005,-0.5719999999999992,True,False,0.133889339864254,0.6348691821098328,0.7509406566619873,0.006661017332226038,0.26562930941581725,0.25181077867746354,0.032823920343071224,0.6750574588775635,0.14539001733064652,0.15603075176477432,0.9170299172401428,0.995088541507721,0.9070224046707154,0.8406919956207275,0.7315035700798035,-4.807575949144635,29.061104419765762,70.29391167259283,102.64924068589633,-3.391830007344198,2.5766644697228784,True,True,False,not_dual_endpoint_improved,False
A6PX-P035-0196,CN1C(=O)[C@](C)([C@H]2C3=NC=CC3[C@@H]([C@@]3(O)C(=O)N(C)c4ccccc43)[C@]3(O)CCC[C@H]23)c2ccccc21,35_p08913_full,full,P08913__P18825,P08913,P18825,35_p08913_full::ZINC000001612081,ZINC000001612081,0.3382352941176471,497.59500000000025,3.1466000000000016,93.44000000000001,2,2,5,0.6667838026456193,4.981056601164755,-10.273,-5.439,-4.8309999999999995,-4.83,0.0054365021434336904,-4.2620000000000005,-0.5689999999999991,True,False,0.0713346280157566,0.8788632273674011,0.7023776531219482,0.008650042687077076,0.3826148688793182,0.18448287397623062,0.06044247820973396,0.823263967037201,0.11589873004704714,0.17495068162679672,0.6668168783187867,0.9976115822792053,0.8608107328414917,0.7992034196853638,0.6674116492271424,-4.563458604175286,60.095045116872924,61.815234106375556,41.43632885833917,-3.9913945693974866,-6.4410242102996405,True,True,False,not_dual_endpoint_improved,False
A6PX-P035-0215,CN1C(=O)[C@](O)(c2c3c(c([C@@]4(O)C(=O)N(C)c5ccccc54)c4c2CCC4)CCC3)c2ccccc21,35_p08913_full,full,P08913__P18825,P08913,P18825,35_p08913_full::ZINC000001612081,ZINC000001612081,0.6428571428571429,480.56400000000036,3.0886000000000013,81.08,2,2,4,0.5908557773624632,3.8128044697651324,-10.589,-5.836,-4.753,-4.6930000000000005,0.06251044357189858,-4.2620000000000005,-0.49099999999999966,True,False,0.19736072719097136,0.8883172988891601,0.7754769325256348,0.029847076907753945,0.6456829011440277,0.4663445383310318,0.0339890374802053,0.7692805528640747,0.40102788209915163,0.10312853008508682,0.7323271036148071,0.9974611520767211,0.915285849571228,0.7922367095947266,0.8069001197814941,-4.570201925819283,-0.07364672734936875,32.51831249912282,181.04848563306845,-3.088192055854591,-5.088367326272789,True,True,False,not_dual_endpoint_improved,False
A6PX-P035-0216,CN1C(=O)[C@](O)(c2c3c(c([C@@]4(O)C(=O)N(C)c5ccccc54)c4c2CCO4)CCC3)c2ccccc21,35_p08913_full,full,P08913__P18825,P08913,P18825,35_p08913_full::ZINC000001612081,ZINC000001612081,0.6122448979591837,482.53600000000034,2.5348000000000006,90.31,2,2,5,0.5860749007308147,3.9428277155457305,-10.03,-5.533,-4.5169999999999995,-4.481,0.021060758665241645,-4.2620000000000005,-0.254999999999999,False,False,0.2630880087614059,0.730914694070816,0.8533203840255738,0.020826504193246366,0.5608033120632172,0.45661809146404264,0.0233946206048131,0.6408672869205475,0.33187432289123536,0.07760251611471176,0.8931143403053283,0.9957513213157654,0.9134340286254883,0.7792605936527253,0.7206856727600097,-4.650641530995138,5.706092368744549,57.64238373263832,126.3037242914944,-2.6637552663986006,0.45038752724734865,False,False,False,not_evaluated_cross_domain_gate,False
A6PX-P035-0253,Cc1c(O)c([C@@]2(C)C(=O)N(C)c3ccccc32)c2cccn2c1[C@@]1(C)C(=O)N(C)c2ccccc21,35_p08913_full,full,P08913__P18825,P08913,P18825,35_p08913_full::ZINC000001612081,ZINC000001612081,0.38596491228070173,465.55300000000017,4.518120000000004,65.26,2,1,4,0.47352626762832006,3.9266312005692887,-10.014,-5.578,-4.438,-4.3999999999999995,0.1057954000260257,-4.2620000000000005,-0.17599999999999927,True,False,0.10430213809013367,0.6161521792411804,0.7506411910057068,0.024337847530841828,0.5797981023788452,0.5283337831497192,0.081276985257864,0.91356201171875,0.262684328854084,0.09493855684995652,0.8582269549369812,0.9975221753120422,0.9582237720489502,0.8166441917419434,0.7725967407226563,-4.548218553230315,29.44919202202518,71.8628123546556,85.9407413956724,-4.675141957565921,2.563404270096006,False,False,False,not_evaluated_cross_domain_gate,False
A6PX-P035-0214,CN1C(=O)[C@](C)([C@@H]2C3=CN=CC3[C@@H]([C@@]3(O)C(=O)N(C)c4ccccc43)c3c2cnn3C)c2ccccc21,35_p08913_full,full,P08913__P18825,P08913,P18825,35_p08913_full::ZINC000001612081,ZINC000001612081,0.3188405797101449,493.5670000000002,2.983900000000001,91.03,2,1,6,0.5943677834357827,4.785797492488173,-10.367,-5.885,-4.410000000000001,-4.122,0.16122034611053304,-4.2620000000000005,-0.14800000000000058,True,False,0.11544341444969178,0.8152542352676392,0.7553053379058838,0.009904570248909294,0.3722981661558151,0.3467125967144966,0.061539527773857114,0.9240983128547668,0.26706804633140563,0.17876987308263778,0.8403675556182861,0.9993956804275512,0.8721402525901795,0.9317963004112244,0.7937636733055115,-4.719839157502981,43.087536506973706,76.39316904669568,88.14774125460212,-3.000079738873112,-7.86344429118351,False,False,False,not_evaluated_cross_domain_gate,False
A6PX-P035-0234,Cc1c(O)c([C@@]2(O)C(=O)N(C)c3ccccc32)c2c(c1[C@@]1(O)C(=O)N(C)c3ccccc31)OCC2,35_p08913_full,full,P08913__P18825,P08913,P18825,35_p08913_full::ZINC000001612081,ZINC000001612081,0.5882352941176471,472.4970000000003,2.0601199999999995,110.54,2,3,6,0.526776984751862,3.9146221601251963,-9.71,-5.306,-4.404000000000001,-4.398999999999999,0.04459446901429203,-4.2620000000000005,-0.14200000000000035,True,False,0.22837872803211212,0.4194283545017242,0.7275379538536072,0.017020710092037917,0.26419948488473893,0.31336776465177535,0.014650638960301877,0.5086209237575531,0.1718436971306801,0.07520436979830265,0.8913422465324402,0.9846063137054444,0.7774351239204407,0.4228947550058365,0.7302590370178222,-4.977580851232691,28.43085554474201,49.63845084267486,73.75660604872272,-3.4772243056838006,-6.169945468480098,False,False,False,not_evaluated_cross_domain_gate,False
A6PX-P035-0112,CN1C(=O)[C@](O)(c2c3c(c(C4=NCCNc5ccccc54)c4c2OCO4)OCO3)c2ccccc21,35_p08913_partial,partial,P08913__P18825,P08913,P18825,35_p08913_partial::ZINC000001612081,ZINC000001612081,0.6481481481481481,471.4690000000003,2.619200000000001,101.85000000000002,2,2,8,0.5925350423679864,3.7455325183240715,-9.875,-5.279,-4.596,-4.554,0.025486379804820332,-4.2620000000000005,-0.33399999999999963,True,False,0.1410196613520384,0.9213650226593018,0.8862642526626587,0.26335441172122953,0.7568196773529052,0.5154955208301544,0.1632330298423767,0.9225591063499451,0.14688751846551895,0.1502110943198204,0.9212541699409484,0.9986157298088074,0.8916298627853394,0.8460354924201965,0.8271672487258911,-4.40284638718538,-19.865324380087582,13.22700948505518,77.98358420287215,-3.8165867474302373,-6.745146988643015,True,True,False,not_dual_endpoint_improved,False
A6PX-P035-0015,CN1CC[C@H](c2c3c(c([C@@]4(O)C(=O)N(C)c5ccccc54)c4c2OCO4)OCO3)N(C)CC1,35_p08913_partial,partial,P08913__P18825,P08913,P18825,35_p08913_partial::ZINC000001612081,ZINC000001612081,0.6862745098039216,453.4950000000004,1.6646999999999998,83.94000000000001,2,1,8,0.7354064647423441,3.9191586910492404,-9.434,-4.872,-4.561999999999999,-4.4830000000000005,0.04094169295745115,-4.2620000000000005,-0.29999999999999893,True,False,0.4091325044631958,0.9486291766166687,0.7506167173385621,0.047677785903215406,0.18584861755371093,0.04461045190691948,0.39170750677585603,0.5997063905000687,0.12431107759475708,0.7507395684719086,0.6895478904247284,0.9783362627029419,0.9155715227127075,0.43111384809017184,0.862188994884491,-4.501227987426072,-4.788001905482346,22.767898235409035,77.39721834331473,-1.8759252373902424,-5.203867300471245,False,False,False,not_evaluated_cross_domain_gate,False
A6PX-P035-0016,CN1CCN(C)CC(c2c3c(c([C@@]4(O)C(=O)N(C)c5ccccc54)c4c2OCO4)OCO3)C1,35_p08913_partial,partial,P08913__P18825,P08913,P18825,35_p08913_partial::ZINC000001612081,ZINC000001612081,0.7446808510638298,453.49500000000035,1.3171,83.94000000000001,2,1,8,0.7291774829715435,3.698984541849393,-9.342,-4.963,-4.382000000000001,-4.373,0.013474255287605132,-4.2620000000000005,-0.1200000000000001,True,False,0.38511453866958617,0.9502309441566468,0.733206570148468,0.054845028556883335,0.17279592752456666,0.029893553629517556,0.46530397832393644,0.5780315160751343,0.14474640786647797,0.7470458209514618,0.6659753084182739,0.9704724192619324,0.904319953918457,0.4000483065843582,0.8658080458641052,-4.502938553723022,-8.625577564966255,23.567702207793246,69.59943686973907,-1.628401748708893,-8.045043158686875,True,True,False,not_dual_endpoint_improved,False
A6PX-P035-0126,CN1C(=O)[C@](O)(c2c3c(c([C@H](c4ccccc4)N4CCOCC4)c4c2OCO4)OCO3)c2ccccc21,35_p08913_partial,partial,P08913__P18825,P08913,P18825,35_p08913_partial::ZINC000001612081,ZINC000001612081,0.660377358490566,502.5230000000003,2.7779000000000016,89.93000000000002,4,1,8,0.5828253731045999,3.817500733205895,-8.855,-4.465,-4.3580000000000005,-4.23,0.06912790078301724,-4.2620000000000005,-0.09600000000000009,True,False,0.2863029271364212,0.8060109555721283,0.8294979572296143,0.05059773847460747,0.748521339893341,0.6038857281208039,0.14644051119685172,0.9197114944458008,0.17585546225309373,0.4313430428504944,0.9155275583267212,0.9954390287399292,0.9031475782394409,0.768234658241272,0.8857036113739014,-4.1991830136660635,25.381817845545484,38.86984838909173,70.71358038707295,-3.842041187605382,-0.2044443919447696,False,False,False,not_evaluated_cross_domain_gate,False
A6PX-P035-0076,CN1C(=O)[C@](O)(c2c3c(c([C@H]4c5ccccc5CCN4C)c4c2OCO4)OCO3)c2ccccc21,35_p08913_partial,partial,P08913__P18825,P08913,P18825,35_p08913_partial::ZINC000001612081,ZINC000001612081,0.660377358490566,472.4970000000003,2.933600000000001,80.70000000000002,2,1,7,0.6143749679531387,3.8600032029876115,-9.631,-5.277,-4.354,-4.348000000000001,0.09337023080189916,-4.2620000000000005,-0.09199999999999964,True,False,0.34450115263462067,0.8746836304664611,0.7940696835517883,0.13903544917702676,0.795140266418457,0.5678514778614044,0.3407925501465797,0.9062147498130798,0.20478403121232985,0.37719117999076845,0.8720645785331727,0.9938030958175659,0.9070499300956726,0.9228246450424195,0.9004392504692078,-4.3061646211998506,24.74799361914569,48.25041918988439,94.31213955007084,-4.108256026930417,-2.070885445965664,False,False,False,not_evaluated_cross_domain_gate,False
A6PX-P035-0010,CN1CC[C@H](c2c3c(c([C@@]4(O)C(=O)N(C)c5ccccc54)c4c2OCO4)OCO3)CCC1=O,35_p08913_partial,partial,P08913__P18825,P08913,P18825,35_p08913_partial::ZINC000001612081,ZINC000001612081,0.6730769230769231,452.4630000000003,2.0822000000000003,97.77000000000001,2,1,7,0.7451464177065104,3.8998506714093057,-9.497,-5.202,-4.301,-4.2669999999999995,0.0628348806175541,-4.2620000000000005,-0.0389999999999997,True,False,0.17279159910976888,0.9015445232391357,0.7861729860305786,0.04744646959006786,0.5276383101940155,0.28338007628917694,0.05579216219484806,0.8991283416748047,0.0609093114733696,0.21380305290222168,0.8704481482505798,0.9988566040992737,0.9621208548545838,0.5677210807800293,0.6345200061798095,-4.281999931420775,10.085031989426264,25.909951262188336,60.22419239405126,-2.8918395414658242,-5.377197142781949,True,True,False,not_dual_endpoint_improved,False
A6PX-P036-0023,CC1=C(C(=O)NCc2ccnnc2)[C@H](c2ccc(O)cc2)c2c(cc(C)nc2C)N1,36_p0dms8_full,full,P0DMS8__P29275,P0DMS8,P29275,36_p0dms8_full::ZINC000006395255,ZINC000006395255,0.34177215189873417,401.4700000000002,3.3645400000000016,100.36,4,2,6,0.6981341532154791,3.683843914838719,-7.096,-5.261,-1.835,-1.8330000000000002,0.014165686240583755,-1.7829999999999995,-0.05200000000000049,True,True,0.1909084677696228,0.4925256371498108,0.925303840637207,0.0632246721535921,0.22106193453073503,0.3535479187965393,0.06508120000362397,0.8907981872558594,0.14668244272470474,0.3197533518075943,0.6619929611682892,0.9985725164413453,0.7965852856636048,0.4091933250427246,0.475812828540802,-5.585224866827655,25.71962732917667,57.27322069191972,-14.28124598269577,-4.246411101289114,-2.7926982907575058,True,True,True,dual_endpoint_improved,True
A6PX-P040-0011,O=C([C@@H]1C[C@H]2[C@H](CCN2c2nc(CN3CCOCC3)nc3sc4c(c23)CCC4)O1)N1CCC1,38_p11229_partial,partial,P08172__P11229,P11229,P08172,38_p11229_partial::ZINC001164797226,ZINC001164797226,0.9538461538461539,469.6110000000004,1.9807,71.03,4,0,8,0.6781618392052343,3.9712235551987725,-8.352,-6.542,-1.8230000000000004,-1.5580000000000007,0.13477470913425188,-1.7989999999999995,-0.02400000000000091,True,False,0.5304472208023071,0.9667927145957946,0.6023877859115601,0.12462664470076561,0.509507805109024,0.39656694531440734,0.06379655078053474,0.7673451542854309,0.0527146328240633,0.459802383184433,0.7511909186840058,0.9992794752120971,0.9758110523223877,0.7004492998123169,0.8056803941726685,-4.755698319795465,53.89742001405964,38.80567123550219,49.30934258481893,-2.113935131128497,1.6802785118762116,True,True,True,dual_endpoint_improved,False
A6PX-P039-0011,O=C(NC1CCCC1)c1cnn2c([C@@H]3CCCN3C(=O)[C@H]3CCCN4CCCC(=O)[C@H]34)ccnc12,42_m1_partial,partial,P11229__P20309,P11229,P20309,42_m1_partial::ZINC000257243296,ZINC000257243296,0.5974025974025974,478.5970000000004,2.508700000000001,99.91000000000001,4,1,7,0.7249363482477109,3.87266816842895,-7.524,-5.759,-1.7649999999999997,-1.678,0.04198677040317448,-0.12699999999999978,-1.638,True,True,0.0873758278787136,0.7976235628128052,0.6273241102695465,0.01584889329969883,0.23804208636283875,0.22822278067469598,0.11151542216539383,0.6636694192886352,0.07525994069874287,0.5233277142047882,0.7610591173171997,0.9981299996376037,0.8463633060455322,0.420862665772438,0.5532673060894012,-5.518799732243096,42.86349509310644,38.364826387519315,24.95425548286449,-2.903458106325452,7.986509563558732,True,True,True,dual_endpoint_improved,True
A6PX-P044-0037,C[C@@H]1c2[nH]c3ccccc3c(=O)c2C[C@]2(C(=O)N(C)C(=O)N(C)C2O)[C@]1(C)c1ccccc1F,44_p13945_full,full,P07550__P13945,P13945,P07550,44_p13945_full::ZINC000002347657,ZINC000002347657,0.24705882352941178,463.5090000000002,3.1133000000000015,93.71000000000001,1,2,4,0.5800072769241313,4.737695236343614,-12.662,-6.044,-6.618000000000001,-6.529,0.1407701041493615,-5.664000000000001,-0.9540000000000006,True,False,0.08111176639795303,0.9077181100845337,0.766001033782959,0.05291761383414269,0.35305061042308805,0.35307286977767943,0.025932933390140533,0.7495171546936035,0.0630839791148901,0.26317725479602816,0.8721956968307495,0.999901294708252,0.8911349892616272,0.40783939361572263,0.6916856527328491,-5.206046149088355,77.6489617247278,75.35108733985011,1.8494333917227586,-5.653657112161976,2.124100789585534,True,True,False,not_dual_endpoint_improved,False
A6PX-P044-0019,Cc1c2c(nc3ccccc13)N(C)[C@@H](c1ccccc1)[C@@]1(C2)C(=O)N(C)C(=O)N(C)C1O,44_p13945_full,full,P07550__P13945,P13945,P07550,44_p13945_full::ZINC000002347657,ZINC000002347657,0.43478260869565216,430.50800000000015,3.1054200000000014,76.98,1,1,5,0.6420395195877846,4.410221344090919,-11.788,-5.26,-6.502000000000001,-5.745,0.38484311377783825,-5.664000000000001,-0.8380000000000001,True,False,0.06798733696341515,0.8950361728668212,0.8543630599975586,0.15407274663448334,0.34942043423652647,0.34831600785255434,0.012518573622219264,0.6841390073299408,0.13497266471385955,0.4628287971019745,0.936300528049469,0.9998664855957031,0.9711580395698547,0.8295604348182678,0.8106863617897033,-4.705283998913866,74.84662492192254,102.3065574014897,24.39241241187603,-5.304377150243608,-0.06185926784276337,False,False,False,not_evaluated_cross_domain_gate,False
A6PX-P044-0038,CN1C(=O)N2CCN=C2[C@]2(Cc3c(nc4ccccc4c3F)N(C)[C@H]2c2ccccc2)C1=O,44_p13945_full,full,P07550__P13945,P13945,P07550,44_p13945_full::ZINC000002347657,ZINC000002347657,0.4788732394366197,443.4820000000002,3.400000000000002,69.11000000000001,1,0,5,0.5782044086444028,4.35758123823701,-12.543,-6.138,-6.463000000000001,-6.404999999999999,0.09538110691093685,-5.664000000000001,-0.7990000000000004,True,False,0.09778590872883797,0.9836478352546691,0.8886980652809143,0.1765720084309578,0.3653227001428604,0.31077616214752196,0.016557831107638775,0.7774299502372741,0.08538374677300453,0.3731998145580292,0.9388396620750428,0.9999241232872009,0.9880306005477906,0.7216245293617248,0.7210805058479309,-4.965116525182168,63.97613125382411,98.62003770958272,-4.4576997647188765,-6.51179758318915,-2.87349051633727,True,True,True,dual_endpoint_improved,True
A6PX-P044-0003,CN1C(=O)N(C)C(O)[C@]2(C=C3C(=O)c4ccccc4N=C3C(=O)[C@H]2c2ccccc2)C1=O,44_p13945_full,full,P07550__P13945,P13945,P07550,44_p13945_full::ZINC000002347657,ZINC000002347657,0.2857142857142857,429.4320000000002,2.0768999999999997,107.35,1,1,6,0.7469184064190945,4.58188098108314,-12.235,-5.862,-6.372999999999999,-5.157,0.5919549532410946,-5.664000000000001,-0.7089999999999987,True,False,0.08355886861681938,0.888948655128479,0.8732364058494568,0.19761429876089096,0.545989352464676,0.6267275929450988,0.02022119928151369,0.3921011611819267,0.08124769069254398,0.18387532532215117,0.9890349507331848,0.9999294757843018,0.9273691534996032,0.7081210613250732,0.47596806585788726,-4.582115866961567,75.3131493853842,74.42527622307492,11.410887298097524,-6.140971003151982,-2.807261289897975,True,True,False,not_dual_endpoint_improved,False
A6PX-P044-0015,CN1C=C(O)N[C@@]2(Cc3c(nc4ccccn4c3=O)N(C)[C@H]2c2ccccc2)C1=O,44_p13945_full,full,P07550__P13945,P13945,P07550,44_p13945_full::ZINC000002347657,ZINC000002347657,0.6290322580645161,403.44200000000006,0.7550999999999994,87.02,1,1,6,0.6482082913868505,4.2578818273870365,-11.374,-5.05,-6.324000000000001,-6.089,0.21009574536915807,-5.664000000000001,-0.6600000000000001,True,False,0.11966281980276108,0.510648763179779,0.8089970350265503,0.00972712179645896,0.07633476071059704,0.07495360374450684,0.002272874815389514,0.1769571915268898,0.13553429245948792,0.2745980203151703,0.9768794775009155,0.9919847130775452,0.8676409125328064,0.1951807275414467,0.34639611542224885,-4.707555327410459,48.830406277661424,40.22444770404713,26.980853566639666,-3.597838778983275,1.2048909509587278,True,True,True,dual_endpoint_improved,True
A6PX-P044-0032,CN1C[C@]2(Cc3c(nc4ccccc4c3F)N(C)[C@H]2c2ccccc2)C(=O)N(C)C1=O,44_p13945_full,full,P07550__P13945,P13945,P07550,44_p13945_full::ZINC000002347657,ZINC000002347657,0.43478260869565216,418.47200000000015,3.617700000000003,56.75000000000001,1,0,4,0.6058304168057574,4.243339652409459,-12.239,-5.986,-6.253000000000001,-6.190999999999999,0.18838435886948462,-5.664000000000001,-0.5890000000000004,True,False,0.1673073351383209,0.9843657612800598,0.8871663689613343,0.28458163887262344,0.28669123351573944,0.13956643342971803,0.014052600832656026,0.7789100289344788,0.09762445166707039,0.387537008523941,0.9105338811874389,0.9999302506446839,0.9887928485870361,0.38975256979465484,0.7191137433052063,-4.636819169519935,91.74337350928973,100.23711333969307,7.475106080992923,-6.558409331130326,-0.6088435229471527,False,False,False,not_evaluated_cross_domain_gate,False
A6PX-P044-0026,CN1C(=O)N(C)C(O)[C@]2(Cc3c(nc4ccccn4c3=O)N(C)[C@H]2c2ccccc2)C1=O,44_p13945_full,full,P07550__P13945,P13945,P07550,44_p13945_full::ZINC000002347657,ZINC000002347657,0.711864406779661,433.46800000000013,1.2566999999999997,98.46000000000001,1,1,7,0.6204832019759912,4.552239321619008,-11.695,-5.261,-6.218,-6.1499999999999995,0.12337206599010457,-5.664000000000001,-0.5539999999999994,True,False,0.044581975787878036,0.7118545889854431,0.8508403182029725,0.019445642456412317,0.046820104122161865,0.10281309485435486,0.0017820086563006044,0.1543938174843788,0.11888623684644699,0.42969763875007627,0.9755043745040893,0.9975311517715454,0.863435435295105,0.2189453899860382,0.5264396965503693,-4.701415194168718,55.99283870022168,62.56888136017382,30.222998188363498,-4.852684348131566,1.8837656410703978,False,False,False,not_evaluated_cross_domain_gate,False
A6PX-P044-0023,CN1C(=O)N2CCN=C2[C@@]2(Cc3c([nH]c4ccccc4c3=O)N(C)[C@H]2c2ccccc2)C1=O,44_p13945_full,full,P07550__P13945,P13945,P07550,44_p13945_full::ZINC000002347657,ZINC000002347657,0.4,441.4910000000002,2.5542000000000007,89.08,1,1,5,0.6286549789067631,4.35564130370346,-11.729,-5.61,-6.1770000000000005,-5.888,0.23474383200984542,-5.664000000000001,-0.5129999999999999,True,False,0.019829171150922774,0.9310143947601318,0.8583016395568848,0.1641171731054783,0.5454896092414856,0.5924833178520202,0.02619252968579531,0.8563430905342102,0.07410894185304642,0.3896161675453186,0.9532705545425415,0.9996344923973084,0.8830928921699523,0.822963011264801,0.7724301815032959,-5.332024129772337,51.51410932525765,67.96764872501991,2.317911721638236,-5.878622540155713,-6.100391178008444,False,False,False,not_evaluated_cross_domain_gate,False
A6PX-P044-0027,CN1C(=O)N(C)C(O)[C@@]2(Cc3c(nc4ccccc4c3O)N(C)[C@H]2c2ccccc2)C1=O,44_p13945_full,full,P07550__P13945,P13945,P07550,44_p13945_full::ZINC000002347657,ZINC000002347657,0.33783783783783783,432.48000000000013,2.0903000000000005,96.95,1,2,5,0.6138771512999206,4.490899304332924,-11.519,-5.48,-6.039,-5.781999999999999,0.13810382567715798,-5.664000000000001,-0.3749999999999991,True,False,0.019932381436228754,0.6898977279663085,0.794559097290039,0.054359573125839236,0.2270090401172638,0.23746455758810042,0.008685711259022354,0.46610647439956665,0.07855356186628341,0.30480958223342897,0.9508683562278748,0.9989370942115784,0.7251067161560059,0.44545320272445676,0.6919777512550354,-5.171893517059327,69.6041207636375,66.42787365778938,35.032428865891724,-5.125076549195571,-0.14287361395730186,False,False,False,not_evaluated_cross_domain_gate,False
A6PX-P044-0063,CN1C(=O)C([C@H]2Cc3ccccc3C(=O)N(C)c3nc4ccccc4c(O)c32)C(=O)N(C)C1=O,44_p13945_full,full,P07550__P13945,P13945,P07550,44_p13945_full::ZINC000002347657,ZINC000002347657,0.17647058823529413,458.4740000000003,1.5957,117.39999999999998,1,2,7,0.44934359840181454,3.411756503767908,-10.875,-4.905,-5.984,-5.711,0.13262562179139992,-5.664000000000001,-0.3199999999999994,True,False,0.063208282366395,0.473691326379776,0.8564414858818055,0.033553223684430124,0.21724670827388765,0.5373567163944244,0.0109531553927809,0.31010959595441817,0.23265185058116913,0.2396265000104904,0.9668468475341797,0.9806412935256958,0.6911529421806335,0.5679332494735718,0.6826986372470856,-4.964483571085799,28.81955939040058,25.96714753696275,22.111617653254836,-5.49614561676527,-2.2517239434590173,False,False,False,not_evaluated_cross_domain_gate,False
A6PX-P044-0044,CN1C(=O)N(C)C(O)[C@]2(Cc3c(cc4[nH]cnc4c3O)N(C)[C@H]2c2ccccc2)C1=O,44_p13945_full,full,P07550__P13945,P13945,P07550,44_p13945_full::ZINC000002347657,ZINC000002347657,0.3333333333333333,421.4570000000001,1.8306999999999998,113,1,3,6,0.5526109507676656,4.763307907415929,-10.498,-4.577,-5.901,-5.8839999999999995,0.1507735609006659,-5.664000000000001,-0.2369999999999992,True,False,0.09455471560359001,0.3476759746670723,0.6265169024467468,0.14004846662282944,0.20523076951503755,0.3657798498868942,0.0149342087097466,0.24252645671367645,0.04754037838429213,0.16324214935302733,0.9128970980644227,0.998695707321167,0.35319706201553347,0.1348574087023735,0.7163083136081696,-5.412937597390583,47.80861354883963,60.7964924912097,-24.837757613155766,-4.840631837528213,-2.6606590690999994,False,False,False,not_evaluated_cross_domain_gate,False
A6PX-P044-0036,CN1C(=O)[C@@H]2[C@@H](c3ccccc3)N(C)C3=CC=C4NC=CC=C4C(O)=C3C=C[C@@]23CCCN3C1O,44_p13945_full,full,P07550__P13945,P13945,P07550,44_p13945_full::ZINC000002347657,ZINC000002347657,0.2087912087912088,470.5730000000003,2.9174000000000007,76.98,1,1,6,0.5894764369800669,4.73728775509702,-11.791,-6.141,-5.744,-5.65,0.25370630439326664,-5.664000000000001,-0.07999999999999918,True,False,0.12363895624876023,0.7534915208816528,0.6588795900344848,0.015982478950172664,0.1626483216881752,0.24872997999191285,0.05466779740527272,0.5567875683307648,0.10206628665328026,0.42739678621292115,0.7850747108459473,0.9949141383171082,0.840735650062561,0.8229490280151367,0.8577345728874206,-5.057408387592096,42.45201259038154,63.68513449319217,50.0854415859407,-3.661554094965338,-0.9667718879532451,False,False,False,not_evaluated_cross_domain_gate,False
A6PX-P044-0025,CN1C[C@]2(Cc3nc4ccccc4nc3N(C)[C@H]2c2ccccc2)C(=O)N(C)C1=O,44_p13945_full,full,P07550__P13945,P13945,P07550,44_p13945_full::ZINC000002347657,ZINC000002347657,0.42424242424242425,401.47000000000014,2.8736000000000015,69.64000000000001,1,0,5,0.6271738562857374,4.142414678065769,-11.726,-6.039,-5.728000000000001,-5.682,0.029405214956988175,-5.664000000000001,-0.06400000000000006,True,False,0.08778806179761886,0.9828695297241211,0.8480477571487427,0.4386391878128052,0.5435991048812866,0.43840801119804385,0.01229813420213759,0.8391186118125915,0.0743578739464283,0.3481992781162262,0.9527060627937317,0.999923050403595,0.9835519433021546,0.6344839811325074,0.7404930472373963,-4.64556330431935,73.1295352467458,99.22426666636893,-5.659530911039169,-5.5277801788154495,-3.980628590288461,True,True,True,dual_endpoint_improved,False
A6PX-P045-0269,CC(C)(CNC(=O)Cc1ccc(-c2cc(C(=O)NCCO)ccn2)cc1)c1ccco1,45_p14416_full,full,P14416__P35462,P14416,P35462,45_p14416_full::ZINC000743221551,ZINC000743221551,0.1595744680851064,421.4970000000002,2.7002000000000015,104.46,9,3,5,0.4927897294605022,2.53718534695904,-9.462,-6.742,-2.8359999999999994,-1.9960000000000004,0.44844645413050366,-1.884999999999999,-0.9510000000000005,True,False,0.13898284882307052,0.1395856462419033,0.6445502996444702,0.0623093981295824,0.31401870846748353,0.32389684915542605,0.07023990638554096,0.41954743564128877,0.34723569750785827,0.14029181599617005,0.6412554144859314,0.9705799698829651,0.7624224305152894,0.467469596862793,0.5775274276733399,-5.231948375894364,32.56544105519745,55.36773244164476,86.84390574269192,-3.149139553055613,3.9457100267551852,True,True,False,not_dual_endpoint_improved,False
A6PX-P045-0268,CCNC(=O)[C@H](C)NC(=O)c1ccc(N=C(O)NCC2(C(=O)OC)CC2)cc1,45_p14416_full,full,P14416__P35462,P14416,P35462,45_p14416_full::ZINC000743221551,ZINC000743221551,0.4084507042253521,390.4400000000002,1.0157000000000003,125.63000000000002,8,4,5,0.4931801827550846,2.7526885508046934,-8.822,-6.297,-2.5909999999999993,-1.9799999999999995,0.339484249348266,-1.884999999999999,-0.7060000000000004,True,True,0.24118534475564957,0.8263926029205322,0.8952494978904724,0.02768233441747725,0.1007557012140751,0.06676810048520565,0.022002074122428893,0.11169406324625016,0.20594129264354705,0.20074871629476548,0.5922863900661468,0.986609673500061,0.7481354713439942,0.01721915209200233,0.26148260831832887,-5.037384069417651,76.31933221550459,45.19126159382124,2.5794541141645273,-3.419708031216828,3.8173068725747115,True,True,False,not_dual_endpoint_improved,False
A6PX-P045-0197,CC[C@H](NC(=O)Nc1ccc(C(=O)NCC(=O)NC)cc1)c1ccco1,45_p14416_full,full,P14416__P35462,P14416,P35462,45_p14416_full::ZINC000743221551,ZINC000743221551,0.2987012987012987,358.3980000000001,2.028199999999999,112.47000000000001,7,4,4,0.6064376765168497,2.6374436246612074,-8.819,-6.36,-2.5820000000000007,-1.1050000000000004,0.744819590385633,-1.884999999999999,-0.6970000000000018,False,False,0.27574986815452573,0.5528160214424134,0.8633918285369873,0.02107092153746635,0.04461605921387672,0.04504708293825388,0.014989431668072938,0.01832612887956202,0.3386162996292114,0.18631664514541627,0.7327629208564759,0.8704633116722107,0.4069574236869812,0.01622985936701298,0.2167332425713539,-5.37344419360124,40.4343636535196,1.0729798178055852,77.37011890435444,-3.207751422233423,8.339863355048502,False,False,False,not_evaluated_cross_domain_gate,False
A6PX-P045-0247,CCNC(=O)[C@@H](C)NC(=O)c1ccc(NC(=O)NCC2(c3ccccc3)CC2)c(C)c1,45_p14416_full,full,P14416__P35462,P14416,P35462,45_p14416_full::ZINC000743221551,ZINC000743221551,0.2962962962962963,422.5290000000002,3.1027200000000006,99.33000000000001,8,4,3,0.5259804220271206,2.6794237691550293,-9.864,-7.372,-2.4030000000000005,-2.319000000000001,0.15837788846791584,-1.884999999999999,-0.5180000000000016,True,False,0.27668707966804507,0.8190420985221862,0.888465428352356,0.058190739899873736,0.29500834345817567,0.16626091189682485,0.17631825804710388,0.4987245351076126,0.4699370115995407,0.3504993051290512,0.640916383266449,0.9909391403198242,0.842649233341217,0.2674098528921604,0.5741412997245788,-4.815334470129285,60.57992882380927,57.81089911108596,73.05093113552076,-4.215147099787518,7.156015047173081,True,True,False,not_dual_endpoint_improved,False
A6PX-P045-0230,CCNC(=O)[C@@H](C)NC(=O)c1ccc(NC(=O)NCC2(c3ccccc3)CC2)cc1,45_p14416_full,full,P14416__P35462,P14416,P35462,45_p14416_full::ZINC000743221551,ZINC000743221551,0.3835616438356164,408.5020000000002,2.7943,99.33000000000001,8,4,3,0.5404350815298715,2.590119411349857,-9.632,-7.293,-2.3389999999999995,-1.787,0.3267795723249676,-1.884999999999999,-0.4540000000000006,True,True,0.2936005353927612,0.8530975699424743,0.8564627289772033,0.07368654599413275,0.31963402032852173,0.1841805972158909,0.18984974026679993,0.3011831700801849,0.45152136087417605,0.3527076244354248,0.6380356431007386,0.9823725581169128,0.7866448879241943,0.1599773120135069,0.5022443532943726,-4.878277702261192,54.02496076461206,37.57509011908337,64.76407790438859,-4.147446223756157,5.6895071713762775,True,True,False,not_dual_endpoint_improved,False
A6PX-P045-0215,CCNC(=O)C1(NC(=O)c2ccc(CC(=O)NCC(C)(C)n3cncn3)cc2)CC1,45_p14416_full,full,P14416__P35462,P14416,P35462,45_p14416_full::ZINC000743221551,ZINC000743221551,0.20224719101123595,412.49400000000014,0.7706000000000008,118.01000000000002,9,3,6,0.5622906442380484,2.7902035971496826,-8.813,-6.588,-2.322000000000001,-1.4379999999999997,0.5091902067662605,-1.884999999999999,-0.43700000000000205,True,False,0.28531782031059266,0.3833998471498489,0.8843568682670593,0.002363081835210323,0.08087815660983325,0.04815788548439741,0.016942154290154575,0.5899624705314637,0.3188707411289215,0.32624602019786836,0.6837552905082702,0.9951094031333924,0.6945702075958252,0.02346159713342786,0.12866040766239167,-5.624092539181278,25.92019356659457,14.874795451390645,34.992312183355295,-2.2648365482633643,9.53317349922543,True,True,False,not_dual_endpoint_improved,False
A6PX-P045-0227,CCNC(=O)C(C)NC(=O)c1ccc(NC(=O)NCC2(c3ccco3)CC2)cc1,45_p14416_full,full,P14416__P35462,P14416,P35462,45_p14416_full::ZINC000743221551,ZINC000743221551,0.36363636363636365,398.4630000000002,2.3872999999999998,112.47000000000001,8,4,4,0.5468100959110962,2.9007355138081063,-9.035,-6.743,-2.292,-1.6440000000000001,0.40803295073913914,-1.884999999999999,-0.4070000000000009,True,False,0.21215506941080092,0.7187966585159302,0.8540517091751099,0.04036923046223819,0.20087119042873383,0.15229935124516486,0.08006518296897411,0.1480175919830799,0.2632422909140587,0.28039945662021637,0.6301411271095276,0.9858681082725524,0.7086899995803833,0.059698544815182684,0.32392016649246214,-4.993996287908854,48.94623536971449,22.206395007761877,89.88941068657708,-3.4027010568584104,8.614451155728057,False,False,False,not_evaluated_cross_domain_gate,False
A6PX-P045-0260,CCNC(=O)[C@@H](C)NC(=O)c1ccc(NC(=O)N[C@H](C)C(C)(C)c2cnn(C)n2)cc1,45_p14416_full,full,P14416__P35462,P14416,P35462,45_p14416_full::ZINC000743221551,ZINC000743221551,0.3717948717948718,429.52500000000015,1.5573000000000001,130.04000000000002,8,4,6,0.5058998935537965,3.4663397266208316,-9.064,-7.038,-2.292,-1.3849999999999998,0.48991314422955523,-1.884999999999999,-0.4070000000000009,True,False,0.20762461125850679,0.4993156760931015,0.8721756339073181,0.0032020453400036786,0.024165549618192016,0.018644419859629124,0.010508785536512733,0.08186378916725516,0.47741347551345825,0.26144610345363617,0.6498640179634094,0.9236855149269104,0.6576125144958496,0.07358228377997875,0.23110486268997193,-5.541043098860182,12.4017674986407,19.42631096782888,101.19510411831274,-3.397592680077603,10.115018344677583,False,False,False,not_evaluated_cross_domain_gate,False
A6PX-P045-0200,CCNC(=O)[C@@H](C)NC(=O)c1ccc(CC(=O)NCC(C)(C)c2ccco2)cc1,45_p14416_full,full,P14416__P35462,P14416,P35462,45_p14416_full::ZINC000743221551,ZINC000743221551,0.3,399.49100000000016,2.1704999999999997,100.44000000000001,9,3,4,0.6015496153445502,2.8571704924405843,-8.585,-6.557,-2.2569999999999997,-1.5009999999999994,0.4880473565364562,-1.884999999999999,-0.3720000000000008,True,False,0.10057010799646378,0.2921618059277534,0.7540575981140136,0.006664502993226051,0.2050823450088501,0.06936012580990791,0.05432832837104797,0.33335505723953246,0.3376034379005432,0.06078301556408405,0.3861753404140472,0.9469046950340271,0.8033614873886108,0.14598142802715303,0.24127840995788574,-5.260683509688489,46.04114690575038,36.37466442592736,82.80809459013506,-2.812188822864642,3.8444279648672492,True,True,False,not_dual_endpoint_improved,False
A6PX-P045-0231,CCN=C(O)[C@@H](C)NC(=O)c1ccc(NC(=O)NCC(C)(C)n2ccnc2)cc1,45_p14416_full,full,P14416__P35462,P14416,P35462,45_p14416_full::ZINC000743221551,ZINC000743221551,0.4383561643835616,400.4830000000001,1.6943,117.15000000000002,8,4,5,0.5393670934231255,2.91602183859443,-8.786,-6.707,-2.236999999999999,-1.8789999999999996,0.20835226580641436,-1.884999999999999,-0.3520000000000003,True,False,0.10526083931326866,0.4631523430347443,0.7947102189064026,0.016797626065090297,0.14724205881357194,0.2130706027150154,0.09856379516422749,0.27787455469369887,0.24067449569702148,0.2948361784219742,0.6205846607685089,0.9805126309394836,0.6462352395057678,0.034123012237250804,0.40899058878421785,-5.451438686862421,21.244864853064406,4.205330567229948,51.636566420077244,-2.737722707202407,11.478508668714088,False,False,False,not_evaluated_cross_domain_gate,False
A6PX-P045-0228,CCNC(=O)[C@@H](C)NC(=O)c1ccc(NC(O)=NCC(C)(C)c2ccco2)cc1,45_p14416_full,full,P14416__P35462,P14416,P35462,45_p14416_full::ZINC000743221551,ZINC000743221551,0.4444444444444444,400.47900000000016,2.6333,112.47000000000001,8,4,4,0.545538958232628,2.8492851078251995,-8.923,-6.871,-2.1100000000000003,-1.8089999999999993,0.1460646736513964,-1.884999999999999,-0.22500000000000142,True,True,0.10561796873807908,0.491005539894104,0.8288063168525696,0.03339810846373439,0.2789092168211937,0.2509192988276482,0.05021944865584373,0.14022466242313386,0.42020017504692075,0.13320361003279685,0.7281149983406067,0.9636013865470886,0.813334321975708,0.09089594632387162,0.37266366481781005,-5.1585716971323725,45.42871361649709,34.985418160183606,102.66025961106054,-3.839526402241283,10.33677163634622,True,True,False,not_dual_endpoint_improved,False
A6PX-P045-0237,CNC(=O)[C@@H](C)NC(=O)c1ccc(CC(=O)NC[C@](C)(O)c2ccco2)cc1,45_p14416_full,full,P14416__P35462,P14416,P35462,45_p14416_full::ZINC000743221551,ZINC000743221551,0.35064935064935066,387.4360000000001,0.7103000000000009,120.67000000000002,8,4,5,0.5316561658749708,3.2087658454033736,-8.685,-6.671,-1.9970000000000008,-1.8870000000000005,0.37510739203000976,-1.884999999999999,-0.11200000000000188,True,False,0.14771160036325454,0.18258387148380278,0.7428947687149048,0.001968259422574192,0.04325069170445204,0.015793133061379194,0.024861902371048926,0.059933976456522944,0.28707820177078247,0.09335165843367577,0.30610517263412473,0.862642514705658,0.3084392547607422,0.04318728353828192,0.12046941407024861,-5.600941971027376,22.051095947436586,3.640052334284057,66.52869554782966,-1.6554614782146964,3.273457754774791,True,True,False,not_dual_endpoint_improved,False
A6PX-P045-0169,CNC(=O)C1=N[C@@H](c2ccc(NC(=O)NCC(C)(C)n3cccn3)cc2)CC1,45_p14416_full,full,P14416__P35462,P14416,P35462,45_p14416_full::ZINC000743221551,ZINC000743221551,0.2558139534883721,382.46800000000013,2.4617999999999993,100.41000000000001,6,3,5,0.7153075575380403,3.4923503429432685,-9.774,-7.574,-1.9879999999999995,-1.9189999999999987,0.3675979083485412,-1.884999999999999,-0.10300000000000065,True,False,0.2168794482946396,0.7053132057189941,0.8279688239097596,0.04299711976200342,0.17555854693055153,0.16068541556596755,0.08021662179380655,0.28235457837581635,0.3544002890586853,0.3824639916419983,0.6018729925155639,0.9908330559730529,0.705559253692627,0.10632515773177147,0.5487671852111816,-5.36924726828149,9.271689873004119,5.548918815773789,83.37506009447274,-3.791536629413237,4.743436766603573,False,False,False,not_evaluated_cross_domain_gate,False
A6PX-P045-0243,CCNC(=O)C(C)NC(=O)c1ccc(NC(=O)NCC2(n3ccnc3C)CC2)cc1,45_p14416_full,full,P14416__P35462,P14416,P35462,45_p14416_full::ZINC000743221551,ZINC000743221551,0.38461538461538464,412.4940000000002,1.7567199999999996,117.15000000000002,8,4,5,0.5284051666562591,3.0359843325732125,-8.657,-6.832,-1.888,-1.1849999999999996,0.35314114269887437,-1.884999999999999,-0.003000000000001002,True,True,0.28707539439201357,0.7118140816688537,0.8853565454483032,0.002989667415386066,0.03336168583482504,0.025779838347807525,0.07164313048124313,0.10105909369885921,0.2679319232702255,0.46106634438037875,0.40897645950317385,0.9732627272605896,0.5713637113571167,0.053634035587310794,0.31277466416358946,-5.226040166579051,26.759317693504432,9.38411043612571,46.58964009316636,-2.8968792648902193,4.343834318845308,False,False,False,not_evaluated_cross_domain_gate,False
A6PX-P045-0124,CCOC(=O)[C@H](C)NC(=O)c1ccc(NC(=O)N[C@]23CC[C@H](C2)[C@H](O)C3)cc1,45_p14416_partial,partial,P14416__P35462,P14416,P35462,45_p14416_partial::ZINC000743221551,ZINC000743221551,0.4520547945205479,389.4520000000002,1.7929999999999993,116.76,6,4,5,0.5536534995823936,4.351760530574079,-8.751,-6.735,-2.0539999999999994,-1.8180000000000005,0.14646046110355684,-1.884999999999999,-0.16900000000000048,True,False,0.15355319678783416,0.6029798746109009,0.7624151825904846,0.02482079651672393,0.027640617359429596,0.04806202547624707,0.016152973053976893,0.03278690348379314,0.09090170674026013,0.17719831615686416,0.5363169014453888,0.9730830550193786,0.4475036025047302,0.027818315010517836,0.367344468832016,-4.977100013464694,43.74026246074608,15.806104201044946,52.61996460754318,-3.076918111934504,4.645863498502092,False,False,False,not_evaluated_cross_domain_gate,False
A6PX-P045-0110,CCOC(=O)[C@H](C)NC(=O)c1ccc(NC(=O)N[C@H]2CCCCN2)cc1,45_p14416_partial,partial,P14416__P35462,P14416,P35462,45_p14416_partial::ZINC000743221551,ZINC000743221551,0.4714285714285714,362.4300000000002,1.5890999999999995,108.56,6,4,5,0.574839432155114,3.0395959053768706,-8.602,-6.576,-2.0260000000000007,-1.7190000000000003,0.2289730697411083,-1.884999999999999,-0.1410000000000018,True,False,0.30834075808525085,0.7980274796485901,0.8051622629165649,0.018973174458369612,0.07795941010117531,0.059184635803103444,0.01962524252012372,0.006807680230122059,0.1863030731678009,0.36723684072494506,0.590283191204071,0.9050477147102356,0.523536229133606,0.010750469239428639,0.30528274476528167,-5.576682451401446,20.773864256656907,-23.455694472735058,24.540012231632737,-2.448018082576123,3.745443026748125,False,False,False,not_evaluated_cross_domain_gate,False
A6PX-P045-0022,CCOC(=O)[C@H](C)NC(=O)c1ccc(NC(=O)NC2=NC(C)CN2C)cc1,45_p14416_partial,partial,P14416__P35462,P14416,P35462,45_p14416_partial::ZINC000743221551,ZINC000743221551,0.4647887323943662,375.42900000000014,1.1794,112.13,5,3,6,0.6692276279041766,3.2953539361484063,-8.379,-6.408,-2.0060000000000002,-1.678,0.18442041342782226,-1.884999999999999,-0.12100000000000133,True,False,0.1518547683954239,0.3663846418261528,0.8157695651054382,0.0513071141205728,0.04265484288334846,0.02760057244449854,0.12972206100821496,0.00480344797251746,0.15086474418640136,0.08968544937670231,0.7348679542541504,0.8615478515625,0.6302174925804138,0.021807286608964204,0.23887405097484588,-5.356758511335295,38.75039203153108,17.899200033398618,2.9664634778462555,-2.8295163908655554,5.032946847260441,True,True,False,not_dual_endpoint_improved,False
A6PX-P045-0041,CCOC(=O)[C@H](C)NC(=O)c1ccc(NC(=O)NCC2CCC2)cc1,45_p14416_partial,partial,P14416__P35462,P14416,P35462,45_p14416_partial::ZINC000743221551,ZINC000743221551,0.546875,347.4150000000002,2.289599999999999,96.53,7,3,4,0.6594063524844764,2.3885710295040283,-8.13,-6.168,-1.9620000000000006,-1.932999999999999,0.05341868170926364,-1.884999999999999,-0.07700000000000173,True,False,0.11512700542807579,0.9284054636955261,0.9150623559951783,0.24578593224287032,0.5055424392223358,0.30749836266040803,0.06414943635463714,0.11525618024170399,0.37627753615379333,0.17728156745433807,0.7090932130813599,0.9984311938285828,0.8587342619895935,0.039594411849975586,0.25540989339351655,-4.737278227792293,82.23478055154533,41.50916068583787,10.193252577338763,-3.903628508626956,1.7685894269148221,True,True,False,not_dual_endpoint_improved,False
A6PX-P045-0116,CCOC(=O)[C@H](C)NC(=O)c1ccc(NC(=O)N[C@H]2CCCNC2)cc1,45_p14416_partial,partial,P14416__P35462,P14416,P35462,45_p14416_partial::ZINC000743221551,ZINC000743221551,0.4647887323943662,362.4300000000002,1.2415000000000003,108.56,6,4,5,0.5695739231883629,2.8241421645971023,-8.119,-6.37,-1.9139999999999997,-1.5380000000000003,0.21324373118309675,-1.884999999999999,-0.029000000000000803,True,False,0.21770451962947845,0.8130683541297913,0.8008844971656799,0.016762371640652418,0.06654470339417458,0.03787601590156555,0.035108796507120135,0.006559923407621682,0.15190190821886063,0.4439826667308807,0.4902121007442474,0.9263366341590882,0.534100204706192,0.010841233236715198,0.3525008350610733,-5.631425938782129,16.778807980714404,-27.3542437917363,18.910826644043237,-2.12261373244137,4.316210818754638,False,False,False,not_evaluated_cross_domain_gate,False
A6PX-P048-0128,COC(=O)C1CCN(C(=O)N[C@H]2CCN(C(=O)C3CCCC3)C2)CC1,47_p18089_partial,partial,P08913__P18089,P18089,P08913,47_p18089_partial::ZINC000675558570,ZINC000675558570,0.5769230769230769,351.44700000000023,1.3720999999999992,78.95,3,1,4,0.7791581110350722,2.662518554116586,-7.319,-6.252,-1.2790000000000008,-1.0620000000000003,0.12447846757125858,-0.4639999999999995,-0.8150000000000013,True,False,0.09853979013860226,0.9603106021881104,0.6300500512123108,0.006102456385269761,0.16987356394529343,0.041940053552389146,0.017788389697670937,0.05018181800842285,0.01741180829703808,0.14775022938847543,0.15439018607139587,0.9952166438102722,0.9196931481361389,0.02361925127916038,0.3315542936325073,-4.571084417214476,53.343768587190155,27.036164096023775,-12.821771270451682,-1.6331863396125677,1.4418001866962782,True,True,False,not_dual_endpoint_improved,False
A6PX-P048-0012,O=C(N[C@H]1CCN(C(=O)C2CCCC2)C1)N1CCC(c2ncccn2)CC1,47_p18089_partial,partial,P08913__P18089,P18089,P08913,47_p18089_partial::ZINC000675558570,ZINC000675558570,0.5,371.48500000000024,2.1567,78.43,3,1,4,0.8830858899882729,2.887392810751537,-7.911,-6.724,-1.173,-1.1059999999999999,0.05308065142361717,-0.4639999999999995,-0.7090000000000005,True,False,0.0713470384478569,0.9540458679199219,0.7729734778404236,0.00357836406910792,0.06896883845329285,0.0393734872341156,0.02036284366622567,0.11666705384850502,0.019470710959285497,0.35742256939411166,0.23230133205652237,0.998715877532959,0.9010531544685364,0.03344042431563139,0.24186159968376159,-5.03726431762095,24.5232678319826,2.9694558457099802,3.918560464065789,-1.705769471021446,0.6728861010173931,True,True,False,not_dual_endpoint_improved,False
A6PX-P048-0087,O=C(N[C@H]1CCN(C(=O)C2CCCC2)C1)N1CCC(N2C=CCCC2=O)CC1,47_p18089_partial,partial,P08913__P18089,P18089,P08913,47_p18089_partial::ZINC000675558570,ZINC000675558570,0.4603174603174603,388.51200000000034,2.0875999999999992,72.96000000000001,3,1,3,0.8045867196474336,3.205320871992278,-8.187,-7.093,-1.0939999999999994,-1.0259999999999998,0.10690494219944505,-0.4639999999999995,-0.6299999999999999,True,False,0.043018889240920545,0.9365367293357849,0.40621639490127565,0.0014751722163055092,0.06440730467438698,0.0191121194511652,0.012852871557697654,0.09450174905359746,0.02907320223748684,0.12940303198993205,0.13640623167157173,0.9936282753944397,0.8604298830032349,0.06496016308665276,0.19679344594478607,-4.852984299867683,20.519448847818683,16.202743695798496,-10.752477809990504,-2.3873863873689523,-4.160782335290366,True,True,True,dual_endpoint_improved,True
A6PX-P048-0135,CCOC(=O)C1CCN(C(=O)N[C@H]2CCN(C(=O)C3CCCC3)C2)CC1,47_p18089_partial,partial,P08913__P18089,P18089,P08913,47_p18089_partial::ZINC000675558570,ZINC000675558570,0.5925925925925926,365.4740000000003,1.7621999999999998,78.95,4,1,4,0.7702127607726226,2.660001167451627,-7.07,-5.977,-1.0589999999999993,-1.045,0.2871422411744163,-0.4639999999999995,-0.5949999999999998,True,False,0.07473903726786375,0.9571498394012451,0.5597281992435456,0.015487821772694588,0.21756004840135573,0.06650611013174057,0.028743379935622215,0.08543657064437866,0.02372040515765548,0.13711646795272828,0.16100569665431977,0.9940308094024658,0.9327802062034607,0.03089791527017951,0.38203874230384827,-4.653212310530227,60.21507822052187,31.587611355411894,-9.580805418020024,-1.7996968399960749,-0.35244500414689794,False,False,False,not_evaluated_cross_domain_gate,False
A6PX-P049-0222,O=C(CNc1cccc2ccccc12)N1C[C@@H]2CCC[C@](O)(c3ccccc3)[C@@H]2C1,49_p18825_full,full,P18089__P18825,P18825,P18089,49_p18825_full::ZINC000072342982,ZINC000072342982,0.4430379746835443,400.52200000000016,4.398000000000003,52.57000000000001,4,2,3,0.682597020290062,3.2970779018496357,-10.09,-6.82,-3.2699999999999996,-2.895999999999999,0.690264200626591,-3.106,-0.1639999999999997,True,True,0.3017085582017899,0.918463933467865,0.8218424677848816,0.5025529623031616,0.6332678020000457,0.3580443948507309,0.2525066018104553,0.9123590588569641,0.09027044177055359,0.35244866609573366,0.47437134981155393,0.9997806668281555,0.8828600883483887,0.6910919189453125,0.900728726387024,-4.82241322843794,72.14211713122498,53.355600949330594,28.46296273517209,-4.9189173762730825,-0.28983958242165164,True,True,True,dual_endpoint_improved,True
A6PX-P050-0026,Cc1c(C(=O)N[C@H]2C[C@H](C3CCC(C)(C)CC3)C23CCC3)cnc2c1c(=O)n(C)c(=O)n2C,50_m3_partial,partial,P08912__P20309,P20309,P08912,50_m3_partial::ZINC001469584086,ZINC001469584086,0.6521739130434783,452.5990000000003,3.4456200000000017,85.99000000000001,3,1,6,0.7729409367120715,4.347879699775474,-9.42,-7.16,-2.1389999999999993,-2.002,0.1928436326837541,-1.466000000000001,-0.6729999999999983,True,False,0.3471143335103989,0.8305440664291381,0.9202172756195068,0.021306876884773375,0.11795304417610168,0.18475113213062286,0.009617863269522787,0.36723224371671676,0.2464531347155571,0.4502343535423279,0.7099164009094239,0.99441556930542,0.9684845685958863,0.7918071746826172,0.6940904140472413,-4.700233105364499,8.181476141203733,39.692548836406615,38.25560329728218,-5.055347839881728,-3.397036182189183,True,True,False,not_dual_endpoint_improved,False
A6PX-P050-0049,Cc1c(C(=O)N[C@H]2C[C@H]([C@@H]3CCC(C)(C)C[C@H]3C)C23CCC3)cnc2c1c(=O)n(C)c(=O)n2C,50_m3_partial,partial,P08912__P20309,P20309,P08912,50_m3_partial::ZINC001469584086,ZINC001469584086,0.6301369863013698,466.6260000000003,3.691620000000002,85.99000000000001,3,1,6,0.7475217726797184,4.774344303125359,-9.619,-7.518,-2.101,-1.9879999999999995,0.053505970591037025,-1.466000000000001,-0.6349999999999989,True,False,0.41798588931560515,0.8136138319969177,0.9194579243659973,0.022415315825492145,0.12409708499908448,0.22324940264225007,0.010827701585367323,0.5357395619153976,0.19115694463253022,0.478805285692215,0.7011508584022522,0.9978911876678467,0.975735068321228,0.8303779244422913,0.7268883526325226,-4.746454801249594,16.35774407914517,41.99873277508717,37.23331340757331,-5.2989176526439365,-2.8841695117650503,False,False,False,not_evaluated_cross_domain_gate,False
A6PX-P050-0003,Cc1c(C(=O)N[C@H]2C[C@H]([C@@H]3CC[C@@H](C)C3)C23CCC3)cnc2c1c(=O)n(C)c(=O)n2C,50_m3_partial,partial,P08912__P20309,P20309,P08912,50_m3_partial::ZINC001469584086,ZINC001469584086,0.6428571428571429,424.5450000000002,2.665420000000001,85.99000000000001,3,1,6,0.820821167544595,4.569880717177059,-9.037,-7.001,-2.061000000000001,-1.9020000000000001,0.12374974747448945,-1.466000000000001,-0.5949999999999998,True,False,0.4336588203907013,0.7534056186676026,0.9223379969596863,0.06407171003520488,0.10953737571835517,0.21607067734003066,0.01356030609458685,0.6422883599996567,0.12230696007609368,0.4392737627029419,0.7536843657493592,0.999043071269989,0.9742508411407471,0.6251217663288117,0.6473933279514312,-4.719048951609045,14.035107795422798,30.3217590157147,26.172974839226935,-4.712638620522023,-2.9272048511980193,True,True,False,not_dual_endpoint_improved,False
A6PX-P050-0059,Cc1c(C(=O)N[C@H]2C[C@H](N[C@H]3CC[C@@H](C)CC3)C23CCC3)cnc2c1c(=O)n(C)c(=O)n2C,50_m3_partial,partial,P08912__P20309,P20309,P08912,50_m3_partial::ZINC001469584086,ZINC001469584086,0.6911764705882353,453.5870000000003,2.14992,98.02000000000001,4,2,7,0.7393074202236403,4.283276842632617,-8.894,-6.978,-1.9160000000000004,-1.5820000000000007,0.18749577773023712,-1.466000000000001,-0.4499999999999993,True,False,0.44048349261283876,0.6744028985500335,0.9008186459541321,0.02637253296561539,0.026907570753246547,0.06008094791322947,0.04210554976016283,0.4746583133935928,0.11581627689301968,0.6352132797241211,0.6836605906486511,0.984070336818695,0.9002909183502197,0.4568318784236908,0.7258342921733856,-5.183026414656751,-13.187989544876254,5.3591148488457945,52.170732119242906,-3.6530763958315156,-3.302970894507748,False,False,False,not_evaluated_cross_domain_gate,False
A6PX-P050-0019,Cc1c(C(=O)N[C@H]2C[C@H](C3=CCC(C)(C)C=C3)C23CCC3)cnc2c1c(=O)n(C)c(=O)n2C,50_m3_partial,partial,P08912__P20309,P20309,P08912,50_m3_partial::ZINC001469584086,ZINC001469584086,0.6081081081081081,448.56700000000023,3.141720000000002,85.99000000000001,3,1,6,0.7816838402563306,4.642159699775473,-9.188,-7.376,-1.8039999999999994,-1.7270000000000003,0.05685654462475427,-1.466000000000001,-0.3379999999999983,True,False,0.3856899082660675,0.8650447487831116,0.8925061583518982,0.03075586874037981,0.2589399889111519,0.3649855971336365,0.02643625745549798,0.7369687557220459,0.22630496472120284,0.48694959878921507,0.7534257411956787,0.9992069005966187,0.9748353004455567,0.8299682140350342,0.6318076193332672,-4.63662792758627,12.26689975106838,42.85017453993373,30.925654628951726,-4.996748276345716,-5.83611927162908,False,False,False,not_evaluated_cross_domain_gate,False
A6PX-P050-0004,Cc1c(C(=O)N[C@H]2C[C@H](CC3CCCC3)C23CCC3)cnc2c1c(=O)n(C)c(=O)n2C,50_m3_partial,partial,P08912__P20309,P20309,P08912,50_m3_partial::ZINC001469584086,ZINC001469584086,0.6521739130434783,424.54500000000013,2.809520000000001,85.99000000000001,4,1,6,0.8177837209015499,4.2239626799833285,-8.7,-7.154,-1.5459999999999994,-1.415,0.07207557761744876,-1.466000000000001,-0.0799999999999983,True,False,0.39028515219688414,0.846206545829773,0.9201082110404968,0.05840182565152645,0.15652916133403777,0.22431346625089646,0.027685480192303658,0.5902444928884506,0.1769457384943962,0.5392402470111847,0.7039535760879516,0.9982820272445678,0.9691669464111328,0.7495484352111816,0.6864974200725555,-4.732308963841092,16.189750765650135,40.208462072939284,29.193201568329357,-4.852854897190781,-2.2003385228490937,True,True,False,not_dual_endpoint_improved,False
A6PX-P050-0087,Cc1c(C(=O)N[C@H]2C[C@H](Cc3ccccc3)C23CCC3)cnc2c1c(=O)n(C)c(=O)n2C,50_m3_partial,partial,P08912__P20309,P20309,P08912,50_m3_partial::ZINC001469584086,ZINC001469584086,0.6338028169014085,432.5240000000002,2.47192,85.99000000000001,4,1,6,0.6863321021598635,4.021291477153584,-8.789,-7.251,-1.5229999999999997,-1.5030000000000001,0.04366793891276406,-1.466000000000001,-0.05699999999999861,True,False,0.4701305031776428,0.8546454787254334,0.931837284564972,0.14370603561401368,0.3075253963470459,0.42446385622024535,0.06048702746629715,0.7459582448005676,0.1891326129436493,0.5575060367584228,0.7522940635681152,0.9995632886886596,0.9679420709609985,0.8061750411987305,0.755037260055542,-4.7758327086187915,25.30854594089233,40.259697749310625,19.852128495557412,-4.784092640387167,-4.6296647443467025,True,True,False,not_dual_endpoint_improved,False
A6PX-P050-0062,Cc1c(C(=O)N[C@H]2C[C@H](N(C)C(=O)CC(C)(C)C)C23CCC3)cnc2c1c(=O)n(C)c(=O)n2C,50_m3_partial,partial,P08912__P20309,P20309,P08912,50_m3_partial::ZINC001469584086,ZINC001469584086,0.6619718309859155,469.5860000000003,1.8762200000000002,106.30000000000001,4,1,7,0.735927613894817,4.385592054492678,-7.736,-6.376,-1.5090000000000003,-1.3559999999999999,0.07459371436134714,-1.466000000000001,-0.04299999999999926,True,False,0.4804564297199249,0.8383188128471375,0.8067906975746155,0.010267949616536497,0.10118934214115143,0.15937041044235228,0.01592112993821502,0.5570407748222351,0.13530469685792923,0.4311398684978485,0.6692212820053101,0.9953524589538574,0.9708860278129577,0.4038617551326752,0.6611531198024749,-4.677642167363201,28.753369712879,61.46880185890052,29.81453721515239,-3.568484193136083,-3.712571938536244,False,False,False,not_evaluated_cross_domain_gate,False
A6PX-P050-0021,C=CC1=CC[C@@H]([C@H]2C[C@H](NC(=O)c3cnc4c(c3C)c(=O)n(C)c(=O)n4C)C23CCC3)CC1,50_m3_partial,partial,P08912__P20309,P20309,P08912,50_m3_partial::ZINC001469584086,ZINC001469584086,0.5769230769230769,448.56700000000023,3.141720000000002,85.99000000000001,4,1,6,0.7786519254710116,4.8043338591705655,-9.04,-7.593,-1.4830000000000005,-1.3890000000000002,0.06263119563497598,-1.466000000000001,-0.01699999999999946,False,True,0.36565451622009276,0.7763658404350281,0.866122055053711,0.05071180518716574,0.20916029810905457,0.30320149213075637,0.02748681101948023,0.7559793174266816,0.17458613477647306,0.49269673228263855,0.7261935949325562,0.9995311856269836,0.9722773909568787,0.8115484476089477,0.5558577597141265,-4.699327377590797,20.945624093715697,47.019878118223914,16.723156293015727,-4.996499845802072,-4.648298864485491,False,False,False,not_evaluated_cross_domain_gate,False
A6PX-P051-0268,O=C1N(c2ccc(OC3CCCCC3)cc2)CCC(F)(F)[C@@]12CCN(c1ccccn1)C2,51_p20309_full,full,P11229__P20309,P20309,P11229,51_p20309_full::ZINC001164914336,ZINC001164914336,0.25882352941176473,441.5220000000002,5.061800000000004,45.67,4,0,4,0.6652982409850874,3.7744864946564896,-8.076,-6.253,-1.838,-1.6509999999999998,0.17987464771025652,-1.601,-0.2370000000000001,True,False,0.49164956212043764,0.9693893074989319,0.9179144740104676,0.03116191178560257,0.44184467792510984,0.34914628267288206,0.05989434644579887,0.6384216547012329,0.26767766773700713,0.19372208863496782,0.5996758043766022,0.999943208694458,0.9688126921653748,0.6403187692165375,0.6814472317695618,-4.9067831704852685,83.32235821717867,82.455349692128,-31.511919573171934,-6.039574760519043,7.151666412651747,True,True,False,not_dual_endpoint_improved,False
A6PX-P051-0092,O=C(c1ccc(N2CCC(F)(F)[C@@]3(CCN(c4cnccn4)C3)C2)nc1)N1CCCCC1,51_p20309_partial,partial,P11229__P20309,P20309,P11229,51_p20309_partial::ZINC001164914336,ZINC001164914336,0.5454545454545454,442.51400000000024,3.2398000000000025,65.46000000000001,3,0,6,0.7272949944906304,3.8787376112818004,-7.901,-5.989,-1.9299999999999997,-1.588,0.1895649991134672,-1.601,-0.32899999999999974,True,False,0.26514001190662384,0.8847330331802368,0.8512835144996643,0.0547818548977375,0.08017685785889625,0.11469416916370392,0.02974621169269085,0.7596607804298401,0.08659742772579193,0.6556076228618621,0.4994716703891754,0.9995552182197571,0.9666120409965515,0.16760456413030625,0.8411289334297181,-5.067647107818042,32.579634117290475,25.901850957536226,4.124222286332611,-4.58038668114531,2.0014178159750395,True,True,True,dual_endpoint_improved,True
A6PX-P051-0174,O=C(c1ccc(F)cc1)c1ccc(N2CCC(F)(F)[C@@]3(CCN(c4cnccn4)C3)C2)nc1,51_p20309_partial,partial,P11229__P20309,P20309,P11229,51_p20309_partial::ZINC001164914336,ZINC001164914336,0.5538461538461539,453.46800000000025,3.9838000000000022,62.220000000000006,4,0,6,0.557178373391201,3.8552439483704406,-7.984,-6.131,-1.8529999999999998,-1.8410000000000002,0.00979795897113272,-1.601,-0.2519999999999998,False,False,0.35027613341808317,0.9170114636421204,0.9316217184066773,0.17945849001407624,0.18495336174964905,0.19403609931468963,0.07566672712564468,0.648201584815979,0.13967610001564026,0.5646857917308807,0.7958558559417724,0.999692153930664,0.9659034490585328,0.6094356417655945,0.8582550525665283,-5.1405073966885695,52.98247616632045,27.7274785760655,2.341379447259859,-5.83806425670466,3.525731561958684,False,False,False,not_evaluated_cross_domain_gate,False
A6PX-P051-0010,FC1(F)CCN(c2ccc(C3=CCCCN3)cn2)C[C@]12CCN(c1cnccn1)C2,51_p20309_partial,partial,P11229__P20309,P20309,P11229,51_p20309_partial::ZINC001164914336,ZINC001164914336,0.5373134328358209,412.4880000000002,3.338000000000002,57.18,3,1,6,0.8346572411158251,4.325590664087398,-7.609,-5.79,-1.819,-1.6749999999999998,0.12126829758844666,-1.601,-0.21799999999999997,True,False,0.4828357696533203,0.7464004516601562,0.8684076547622681,0.3252451032400131,0.29662881791591644,0.2559518367052078,0.06017735078930855,0.6900894463062286,0.13889455497264863,0.629041439294815,0.660745632648468,0.9996503829956055,0.957416319847107,0.09285854771733285,0.8160334467887879,-5.208895836552562,26.131162534118637,25.443770568378813,13.832329490090228,-4.658638265881782,1.366032495256912,False,False,False,not_evaluated_cross_domain_gate,False
A6PX-P051-0028,FC1(F)CCN(c2ccc(OC3=CCCNC3)cn2)C[C@]12CCN(c1cnccn1)C2,51_p20309_partial,partial,P11229__P20309,P20309,P11229,51_p20309_partial::ZINC001164914336,ZINC001164914336,0.5070422535211268,428.48700000000025,2.869700000000001,66.41,4,1,7,0.8033285156523545,4.421531992524801,-7.404,-5.611,-1.7779999999999996,-1.5090000000000003,0.15218628935178952,-1.601,-0.1769999999999996,True,True,0.46784511804580686,0.7519729018211365,0.8943233728408814,0.11544280350208283,0.07660379111766816,0.0977779820561409,0.06420214138925076,0.7150254011154175,0.13201643526554108,0.7864379286766052,0.5722045689821244,0.9986982583999634,0.9199791669845581,0.08106553256511688,0.8361340284347534,-5.096907311927865,22.534961143077215,8.488615624403653,-7.80155149837592,-4.151710461920847,1.817357478921349,False,False,False,not_evaluated_cross_domain_gate,False
A6PX-P051-0033,O=C1CC[C@@H](c2ccc(N3CCC(F)(F)[C@@]4(CCN(c5cnccn5)C4)C3)nc2)CCN1,51_p20309_partial,partial,P11229__P20309,P20309,P11229,51_p20309_partial::ZINC001164914336,ZINC001164914336,0.5070422535211268,442.5140000000003,2.9974000000000016,74.25,3,1,6,0.7879361264263395,4.4149245158799895,-7.925,-6.21,-1.763,-1.6799999999999997,0.07904850831398844,-1.601,-0.16199999999999992,True,False,0.3025052845478058,0.7894330620765686,0.8877666115760803,0.013692533876746894,0.03401600942015648,0.04920014068484306,0.019329637102782727,0.5387730002403259,0.07427073679864407,0.6826854348182678,0.537170135974884,0.9989548325538635,0.9228087544441224,0.08209891319274902,0.6628215551376343,-5.424648719621396,32.550323826487535,27.504027593875218,0.3404428998457412,-4.325032467327295,4.118833561074324,True,True,True,dual_endpoint_improved,True
A6PX-P051-0029,FC1(F)CCN(c2ccc(C3CCC3)cn2)C[C@]12CCN(c1cnccn1)C2,51_p20309_partial,partial,P11229__P20309,P20309,P11229,51_p20309_partial::ZINC001164914336,ZINC001164914336,0.5806451612903226,385.46200000000016,3.8812000000000024,45.150000000000006,3,0,5,0.8023495852704824,3.9992769343646275,-7.584,-5.825,-1.7589999999999995,-1.5090000000000003,0.12128570493764791,-1.601,-0.15799999999999947,True,False,0.4034204751253128,0.9716496944427491,0.9397862195968628,0.17305075824260713,0.5862790107727051,0.4231349527835846,0.07114058509469032,0.8165281414985657,0.08291497528553009,0.5214689671993256,0.4383953928947449,0.999975037574768,0.986396849155426,0.17660831063985824,0.7962387681007386,-5.1165660696202,51.87569714227233,50.20433927528726,-9.477887289963132,-5.435914158080923,5.657578139392936,False,False,False,not_evaluated_cross_domain_gate,False
A6PX-P051-0005,FC1(F)CCN(c2ccc([C@@H]3CCCN3)cn2)C[C@]12CCN(c1cnccn1)C2,51_p20309_partial,partial,P11229__P20309,P20309,P11229,51_p20309_partial::ZINC001164914336,ZINC001164914336,0.5454545454545454,400.4770000000002,3.0382000000000016,57.18,3,1,6,0.854828368967216,4.405443756894054,-7.384,-5.694,-1.729,-1.4820000000000002,0.11739108427247223,-1.601,-0.1280000000000001,True,True,0.3624066412448883,0.7579180598258972,0.9032471656799317,0.07333400323987008,0.08703097850084304,0.1010764092206955,0.05087931789457798,0.5719154298305511,0.07226677983999252,0.7252081394195556,0.4707879662513733,0.9992842555046082,0.9279601812362671,0.058232713118195535,0.8046411037445068,-5.419401590287826,18.106823725888304,6.298562175102471,7.371801061689103,-3.8629047173367086,4.380084744708505,True,True,False,not_dual_endpoint_improved,False
A6PX-P051-0073,O=C(c1ccc(N2CCC(F)(F)[C@@]3(CCN(c4cnccn4)C3)C2)nc1)N1CCCC1,51_p20309_partial,partial,P11229__P20309,P20309,P11229,51_p20309_partial::ZINC001164914336,ZINC001164914336,0.5538461538461539,428.4870000000002,2.8497000000000012,65.46000000000001,3,0,6,0.749217178618465,3.8831467685180376,-7.625,-5.839,-1.7229999999999999,-1.4459999999999997,0.1611341745944115,-1.601,-0.12199999999999989,True,False,0.28443918079137803,0.8860494732856751,0.8667447566986084,0.03843629620969295,0.06052786596119404,0.0754554532468319,0.015689315833151342,0.5678613126277924,0.07750037685036659,0.6202599763870239,0.5104662358760834,0.9994436860084533,0.9586659431457519,0.09529823511838913,0.7910313129425048,-5.0364880773350365,32.427361819470704,21.103605127289065,0.8297070489251265,-4.338227185919633,1.64146620804575,False,False,False,not_evaluated_cross_domain_gate,False
A6PX-P051-0008,CCNC(=O)c1ccc(N2CCC(F)(F)[C@@]3(CCN(c4cnccn4)C3)C2)nc1,51_p20309_partial,partial,P11229__P20309,P20309,P11229,51_p20309_partial::ZINC001164914336,ZINC001164914336,0.5522388059701493,402.4490000000002,2.3634000000000004,74.25,4,1,6,0.846490520852613,3.9198619808761617,-7.205,-5.486,-1.7190000000000003,-1.7169999999999996,0.009933109617167956,-1.601,-0.11800000000000033,True,False,0.44531376361846925,0.8280041217803955,0.9186938643455506,0.07584042474627495,0.05598125010728836,0.053227643668651584,0.018460514768958092,0.3734345197677612,0.0982348620891571,0.6388055145740509,0.5884640097618103,0.9994877219200134,0.9358144283294678,0.03435722105205059,0.7119230389595032,-5.129205533811106,28.15854992518848,20.44503319640252,2.23961599844895,-4.175263713730524,4.691108135468222,True,True,False,not_dual_endpoint_improved,False
A6PX-P051-0014,CC(C)NC(=O)c1ccc(N2CCC(F)(F)[C@@]3(CCN(c4cnccn4)C3)C2)nc1,51_p20309_partial,partial,P11229__P20309,P20309,P11229,51_p20309_partial::ZINC001164914336,ZINC001164914336,0.5294117647058824,416.4760000000003,2.751900000000001,74.25,4,1,6,0.8263183644792466,3.92269972208822,-7.254,-5.561,-1.6929999999999996,-1.548,0.21819410318949192,-1.601,-0.09199999999999964,True,False,0.41060476303100585,0.7958147168159485,0.8921807646751404,0.04165389277040958,0.046175529807806016,0.06206398457288742,0.020202182419598102,0.38926595747470855,0.11733735129237174,0.6474133372306824,0.5755094230175019,0.9990436911582947,0.9423294782638549,0.05470105968415737,0.717823040485382,-5.159134093326088,27.01929543840127,23.165148131215325,5.771856341009242,-4.341575708844564,3.1825905041276643,False,False,False,not_evaluated_cross_domain_gate,False
A6PX-P051-0082,O=C1CCCC(c2ccc(N3CCC(F)(F)[C@@]4(CCN(c5cnccn5)C4)C3)nc2)C1,51_p20309_partial,partial,P11229__P20309,P20309,P11229,51_p20309_partial::ZINC001164914336,ZINC001164914336,0.5142857142857142,427.4990000000002,3.8404000000000025,62.220000000000006,3,0,6,0.7418128281050066,4.393559281056673,-7.791,-6.088,-1.6790000000000003,-1.58,0.13691603266235838,-1.601,-0.07800000000000029,True,False,0.2803202301263809,0.9735844016075135,0.9487001299858093,0.05162536669522524,0.22880275547504425,0.22626422941684723,0.04221215695142746,0.7817123532295227,0.09277254641056061,0.5991041004657746,0.5461823344230652,0.9999671459197998,0.9822253465652466,0.2224583774805069,0.6125145494937897,-5.160718802650069,79.07815965141337,42.171916527669666,-11.66814459937925,-4.8102975272972355,6.5647800336158895,False,False,False,not_evaluated_cross_domain_gate,False
A6PX-P051-0013,CC(=O)N[C@H](C)c1ccc(N2CCC(F)(F)[C@@]3(CCN(c4cnccn4)C3)C2)nc1,51_p20309_partial,partial,P11229__P20309,P20309,P11229,51_p20309_partial::ZINC001164914336,ZINC001164914336,0.5217391304347826,416.4760000000003,2.8108000000000013,74.25,4,1,6,0.8263441581863809,4.263513139604231,-7.353,-5.695,-1.6579999999999995,-1.5899999999999999,0.08303145321034819,-1.601,-0.056999999999999496,True,False,0.36954499781131744,0.8102751731872558,0.8933566451072693,0.014209083281457424,0.021404828876256943,0.028455744683742522,0.02435616608709097,0.3994227409362793,0.07697820588946343,0.7329286694526672,0.48336431980133054,0.9988255381584168,0.9080581784248352,0.03640908394008875,0.6092596292495728,-5.308419661628204,32.99355990379395,27.424960674977136,-4.293140944632675,-4.034401747056174,4.96907461163941,False,False,False,not_evaluated_cross_domain_gate,False
A6PX-P051-0035,FC1(F)CCN(c2ccc([C@@H]3CC=CO3)cn2)C[C@]12CCN(c1cnccn1)C2,51_p20309_partial,partial,P11229__P20309,P20309,P11229,51_p20309_partial::ZINC001164914336,ZINC001164914336,0.5606060606060606,399.4450000000002,3.5888000000000018,54.38,3,0,6,0.786370261764737,4.644148191283194,-7.378,-5.767,-1.646,-1.6000000000000005,0.03755884272267525,-1.601,-0.04499999999999993,True,False,0.5196417808532715,0.8771425008773803,0.9121543407440186,0.1066085085272789,0.1906574100255966,0.1790629059076309,0.04368471130728722,0.6499933362007141,0.07238243259489537,0.5617031335830689,0.5273849606513977,0.9997640609741211,0.9631280422210693,0.09423426613211631,0.7542468428611755,-5.155360192248788,70.14124180816512,43.33406737605665,-4.164894103786987,-4.661863155893455,0.7261596026203507,False,False,False,not_evaluated_cross_domain_gate,False
A6PX-P051-0034,FC1(F)CCN(c2ccc([C@H]3CCOC3)cn2)C[C@]12CCN(c1cnccn1)C2,51_p20309_partial,partial,P11229__P20309,P20309,P11229,51_p20309_partial::ZINC001164914336,ZINC001164914336,0.609375,401.4610000000002,3.1176000000000013,54.38,3,0,6,0.7878493766477989,4.391820770468714,-7.406,-5.764,-1.6399999999999997,-1.4499999999999993,0.09226893060806327,-1.601,-0.0389999999999997,True,False,0.5479513943195343,0.9360024094581604,0.9371262669563294,0.11534753143787384,0.188448728621006,0.20302871614694595,0.023013324476778507,0.6145971715450287,0.07188327983021736,0.6488216519355774,0.4914495646953583,0.9999026656150818,0.9807546377182007,0.11030793860554695,0.8082359552383422,-5.002677969304102,58.08424181282862,37.501345579242994,4.4188590197496485,-4.642628266455953,2.2234080302949195,False,False,False,not_evaluated_cross_domain_gate,False
A6PX-P051-0039,O=C(NC1CCCC1)c1ccc(N2CCC(F)(F)[C@@]3(CCN(c4cnccn4)C3)C2)nc1,51_p20309_partial,partial,P11229__P20309,P20309,P11229,51_p20309_partial::ZINC001164914336,ZINC001164914336,0.5142857142857142,442.51400000000024,3.286100000000002,74.25,4,1,6,0.78347064697188,3.8973078346068633,-7.515,-5.887,-1.6280000000000001,-1.5440000000000005,0.05382275437850502,-1.601,-0.027000000000000135,False,False,0.4885068297386169,0.8986366033554077,0.8992739319801331,0.10777825117111206,0.26232830286026,0.24289968609809875,0.04583355262875557,0.8617372632026672,0.11667206808924675,0.6763715505599975,0.6542250692844391,0.9997648477554322,0.951427698135376,0.11644038259983062,0.7903027653694152,-5.3181693559647725,32.12043043063021,33.23768908758284,17.144976268837162,-5.093453481097512,6.024897730046517,False,False,False,not_evaluated_cross_domain_gate,False
A6PX-P051-0036,CN(C)C(=O)c1ccc(N2CCC(F)(F)[C@@]3(CCN(c4cnccn4)C3)C2)nc1,51_p20309_partial,partial,P11229__P20309,P20309,P11229,51_p20309_partial::ZINC001164914336,ZINC001164914336,0.5538461538461539,402.4490000000002,2.3155,65.46000000000001,3,0,6,0.7851904027179976,3.9670928269621957,-7.227,-5.628,-1.6159999999999997,-1.4289999999999994,0.09009747807544681,-1.601,-0.01499999999999968,True,False,0.4221710920333862,0.9139973998069764,0.9181510448455811,0.04768034890294075,0.04436241015791893,0.03980433270335197,0.009487142600119115,0.33350091576576235,0.0894659984856844,0.6289549052715302,0.555047070980072,0.9995460867881775,0.9716310501098633,0.051631278544664386,0.7115724503993988,-5.007136728893495,30.779335012108156,26.217940328993638,-11.040370419747337,-3.603820949052941,3.845366020554515,False,False,False,not_evaluated_cross_domain_gate,False
A6PX-P055-0129,O=C(c1cncc2ccccc12)N1CC[C@@]2(CNCCN(c3ncccn3)C2)C1,56_s1p1_full,full,P21453__Q99500,P21453,Q99500,56_s1p1_full::ZINC000096076727,ZINC000096076727,0.3333333333333333,388.47500000000014,1.9669,74.25,2,1,6,0.7235585664655239,3.615385911302697,-7.503,-5.754,-1.6849999999999996,-1.226,0.2329296508008851,-1.0540000000000003,-0.6309999999999993,False,True,0.20142134055495262,0.8338054180145263,0.8840535163879395,0.22471412271261215,0.03282052036374807,0.042586220614612105,0.2301461398601532,0.9114429712295532,0.06160128824412823,0.8133469939231872,0.6248445272445678,0.9996433973312377,0.8879933714866638,0.057786430418491366,0.9049137473106384,-5.159105992580278,44.41287310709552,28.92827271008263,5.286015303009063,-2.196670480058301,-1.384367643672821,False,False,False,not_evaluated_cross_domain_gate,False
A6PX-P055-0162,O=C(c1cccc2ccccc12)N1CCO[C@@]2(CNCCN(c3ncccn3)C2)C1,56_s1p1_full,full,P21453__Q99500,P21453,Q99500,56_s1p1_full::ZINC000096076727,ZINC000096076727,0.45454545454545453,403.48600000000016,1.9507999999999996,70.59,2,1,6,0.7053963049951097,3.5218915833928115,-7.658,-6.143,-1.5550000000000006,-1.2380000000000004,0.17743418185031018,-1.0540000000000003,-0.5010000000000003,False,False,0.5756673693656922,0.8793470144271851,0.9078459739685059,0.2951640248298645,0.14112252444028855,0.06551194787025452,0.13113367557525635,0.9102300643920899,0.10517800003290176,0.7995217561721801,0.862511956691742,0.9987303972244262,0.90745849609375,0.16579980105161668,0.8954694628715515,-4.921466501063472,48.1628147568338,41.00886485584096,22.76129539577221,-3.139200621331945,-4.936414163165589,False,False,False,not_evaluated_cross_domain_gate,False
A6PX-P055-0222,O=C1CN(C(=O)c2cncc3cccnc23)C[C@]2(CCCCN(c3ncccn3)C2)N1,56_s1p1_full,full,P21453__Q99500,P21453,Q99500,56_s1p1_full::ZINC000096076727,ZINC000096076727,0.2391304347826087,417.4730000000002,1.4210999999999998,104.21000000000001,2,1,7,0.6724116143109683,3.8455563374106845,-7.002,-5.679,-1.505,-1.0659999999999998,0.2818679753990431,-1.0540000000000003,-0.4509999999999996,True,False,0.0988584317266941,0.6330108106136322,0.7702431797981262,0.03846612703055143,0.06608765386044979,0.10954417809844016,0.02569267516955733,0.7397835373878479,0.04364745654165745,0.4605519711971283,0.904151976108551,0.9984516859054565,0.8794881224632263,0.0496865127235651,0.6485592365264893,-4.894396773204984,38.739770399658696,56.17063333702332,-2.9584076342471306,-3.2584749382008718,-2.8074716942400633,True,False,False,seed_baseline_missing_or_failed,False
A6PX-P055-0014,Cc1ccc(C(=O)N2CCO[C@@]3(COCCN(c4cnccn4)C3)C2)cc1C,56_s1p1_partial,partial,P21453__Q99500,P21453,Q99500,56_s1p1_partial::ZINC000096076727,ZINC000096076727,0.6285714285714286,382.4640000000001,1.84144,67.79,2,0,6,0.7896225586614185,3.568707703595398,-7.113,-5.349,-1.7640000000000002,-1.7169999999999996,0.1836742285194694,-1.0540000000000003,-0.71,True,False,0.4161532551050186,0.9196107745170593,0.9570018291473389,0.08509839326143265,0.2696630835533142,0.10664262771606445,0.00787511239759624,0.9025670528411865,0.048652015067636965,0.5457929044961929,0.7848764181137085,0.9999070286750793,0.9886028170585632,0.30868059396743774,0.6693918287754059,-4.543411142112007,60.86098767132088,45.51546627310262,-4.242056307717709,-2.5333166697978395,2.039644795038055,True,False,False,seed_baseline_missing_or_failed,False
A6PX-P055-0017,Cc1ccnc(C)c1C(=O)N1CCO[C@@]2(COCCN(c3cnccn3)C2)C1,56_s1p1_partial,partial,P21453__Q99500,P21453,Q99500,56_s1p1_partial::ZINC000096076727,ZINC000096076727,0.6521739130434783,383.4520000000001,1.2364399999999995,80.68000000000002,2,0,7,0.7716644768063843,3.8201384728261676,-6.598,-4.813,-1.7429999999999994,-1.5810000000000004,0.21725765553574597,-1.0540000000000003,-0.6889999999999992,True,True,0.38710741996765136,0.8792545437812805,0.9576278567314148,0.01255916552618146,0.029331819713115694,0.01812572721391916,0.0021126118255779145,0.6892626404762268,0.034536623302847146,0.5735282808542251,0.715366780757904,0.9997718214988709,0.9843798041343689,0.056665369868278505,0.5112111806869507,-4.532450935406962,39.749743408365724,25.108232176420284,2.6029879668952196,-1.5173463645371652,2.847143213317879,True,False,False,seed_baseline_missing_or_failed,False
A6PX-P055-0005,O=C(Nc1ncccc1F)N1CCO[C@@]2(COCCN(c3cnccn3)C2)C1,56_s1p1_partial,partial,P21453__Q99500,P21453,Q99500,56_s1p1_partial::ZINC000096076727,ZINC000096076727,0.581081081081081,388.4030000000001,1.1503999999999999,92.71000000000001,2,1,7,0.8249738942608044,3.832484042974176,-7.226,-5.515,-1.742,-1.2970000000000006,0.21616403236636927,-1.0540000000000003,-0.6879999999999997,True,False,0.40960168540477754,0.8710950016975403,0.9498878836631774,0.03232252933084965,0.04590902514755726,0.014746178407222033,0.005469244834966957,0.5793533325195312,0.03496718099340797,0.6867875427007675,0.8366641044616699,0.9989493250846863,0.8685286641120911,0.01679476834833622,0.3141346573829651,-4.564121958095874,37.41384654984053,11.426634546660555,0.39335232622425986,-2.491650057994357,-0.10196733541210926,True,False,False,seed_baseline_missing_or_failed,False
A6PX-P055-0018,Cc1nccc(C(=O)N2CCO[C@@]3(COCCN(c4cnccn4)C3)C2)c1C,56_s1p1_partial,partial,P21453__Q99500,P21453,Q99500,56_s1p1_partial::ZINC000096076727,ZINC000096076727,0.6521739130434783,383.4520000000001,1.2364399999999995,80.68000000000002,2,0,7,0.7716644768063843,3.833847874535569,-6.593,-4.863,-1.6560000000000006,-1.3770000000000007,0.15199634498529488,-1.0540000000000003,-0.6020000000000003,True,False,0.38154388666152955,0.870111346244812,0.960385513305664,0.01461839471012354,0.029962011612951756,0.018965313211083412,0.0026578929042443632,0.7331123173236846,0.034121542051434514,0.6146777987480163,0.7233631134033203,0.9997832179069519,0.9810100317001342,0.05904183685779572,0.5465516030788422,-4.5603407332166865,40.31690182022983,25.33384862344079,0.11999808955314109,-1.5128633787040686,2.8457144418392666,True,False,False,seed_baseline_missing_or_failed,False
A6PX-P055-0004,Cc1cccc(C(=O)N2CCO[C@@]3(COCCN(c4cnccn4)C3)C2)c1O,56_s1p1_partial,partial,P21453__Q99500,P21453,Q99500,56_s1p1_partial::ZINC000096076727,ZINC000096076727,0.6428571428571429,384.4360000000001,1.2386199999999998,88.02,2,1,7,0.8333452468618783,3.685369242056937,-6.18,-5.15,-1.0579999999999998,-1.005,0.45659683164326337,-1.0540000000000003,-0.0039999999999995595,False,False,0.40531601905822756,0.7680547714233399,0.8910685300827026,0.04129313826560974,0.07526779137551784,0.060515329241752625,0.006951624224893749,0.6665502846240997,0.038793161138892175,0.4324770629405975,0.7111856460571289,0.9994281172752381,0.926847267150879,0.09093272536993027,0.589988499879837,-4.916375713024161,73.60009681595398,43.30239757362969,-19.949995136020917,-3.0821088508763888,-3.662500522595329,False,False,False,not_evaluated_cross_domain_gate,False
A6PX-P058-0071,Cc1cccc(NC(=O)C[C@@H]2CCC3O[C@]4(CCCc5ccccc54)[C@@H](O)[C@H]3NC2=O)c1F,58_fpr1_full,full,P21462__P25090,P21462,P25090,58_fpr1_full::ZINC000008624247,ZINC000008624247,0.38202247191011235,452.5260000000003,3.349020000000002,87.66000000000001,3,3,4,0.6666431841732161,4.677427680678465,-8.612,-6.815,-1.8139999999999992,-1.5510000000000002,0.25964890825026704,-1.726,-0.08799999999999919,True,False,0.5525153160095215,0.7701326131820678,0.7633980751037598,0.017795654525980354,0.44560669660568236,0.23973510190844535,0.07963027507066726,0.7180100321769715,0.23325760066509246,0.2329750046133995,0.6391872882843017,0.9987904787063598,0.7802387952804566,0.8662374138832092,0.7998345613479614,-5.1250621372317395,61.68502420201969,67.65727328207394,40.82957270858195,-4.05593077566869,6.58557265335553,True,True,True,dual_endpoint_improved,True
A6PX-P063-0122,Cc1[nH+]cc2c(c1C)C[C@@H]1[C@H](c3nnn[nH]3)NCCN1C2=O,60_p21728_full,full,P08912__P21728,P21728,P08912,60_p21728_full::ZINC000731855411,ZINC000731855411,0.2222222222222222,299.338,-0.07705999999999963,99.69000000000001,1,2,6,0.7640045711806916,4.081016523062333,-9.534,-5.916,-3.665,-3.6030000000000006,0.03974362282877001,-2.1910000000000007,-1.4739999999999993,True,False,0.41583037078380586,0.7589452981948852,0.9567114114761353,0.025285786483436823,0.033472748147323726,0.006615475757280364,0.0007920632484456292,0.02091141529381275,0.07521039023995399,0.10004613175988197,0.8795049309730529,0.9996904134750366,0.6420272588729858,0.031156429555267096,0.0649564377963543,-5.395485082284229,5.461467451453887,4.780172984355486,-8.511734299423807,-1.5897149992145985,-2.998255918768213,True,True,True,dual_endpoint_improved,True
A6PX-P063-0101,Cc1cc([C@@H](O)[C@]23CCC=C(c4nnn[nH]4)[C@H]2C3)ccc1O,60_p21728_full,full,P08912__P21728,P21728,P08912,60_p21728_full::ZINC000731855411,ZINC000731855411,0.1927710843373494,298.346,2.13082,94.92,3,3,5,0.8065866617935911,4.329931696827671,-9.27,-6.508,-2.7879999999999994,-1.6749999999999998,0.5658851473576592,-2.1910000000000007,-0.5969999999999986,True,False,0.20095515251159668,0.35055200159549715,0.8693596601486206,0.2026457741856575,0.37233219742774964,0.23377524465322494,0.025968739576637746,0.3113308995962143,0.13445614762604235,0.068723863363266,0.37686206102371217,0.9999272227287292,0.5224419832229614,0.03302719369530678,0.060951171815395354,-5.384649779916036,37.619838780973666,13.331977517905349,-38.65605056498962,-3.3791751620619492,-5.481300211206235,True,True,False,not_dual_endpoint_improved,False
A6PX-P063-0016,Cc1ccc(C(=O)N2C=C(c3nnn[nH]3)CCC2)cc1C,60_p21728_full,full,P08912__P21728,P21728,P08912,60_p21728_full::ZINC000731855411,ZINC000731855411,0.3055555555555556,283.335,2.0936399999999997,74.77000000000001,2,1,4,0.9154354348830263,2.7067174665860154,-9.627,-6.893,-2.7310000000000008,-2.705000000000001,0.016573070526207424,-2.1910000000000007,-0.54,True,True,0.21697232648730277,0.9096993803977966,0.9583940863609314,0.5127783834934234,0.8974521160125732,0.517912071943283,0.03372266124933958,0.4014903247356415,0.19500116109848023,0.08170266374945641,0.917692756652832,0.9999837398529052,0.9695480465888977,0.11829943135380745,0.10236109234392643,-4.964074677507486,51.7680885522888,46.000463795630885,-27.79505473346377,-2.781441180271794,-2.0826081141605135,True,True,False,not_dual_endpoint_improved,False
A6PX-P063-0100,O=C(c1ccc(O)c(O)n1)N1CC=C(O)C(n2cccn2)C1,60_p21728_full,full,P08912__P21728,P21728,P08912,60_p21728_full::ZINC000731855411,ZINC000731855411,0.22784810126582278,302.29,-0.06670000000000043,108.28999999999999,2,2,6,0.8071991451157929,3.404447023639615,-8.489,-5.916,-2.5730000000000004,-2.1420000000000003,0.21086225098127181,-2.1910000000000007,-0.3819999999999997,True,True,0.0657209511846304,0.5047796726226806,0.8767572999000549,0.0026022337086033078,0.013208258431404829,0.008260234456975013,0.0017295663710683584,0.0024957777408417315,0.07023536935448646,0.1038763739168644,0.706893789768219,0.9947831511497498,0.24322253465652466,0.00642427010461688,0.016006326675415038,-5.090609814538427,57.74099757691904,-33.108195623530605,-46.11322542754756,-3.050065734633613,-2.0816592780752243,False,False,False,not_evaluated_cross_domain_gate,False
A6PX-P063-0115,Cc1ccc(C(=O)N2CCN=C(n3cnnn3)C2)cc1C,60_p21728_full,full,P08912__P21728,P21728,P08912,60_p21728_full::ZINC000731855411,ZINC000731855411,0.24324324324324326,284.32300000000004,0.6925399999999999,76.27000000000001,1,0,6,0.7718484618303427,2.7425720819706303,-9.036,-6.484,-2.5540000000000003,-2.5340000000000007,0.03536790761253583,-2.1910000000000007,-0.36299999999999955,True,True,0.3730051726102829,0.968594741821289,0.9817043781280518,0.4288482844829559,0.7296972632408142,0.15426898151636123,0.011724341800436378,0.30761223286390305,0.15179858691990375,0.08994365632534027,0.869275712966919,0.9999745845794678,0.9824617624282836,0.2477536328136921,0.08074341528117657,-4.738486916715242,61.74427717311903,47.71212837735826,7.0056496435242535,-1.8138200324856253,4.585202432815482,False,False,False,not_evaluated_cross_domain_gate,False
A6PX-P063-0076,Cc1cc(C(=O)N2CC[C@H](O)[C@@H](n3cnnc3)C2)nc(C)c1O,60_p21728_full,full,P08912__P21728,P21728,P08912,60_p21728_full::ZINC000731855411,ZINC000731855411,0.19230769230769232,317.34900000000005,0.4436400000000001,104.37,2,2,7,0.8328296032829041,3.722592279508751,-8.144,-5.63,-2.521,-2.474,0.02515286597321815,-2.1910000000000007,-0.3299999999999992,True,True,0.08363068737089634,0.3100638300180435,0.945816969871521,0.004799835430458188,0.00761171062476933,0.011539146676659584,0.0008900883462047204,0.007390790665522218,0.028963506035506726,0.19455717951059343,0.7762995600700379,0.9990553021430969,0.7138307213783264,0.0061758351046592,0.05930801071226597,-5.119729245376758,-2.455148259038789,-34.373423140879076,-14.592458399532934,-1.4549825106949097,1.8477554726802523,False,False,False,not_evaluated_cross_domain_gate,False
A6PX-P063-0068,COc1cc(C(=O)N2C=C(c3nnn[nH]3)OCC2)ccc1O,60_p21728_full,full,P08912__P21728,P21728,P08912,60_p21728_full::ZINC000731855411,ZINC000731855411,0.3333333333333333,303.27799999999996,0.38489999999999985,113.46000000000001,3,2,7,0.8424312549824123,2.949323357186758,-7.929,-5.658,-2.271,-2.2539999999999996,0.020314198646923593,-2.1910000000000007,-0.07999999999999918,True,False,0.3137739926576614,0.5205631077289581,0.8334671974182128,0.12422039434313774,0.2177073359489441,0.14170771166682244,0.00589138213545084,0.062225567921996114,0.044389924593269826,0.0266912205144763,0.8885291814804077,0.9992953538894653,0.4961904942989349,0.05659705046564341,0.07615050747990608,-5.310040626219587,101.99380111345096,21.24018791037475,-24.6764947216546,-2.5592832942610313,-6.555210062692327,True,True,True,dual_endpoint_improved,True
A6PX-P063-0036,Cc1ccc(C(=O)N2CCO[C@H](c3nnn[nH]3)C2)cc1C,60_p21728_full,full,P08912__P21728,P21728,P08912,60_p21728_full::ZINC000731855411,ZINC000731855411,0.7017543859649122,287.323,1.0302399999999998,84.00000000000001,2,1,5,0.8915173280342131,2.8973605375053744,-8.887,-6.631,-2.2560000000000002,-2.2040000000000006,0.09113116310510326,-2.1910000000000007,-0.0649999999999995,True,True,0.6287309408187867,0.9113243341445922,0.9850077033042908,0.08811864107847214,0.4318069159984589,0.03623636057600379,0.0011084558442234992,0.11773248091340065,0.1400848552584648,0.11679136455059051,0.9255113124847412,0.9999568700790405,0.9300591111183166,0.03971859770826995,0.055299274576827886,-4.8732505488666975,45.984318573896985,11.094576484073599,-26.419931640821925,-1.4984455341542267,3.214025992621034,False,False,False,not_evaluated_cross_domain_gate,False
A6PX-P063-0133,Cc1c[nH+]c(C(=O)c2cccc(-c3c[nH]nn3)c2)cc1C,60_p21728_full,full,P08912__P21728,P21728,P08912,60_p21728_full::ZINC000731855411,ZINC000731855411,0.16883116883116883,278.315,2.7145400000000004,71.53,3,1,4,0.7476416955247023,2.807685928124476,-9.295,-6.987,-2.2490000000000006,-1.6929999999999996,0.2781418503010453,-2.1910000000000007,-0.05799999999999983,False,True,0.3814693957567215,0.6976003289222718,0.9816914439201355,0.9049469709396363,0.5797170460224151,0.32915450930595397,0.07648882279172539,0.5323378294706345,0.1961308941245079,0.2008220709860325,0.8981197357177735,0.9999404907226562,0.9659876704216004,0.11523198336362839,0.15640498846769332,-4.9073312436127985,47.72098886767755,33.38671941847495,-1.7131843851410777,-3.8423056517349634,-2.052733600760489,False,False,False,not_evaluated_cross_domain_gate,False
A6PX-P063-0110,Cn1cnnc1C1=NC=CN(C(=O)c2ccc(O)c(O)n2)C1,60_p21728_full,full,P08912__P21728,P21728,P08912,60_p21728_full::ZINC000731855411,ZINC000731855411,0.1686746987951807,300.2780000000001,-0.37470000000000026,116.47,2,2,7,0.7842208463070629,3.5549600817525135,-7.98,-5.744,-2.2429999999999994,-2.2360000000000007,0.03993606000707771,-2.1910000000000007,-0.051999999999998714,True,True,0.3151803880929947,0.3930975437164307,0.9657298922538757,0.011594192124903202,0.004565841780276969,0.004474306723568589,0.002715864626225084,0.0046965393819846215,0.12173453718423843,0.08184586949646473,0.8377363204956054,0.9914984107017517,0.2260927900671959,0.024414709582924844,0.027377531863749027,-5.282376711340868,18.182153605823796,-22.499225919905548,-17.609339776296842,-3.3973833878065856,-1.8915208943664894,False,False,False,not_evaluated_cross_domain_gate,False
A6PX-P063-0108,Cc1cnc(C(=O)N2CCN=C(c3nnnn3C)C2)cc1C,60_p21728_full,full,P08912__P21728,P21728,P08912,60_p21728_full::ZINC000731855411,ZINC000731855411,0.189873417721519,299.338,0.16703999999999963,89.16000000000001,2,0,7,0.7881805176475236,3.0316312976334077,-8.223,-6.053,-2.1959999999999997,-2.170000000000001,0.01844511377634249,-2.1910000000000007,-0.004999999999999005,True,True,0.5459785640239716,0.9758280634880065,0.9879383444786072,0.2905298873782158,0.2317124754190445,0.016499392967671157,0.0033796565257944167,0.04385670255869627,0.09593758806586265,0.08363791406154633,0.8088894724845886,0.9999701976776123,0.993009352684021,0.1379976686090231,0.06285696066915988,-4.710062529496798,55.38037871487553,50.13563743667974,-10.437130048169129,-1.5508811106945601,5.5228626670714505,False,False,False,not_evaluated_cross_domain_gate,False
A6PX-P065-0023,Cc1cc(C)cc(C(=O)N[C@@H](C)C(=O)NCc2cc(C(=O)N(C)C)cc(N3CCCC3)c2)c1,62_p21728_full,full,P13945__P21728,P21728,P13945,62_p21728_full::ZINC000766864988,ZINC000766864988,0.2857142857142857,450.5830000000003,3.040140000000001,81.75,7,2,4,0.6794504288602634,2.766869898227876,-7.624,-5.297,-2.4819999999999993,-1.9169999999999998,0.282911450614656,-2.3499999999999996,-0.13199999999999967,True,False,0.10256693959236145,0.5082933008670807,0.7642237424850464,0.02667885087430477,0.32923833578824996,0.22525028362870217,0.049366727285087106,0.6842906475067139,0.41310569941997527,0.1697502464056015,0.775044322013855,0.9744333148002624,0.9069953083992004,0.5209752917289734,0.7641601800918579,-5.0097895145740505,43.80869359171963,55.490966155775155,64.0936152001989,-4.09403982028838,2.766279127308543,True,False,False,seed_baseline_missing_or_failed,False
A6PX-P065-0057,COC(=O)c1cc(CNC(=O)CCNC(=O)c2cc(C)nc(C)c2)cc(C(=O)OC)c1,62_p21728_full,full,P13945__P21728,P21728,P13945,62_p21728_full::ZINC000766864988,ZINC000766864988,0.43636363636363634,427.45700000000016,1.7079399999999996,123.69000000000001,8,2,7,0.6147511776100478,2.277070038444025,-6.725,-4.313,-2.412,-2.056,0.1769168040508179,-2.3499999999999996,-0.06200000000000028,True,False,0.05994663275778293,0.5831651389598846,0.8703913688659668,0.0897314190864563,0.2449585199356079,0.24009617567062377,0.07510699518024921,0.6252577543258667,0.09926654919981956,0.14584506750106813,0.8435238242149353,0.9716171145439148,0.8638996124267578,0.18957288563251495,0.4334539622068405,-5.082754840719856,90.85891747090612,79.28346056892744,29.828456276012027,-3.1995414214367925,1.7483174394378025,True,False,False,seed_baseline_missing_or_failed,False
A6PX-P059-0212,O=C(CN1c2cccc3ccc(O)c(c23)S1(=O)=O)N1CCC(CN2CCOCC2)CC1,63_p21728_full,full,P21728__P21918,P21728,P21918,63_p21728_full::ZINC000104688159,ZINC000104688159,0.5211267605633803,445.5410000000004,1.6248999999999998,90.39000000000001,4,1,6,0.7693819491952616,2.80978183670525,-10.538,-5.457,-5.0840000000000005,-3.781999999999999,0.623903838744402,-3.8519999999999994,-1.232000000000001,True,False,0.1735053241252899,0.8394596457481385,0.547615897655487,0.08336627259850501,0.32138984501361845,0.272266811132431,0.1324613630771637,0.27418852150440215,0.12258536219596863,0.41733233630657196,0.577998799085617,0.991286325454712,0.8264570593833923,0.15518053025007247,0.8371943473815918,-5.074356542199423,44.71047830049948,8.001074198812283,-35.63236619490202,-3.2355066507946417,0.7784237959000655,True,True,True,dual_endpoint_improved,True
A6PX-P059-0021,O=C(CN1c2cccc3cccc(c23)S1(=O)=O)N1CCC2(CCOCC2)CC1,63_p21728_partial,partial,P21728__P21918,P21728,P21918,63_p21728_partial::ZINC000104688159,ZINC000104688159,0.5873015873015873,400.50000000000034,2.7677000000000014,66.92,2,0,4,0.7775067503575555,3.149428564299969,-12.401,-7.447,-4.935,-4.831,0.2888090487963745,-3.8519999999999994,-1.0830000000000002,True,False,0.17044021487236022,0.9642364978790283,0.7570808887481689,0.1781069055199623,0.4038766026496887,0.35529425740242004,0.07007288001477718,0.234370256960392,0.11756506860256195,0.36679582893848417,0.6739440858364105,0.9985992670059204,0.977145504951477,0.3536493107676506,0.8155074119567871,-4.627838453519664,53.79723346159833,29.089527350851135,15.602658977815588,-4.502262573249935,2.218380679472819,True,True,False,not_dual_endpoint_improved,False
A6PX-P061-0072,CC1(C)CCC[C@H]1CNC(=O)c1cccc(-c2nnn[nH]2)c1,66_drd1_full,full,P21728__Q9Y5N1,P21728,Q9Y5N1,66_drd1_full::ZINC000769191049,ZINC000769191049,0.21428571428571427,299.378,2.4227999999999996,83.56,4,2,4,0.9078408178762694,2.9521824720621606,-9.909,-5.682,-4.188,-3.987,0.347128218386233,-2.8439999999999994,-1.3440000000000003,True,False,0.17308830022811889,0.917522644996643,0.9468767523765564,0.3013443470001221,0.7014447808265686,0.3007528692483902,0.12057024165987969,0.4445998691022396,0.31267255544662476,0.3158910065889359,0.7215185284614563,0.9998801589012146,0.9200611114501953,0.055107053369283676,0.15613378435373307,-4.830395545530401,41.716463845842114,28.028587152228216,-24.297086820775895,-3.6435268587526743,-4.150463526965066,True,True,True,dual_endpoint_improved,True
A6PX-P061-0083,Cc1ncnn1C1CC=CN(C(=O)c2ccc(O)c(C(F)(F)F)c2)C1,66_drd1_full,full,P21728__Q9Y5N1,P21728,Q9Y5N1,66_drd1_full::ZINC000769191049,ZINC000769191049,0.2875,352.3160000000001,2.9118200000000005,71.25,2,1,5,0.9021420951598176,3.632521531176268,-9.536,-5.826,-3.71,-3.6740000000000004,0.08193900170248607,-2.8439999999999994,-0.8660000000000005,True,False,0.3905154883861542,0.8500677466392517,0.9514325022697449,0.047096389904618265,0.16631394624710083,0.0761430075392127,0.023025161400437356,0.2505994662642479,0.3903713285923004,0.11281616166234017,0.5171744361519813,0.9995755553245544,0.8813026309013366,0.17114394754171372,0.16919174790382385,-4.970363917251082,44.473728374993534,41.818734578449074,-28.68674104454335,-3.306363817567258,-1.8731107040812405,True,True,True,dual_endpoint_improved,True
A6PX-P061-0054,Cc1[nH+]cc(C(=O)N2C=COC(c3nnn[nH]3)C2)cc1C(C)C,66_drd1_full,full,P21728__Q9Y5N1,P21728,Q9Y5N1,66_drd1_full::ZINC000769191049,ZINC000769191049,0.3291139240506329,314.34900000000005,1.71142,96.89,3,1,6,0.9260553640231902,3.925788169336979,-8.932,-5.402,-3.5509999999999993,-3.495,0.044909786114931564,-2.8439999999999994,-0.7069999999999999,True,False,0.26554363816976545,0.7169699788093566,0.975850236415863,0.019099868647754193,0.20399724543094636,0.026271997578442098,0.0029395237390417604,0.07062007896602154,0.1691255584359169,0.07976648434996605,0.9245081543922424,0.9995964407920838,0.8876497864723205,0.09522740244865417,0.01987107200548053,-5.296615847443611,50.12488894897679,28.950992494425595,-24.512302055219322,-2.0006898332236505,2.696570344155476,True,True,False,not_dual_endpoint_improved,False
A6PX-P061-0154,Cc1ncc(C(=O)N2C=C(n3cnnn3)CCC2)cc1C(F)(F)F,66_drd1_full,full,P21728__Q9Y5N1,P21728,Q9Y5N1,66_drd1_full::ZINC000769191049,ZINC000769191049,0.2289156626506024,338.29299999999995,2.1299199999999994,76.80000000000001,2,0,6,0.8382897803950383,3.2267060531289387,-9.419,-5.908,-3.5119999999999996,-3.511,0.026166135875720635,-2.8439999999999994,-0.6680000000000001,True,True,0.7097775936126709,0.9859619617462159,0.9794430613517762,0.22980338782072068,0.5829700946807861,0.1090401567518711,0.010834913095459342,0.17657044976949693,0.3949054658412933,0.24968310296535492,0.8774317860603332,0.999976921081543,0.9846710443496705,0.1905090406537056,0.0769817776978016,-4.614264890075544,28.408049185136548,38.73195633951019,-6.922722478139221,-2.9347096056049513,4.410271897803348,True,True,False,not_dual_endpoint_improved,False
A6PX-P061-0233,CC(C)c1cc(C(=O)c2cccc(-c3nnn[nH]3)c2)ccc1O,66_drd1_full,full,P21728__Q9Y5N1,P21728,Q9Y5N1,66_drd1_full::ZINC000769191049,ZINC000769191049,0.22077922077922077,308.341,2.9267000000000003,91.76,4,2,5,0.7229785165816046,2.2915958676483896,-9.646,-6.258,-3.4129999999999994,-3.388000000000001,0.08382654048026077,-2.8439999999999994,-0.569,True,False,0.1023652620613575,0.3007133096456528,0.7941064596176147,0.8071032524108886,0.8879906177520752,0.83996422290802,0.14177027046680452,0.7123047351837158,0.13687378764152527,0.06438586637377738,0.8823371529579163,0.9997132778167724,0.8791684508323669,0.16174807250499726,0.13220278769731522,-5.200775177664033,76.86408492143369,53.14660198896665,-16.4768206867335,-4.152949508174141,-2.7465686717242983,True,True,False,not_dual_endpoint_improved,False
A6PX-P061-0132,Cc1c[nH+]c(C(=O)C2=NCCC(c3nnn[nH]3)=N2)cc1C(C)C,66_drd1_full,full,P21728__Q9Y5N1,P21728,Q9Y5N1,66_drd1_full::ZINC000769191049,ZINC000769191049,0.2,311.34899999999993,1.5007199999999998,109.13999999999999,4,1,7,0.8604795633310619,3.4776233232696914,-9.089,-5.625,-3.41,-3.308,0.11790674280973121,-2.8439999999999994,-0.5660000000000007,True,False,0.21349646002054215,0.8633998751640319,0.9787532329559326,0.6237782001495361,0.597620177268982,0.3620342344045639,0.13773016408085823,0.38066630661487577,0.12427826970815659,0.15243536196649074,0.8960898160934448,0.9999872207641601,0.9776781797409058,0.37518535256385804,0.1536632314324379,-5.558740356454305,38.30664180173615,45.216253185813756,-25.62657684497122,-2.2578621191183683,6.110786633970477,False,False,False,not_evaluated_cross_domain_gate,False
A6PX-P061-0159,Cc1nc(C(=O)N2CCCC(C3=NN=N3)C2)nn1C(C)(C)C,66_drd1_full,full,P21728__Q9Y5N1,P21728,Q9Y5N1,66_drd1_full::ZINC000769191049,ZINC000769191049,0.18518518518518517,303.37,1.97302,88.10000000000001,2,0,7,0.8363729118598173,3.7312087357984236,-8.359,-5.042,-3.3640000000000008,-3.210000000000001,0.08149573949327366,-2.8439999999999994,-0.5200000000000014,True,False,0.7996780633926391,0.9915987610816955,0.9688224554061889,0.08917013145983219,0.501956844329834,0.07450236640870571,0.0375446499325335,0.035259204404428604,0.08864840641617774,0.1373407170176506,0.5291743516921997,0.9999851703643798,0.9980310082435608,0.11725071594119071,0.27580651491880415,-4.778951141515908,33.29468486738316,45.98103675750368,0.9556250093656466,-2.3264964076152514,13.22734378130951,False,False,False,not_evaluated_cross_domain_gate,False
A6PX-P061-0056,Cc1ccc(C[C@H]2C=CN=C(n3cnnc3)N2)cc1C(F)(F)F,66_drd1_full,full,P21728__Q9Y5N1,P21728,Q9Y5N1,66_drd1_full::ZINC000769191049,ZINC000769191049,0.1686746987951807,321.306,2.5376200000000004,55.1,2,1,5,0.9246670302023353,3.823820832058873,-9.604,-6.248,-3.3609999999999998,-3.344999999999999,0.08087438819964447,-2.8439999999999994,-0.5170000000000003,True,False,0.3926234841346741,0.9550653696060181,0.9849231719970704,0.723612117767334,0.910952115058899,0.356757315993309,0.5503988832235336,0.9188380002975464,0.30545258820056914,0.36012691259384155,0.7940820693969727,0.9999830722808838,0.9565721392631531,0.3381650984287262,0.40405644178390504,-4.795689875316606,5.708941730123852,26.51089525987988,-8.434457889332487,-4.063476566583387,0.7562276900633809,False,False,False,not_evaluated_cross_domain_gate,False
A6PX-P061-0103,CC(C)c1cc(C(=O)N2CCO[C@@H](c3nnn[nH]3)C2)ccc1O,66_drd1_full,full,P21728__Q9Y5N1,P21728,Q9Y5N1,66_drd1_full::ZINC000769191049,ZINC000769191049,0.625,317.349,1.2423999999999997,104.23,3,2,6,0.8824145760453015,3.1090312462600567,-8.706,-5.35,-3.3359999999999994,-2.811,0.2810017793537968,-2.8439999999999994,-0.492,True,True,0.41289066672325136,0.447474879026413,0.9311751127243042,0.035410001128911975,0.1880194738507271,0.05884488150477409,0.0019021977728698402,0.09635460302233696,0.1152366004884243,0.09685824885964393,0.835895299911499,0.999346649646759,0.676559853553772,0.016769866226240993,0.07125114379450678,-5.278321281332654,74.40486687557598,2.8624066206676253,-23.57865152896494,-2.248439983409649,2.0040823353219785,True,True,False,not_dual_endpoint_improved,False
A6PX-P061-0082,Cc1c[nH+]c(C(=O)N2CCCC(c3cnn[nH]3)C2)nc1C(F)(F)F,66_drd1_full,full,P21728__Q9Y5N1,P21728,Q9Y5N1,66_drd1_full::ZINC000769191049,ZINC000769191049,0.25301204819277107,340.30899999999997,1.9417199999999997,87.66,2,1,5,0.9026116715422451,3.702278240006967,-8.993,-5.688,-3.3229999999999995,-3.084999999999999,0.11487481108677536,-2.8439999999999994,-0.4790000000000001,True,False,0.40572538375854494,0.9878785610198975,0.9628840565681458,0.2390195220708847,0.4734903693199158,0.15433428436517715,0.01747328769415617,0.18560561314225196,0.14514445066452025,0.3595645010471344,0.7939777851104737,0.9999931812286377,0.96646089553833,0.0880453573539853,0.3359235733747482,-4.807829584350288,24.007719961734008,26.083645589594504,-39.824114640573804,-2.7970638855584666,1.8747338790799468,False,False,False,not_evaluated_cross_domain_gate,False
A6PX-P061-0164,O=C(c1cccc(C(F)(F)F)c1)N1CCO[C@@H](n2cnnn2)C1,66_drd1_full,full,P21728__Q9Y5N1,P21728,Q9Y5N1,66_drd1_full::ZINC000769191049,ZINC000769191049,0.3835616438356164,327.266,1.3630999999999998,73.14,2,0,6,0.8327043224088234,3.0983313646032524,-9.047,-5.81,-3.2429999999999994,-3.1370000000000005,0.056180265416089115,-2.8439999999999994,-0.399,True,True,0.9109978795051574,0.9918678998947144,0.9835610628128052,0.11046687513589859,0.330195714533329,0.020297272689640523,0.001937876433657948,0.04529147939756513,0.29881042912602424,0.3458916962146759,0.8391957879066467,0.9999675512313843,0.9390423417091369,0.15884381500072778,0.056288147112354636,-4.5563066146018,52.293354972041655,18.38391316512947,-18.940885502377057,-2.2953635146582165,1.8782178812436872,True,True,False,not_dual_endpoint_improved,False
A6PX-P061-0140,CC(C)(C)c1cc(C(=O)N2CCO[C@H](c3cnn[nH]3)C2)c[nH+]c1O,66_drd1_full,full,P21728__Q9Y5N1,P21728,Q9Y5N1,66_drd1_full::ZINC000769191049,ZINC000769191049,0.4246575342465753,331.37600000000003,1.0041999999999995,103.97,2,2,5,0.8543152179915716,3.731390295116036,-8.561,-5.349,-3.2119999999999997,-2.825,0.2012665452136105,-2.8439999999999994,-0.3680000000000003,True,False,0.33283438086509703,0.5266790747642517,0.9248659491539002,0.012036389764398336,0.12358084321022034,0.02828680947422981,0.0011713658575899899,0.13424593806266785,0.14035862535238267,0.20865686535835265,0.7853725790977478,0.9981054782867431,0.8138017535209656,0.029008352383971214,0.08893588185310364,-4.916936196566135,39.110768301318956,-7.304337783264134,-0.6061255633458955,-2.5435151264427525,2.7033221212788296,False,False,False,not_evaluated_cross_domain_gate,False
A6PX-P061-0177,Cc1ncc(C(=O)c2cccc(C3=NN=C3)c2)cc1C(F)(F)F,66_drd1_full,full,P21728__Q9Y5N1,P21728,Q9Y5N1,66_drd1_full::ZINC000769191049,ZINC000769191049,0.20253164556962025,317.27,3.428320000000003,54.68,3,0,4,0.8144619000575968,2.7685331795672408,-9.808,-6.6,-3.186,-3.1420000000000003,0.058005746841728,-2.8439999999999994,-0.3420000000000005,True,False,0.7048990190029144,0.9732636570930481,0.9811220407485962,0.921270751953125,0.580053499341011,0.1877390995621681,0.11872416883707046,0.29332271218299866,0.41380839645862577,0.1149684138596058,0.828402578830719,0.9999674558639526,0.9805915474891662,0.6509838342666626,0.46501158475875853,-4.421434698133548,32.52418975860022,16.397121252467343,24.337705016662525,-5.359791122337873,2.3650757373532842,True,True,False,not_dual_endpoint_improved,False
A6PX-P061-0097,Cc1[nH]c(C(=O)N2CCO[C@H](c3nnn[nH]3)C2)cc1C(C)C,66_drd1_full,full,P21728__Q9Y5N1,P21728,Q9Y5N1,66_drd1_full::ZINC000769191049,ZINC000769191049,0.5147058823529411,304.354,1.1733199999999997,99.79,3,2,5,0.8864502525369956,3.532200125376587,-8.471,-5.292,-3.1790000000000003,-2.7910000000000004,0.327885142491493,-2.8439999999999994,-0.33500000000000085,True,False,0.5762531101703644,0.7958523750305175,0.9747662544250488,0.06471760123968125,0.2782367616891861,0.0310457531362772,0.0015652749716537073,0.12469580620527268,0.1323526345193386,0.15778250694274903,0.900849449634552,0.9998921155929565,0.9063240051269531,0.036575894244015215,0.07044918332248926,-5.061408600217595,40.245989188249936,15.29561735441563,-23.525756302993173,-1.5911295929363376,3.546194038991092,False,False,False,not_evaluated_cross_domain_gate,False
A6PX-P061-0181,Cc1c[nH+]c(Cc2cccc(-c3nnn[nH]3)c2)cc1C(F)(F)F,66_drd1_full,full,P21728__Q9Y5N1,P21728,Q9Y5N1,66_drd1_full::ZINC000769191049,ZINC000769191049,0.24358974358974358,319.28999999999996,3.1797200000000005,67.35,3,1,4,0.8049322791382965,2.562247701967916,-9.87,-6.8,-3.107,-3.0679999999999996,0.05808614292583072,-2.8439999999999994,-0.2630000000000008,True,True,0.24375572949647903,0.9496372818946839,0.9721884727478027,0.519298130273819,0.8335743904113769,0.24889001995325089,0.08242359161376953,0.6068398535251618,0.3952962517738342,0.29019235372543334,0.8563515305519104,0.9999692916870118,0.9511773943901062,0.252683125436306,0.20607323348522186,-4.804263049164243,16.62983998325341,33.53545506226031,-44.94959548560274,-4.29982483152397,-4.913785033234084,True,True,False,not_dual_endpoint_improved,False
A6PX-P061-0210,CC(C)c1cccc(C(=O)[C@H]2C=CCC(c3nnn[nH]3)=C2)c1,66_drd1_full,full,P21728__Q9Y5N1,P21728,Q9Y5N1,66_drd1_full::ZINC000769191049,ZINC000769191049,0.12345679012345678,294.35799999999995,2.3149999999999995,65.52,4,3,5,0.7571837578809992,2.600259620923019,-9.813,-6.763,-3.088000000000001,-2.8869999999999996,0.1426394054951159,-2.8439999999999994,-0.24400000000000155,True,False,0.5437606513500214,0.6626793384552002,0.9494287133216858,0.860169792175293,0.6852483153343201,0.5027336537837982,0.4090152382850647,0.7905542492866516,0.6005795657634735,0.1648269549012184,0.8312560319900513,0.9993884921073913,0.9286229610443115,0.5121766984462738,0.6111328601837158,-5.05201230090959,-30.40816473852476,-16.048262670240113,39.53433635522551,-3.8395723882833237,-1.2124581758461805,True,True,False,not_dual_endpoint_improved,False
A6PX-P061-0119,O=C(c1ccc(O)c(C(F)(F)F)c1)N1CCC=C(c2nnn[nH]2)C1,66_drd1_full,full,P21728__Q9Y5N1,P21728,Q9Y5N1,66_drd1_full::ZINC000769191049,ZINC000769191049,0.4492753623188406,339.27700000000004,1.8535999999999992,94.99999999999999,2,2,5,0.8706598976973693,2.82394623682584,-9.254,-6.192,-3.0869999999999997,-2.8850000000000007,0.1245498561487187,-2.8439999999999994,-0.24300000000000033,True,False,0.22564323246479034,0.7338686227798462,0.9048709869384766,0.19922860190272332,0.4935193002223969,0.20951849222183228,0.034706989955157044,0.15927872583270072,0.33322770297527315,0.07716005183756351,0.8329038262367249,0.9992909789085388,0.5599982917308808,0.12450518570840359,0.11341699734330177,-5.207842283704464,45.723258398399864,27.227337868539202,-22.390647207278313,-3.0008999124490705,-4.346428993314899,False,False,False,not_evaluated_cross_domain_gate,False
A6PX-P061-0055,CCCc1cc(C(=O)N2CCCC(c3nnn[nH]3)C2)cc[nH+]1,66_drd1_full,full,P21728__Q9Y5N1,P21728,Q9Y5N1,66_drd1_full::ZINC000769191049,ZINC000769191049,0.3918918918918919,300.366,1.567,87.66000000000001,4,1,5,0.9256087172569267,2.9881175338753465,-8.659,-5.585,-3.0740000000000007,-2.995,0.04631054595517832,-2.8439999999999994,-0.23000000000000131,True,False,0.10265724994242191,0.9445909261703491,0.9443880438804626,0.01714634308591485,0.31793424785137175,0.04290129262953997,0.006320357322692871,0.06383902537636459,0.05250907614827156,0.2322836309671402,0.6065988957881927,0.9999713182449341,0.8845467090606689,0.09559492953121662,0.05807321276515722,-5.185196861224026,47.94187500772668,0.19491699174100746,-11.176932088294663,-1.3783483733168729,2.5983763133085906,True,True,False,not_dual_endpoint_improved,False
A6PX-P061-0074,Cc1[nH+]cc(C(=O)N2C=C(c3nnn[nH]3)CCC2)cc1C(F)(F)F,66_drd1_full,full,P21728__Q9Y5N1,P21728,Q9Y5N1,66_drd1_full::ZINC000769191049,ZINC000769191049,0.33766233766233766,338.29299999999995,2.19902,87.66000000000001,2,1,5,0.9068616414508629,3.1281152379739456,-9.194,-6.146,-3.048000000000001,-2.9690000000000003,0.08051638894590919,-2.8439999999999994,-0.2040000000000015,True,False,0.4231173485517502,0.9525631904602051,0.966987669467926,0.14733512401580812,0.41718043088912965,0.10469241067767143,0.017593262437731027,0.12017201036214828,0.4119134783744812,0.19488289058208466,0.9065260529518128,0.9998858571052551,0.9112006425857544,0.13046320602297784,0.07978944331407548,-4.876801859483005,22.430739087509185,26.050843259525863,-24.312361188655775,-3.2061346467343492,0.5289245761788324,False,False,False,not_evaluated_cross_domain_gate,False
A6PX-P061-0161,Cc1ncc(C(=O)N2CCC[C@H](n3cnnn3)C2)cc1C(F)(F)F,66_drd1_full,full,P21728__Q9Y5N1,P21728,Q9Y5N1,66_drd1_full::ZINC000769191049,ZINC000769191049,0.3,340.30899999999997,1.8726199999999997,76.80000000000001,2,0,6,0.8340920479363578,3.1886706625098356,-9.404,-6.409,-3.0340000000000007,-2.4880000000000004,0.33272043653627414,-2.8439999999999994,-0.19000000000000128,True,False,0.7328718602657318,0.9886522889137268,0.9721011638641357,0.048750887252390386,0.30000654309988023,0.028486516093835235,0.008833486610092223,0.1552348367869854,0.19831396788358688,0.5193408608436585,0.6136339992284775,0.9999814748764038,0.9789559125900269,0.1269551116041839,0.14491662681102752,-4.746503912277726,32.982214553205395,15.614117166878724,-13.463988677163243,-2.2276467531411237,4.656990128780992,False,False,False,not_evaluated_cross_domain_gate,False
A6PX-P061-0120,O=C(c1ccc(O)c(C(F)(F)F)c1)N1CCCC(c2nnn[nH]2)C1,66_drd1_full,full,P21728__Q9Y5N1,P21728,Q9Y5N1,66_drd1_full::ZINC000769191049,ZINC000769191049,0.5692307692307692,341.293,1.9438999999999993,94.99999999999999,2,2,5,0.8704155778397029,3.018681225081594,-8.831,-5.788,-2.9909999999999997,-2.971,0.04089281382128427,-2.8439999999999994,-0.14700000000000024,True,True,0.19960423856973647,0.8986535549163819,0.8928462028503418,0.04818084761500359,0.5361831426620484,0.09952170699834824,0.012236697133630514,0.1641974810510874,0.17235156297683715,0.10881882905960083,0.6337662875652313,0.9998198628425599,0.6361289322376251,0.18962920401245356,0.0895831149071455,-5.2985081548256385,32.91723183395441,-11.730028422662764,-15.284322946424961,-2.8224184110936426,-2.5766032216474057,True,True,True,dual_endpoint_improved,True
A6PX-P061-0062,Cc1ccc(C(=O)N2CCC[C@@H](c3cnn[nH]3)C2)cc1C(F)(F)F,66_drd1_full,full,P21728__Q9Y5N1,P21728,Q9Y5N1,66_drd1_full::ZINC000769191049,ZINC000769191049,0.410958904109589,338.33299999999997,3.151720000000001,61.88,2,1,3,0.9148991286525545,3.2184192273778054,-9.294,-6.313,-2.9590000000000005,-2.910000000000001,0.060223657219475396,-2.8439999999999994,-0.1150000000000011,True,False,0.3216333270072937,0.9885076999664306,0.9644370317459107,0.31742310523986816,0.6829138159751892,0.14402683675289155,0.07559176087379456,0.7480615854263306,0.201938696205616,0.5183972030878067,0.45977944135665894,0.9999947786331177,0.9668201565742492,0.3241118758916855,0.5920844674110413,-4.733254914523855,24.895294093804207,7.341736994191282,-23.220571737282846,-3.8420861704170655,-3.166025950138414,False,False,False,not_evaluated_cross_domain_gate,False
A6PX-P061-0145,O=C(c1cnc(O)c(C(F)(F)F)c1)N1CCCn2cnnc2C1,66_drd1_full,full,P21728__Q9Y5N1,P21728,Q9Y5N1,66_drd1_full::ZINC000769191049,ZINC000769191049,0.3157894736842105,327.266,1.0312999999999999,83.88000000000001,1,1,5,0.8478522491106489,2.8806950614353717,-8.812,-5.94,-2.954999999999999,-2.8179999999999987,0.08384244483288636,-2.8439999999999994,-0.11099999999999977,True,False,0.3808890163898468,0.8326695322990417,0.9689908862113953,0.004402899963315577,0.008099045895505697,0.00250309823313728,0.0006576030631549656,0.00587012255564332,0.3313733458518982,0.10403346717357635,0.7545323491096496,0.9975755333900451,0.5001601576805115,0.10558452382683754,0.02629271987825632,-5.032536618184514,16.289156920101988,-3.1728333727079465,-13.344772420006867,-2.7681186882149618,3.3784037424753874,False,False,False,not_evaluated_cross_domain_gate,False
A6PX-P067-0036,CC(=O)CCC[C@H]1CC[C@]2(O)[C@@H]3CC[C@]4(O)C[C@@H](O)CC[C@]4(CO)[C@@H]3CC[C@]12C,67_p21917_partial,partial,P08908__P21917,P21917,P08908,67_p21917_partial::ZINC000003881936,ZINC000003881936,0.5303030303030303,408.5790000000003,2.9677000000000016,97.99000000000001,5,4,5,0.5606426586910993,4.787673973052599,-7.21,-5.009,-2.3160000000000007,-1.936,0.19917886991903103,-2.215,-0.10100000000000087,True,False,0.010369697376154364,0.04427309334278107,0.4691858798265457,0.0204742350615561,0.013308447087183595,0.0643655801191926,0.0008295427687698975,0.013007288123480976,0.005673017152400916,0.011922394693829119,0.06171652786433697,0.9937960267066955,0.9473609089851379,0.05714038033038378,0.3585978507995605,-4.841344375937914,61.18469531511728,-19.551886872890208,13.02768664193843,-3.4099181388027686,-1.632536184846905,True,False,False,seed_baseline_missing_or_failed,False
A6PX-P067-0041,C[C@]12CC[C@@H]3[C@@H](CC[C@]4(O)C[C@@H](O)CC[C@]34CO)[C@@]1(O)CC[C@@H]2C1CCC(=O)CC1,67_p21917_partial,partial,P08908__P21917,P21917,P08908,67_p21917_partial::ZINC000003881936,ZINC000003881936,0.6065573770491803,420.5900000000003,2.9677000000000016,97.99000000000001,2,4,5,0.5505886013530241,4.772745529324508,-8.099,-5.861,-2.2380000000000004,-1.479,0.4625468144475278,-2.215,-0.023000000000000576,True,False,0.007118180324323475,0.04684470621868968,0.5367923945188522,0.010354528028983623,0.010928116645663977,0.03628133395686746,0.0006858793058199808,0.006918910250533372,0.006312453048735733,0.012261309928726405,0.07770300805568695,0.9872224450111389,0.9260213017463684,0.07753952741622924,0.30973861515522005,-4.850334447279177,55.82432114529041,-20.277731559186925,21.191775915629798,-3.661880070948662,-2.2045335928461816,True,False,False,seed_baseline_missing_or_failed,False
A6PX-P070-0164,O=C(c1c[nH]n2c(=O)c3c(nc12)CCC3)N1CC([C@@H]2CCc3ccccc3O2)C1,71_lshr_full,full,P22888__P23945,P22888,P23945,71_lshr_full::ZINC000003420016,ZINC000003420016,0.21052631578947367,390.44300000000027,1.9771,79.7,2,1,5,0.7256806068153597,3.390348212220804,-8.806,-7.651,-1.1889999999999992,-1.1370000000000005,0.026886593106767463,0.4770000000000003,-1.6659999999999995,True,True,0.21695128977298736,0.8672291874885559,0.9143720388412475,0.2269545763731003,0.699096405506134,0.6010846972465516,0.02882629130035639,0.6346852838993072,0.08490309864282608,0.25391785800457,0.8253637671470642,0.999924099445343,0.9324246525764466,0.7465700268745422,0.6249387502670288,-5.214145743820902,38.913835153810176,37.17234233094179,-18.080261360738305,-3.618385661874504,-2.0557035281680966,True,False,False,seed_baseline_missing_or_failed,False
A6PX-P073-0252,C[C@]1(C(=O)N2CCN(C3=N[SH](=O)(O)c4ncccc43)CC2)CCc2ccccc2O1,73_p23945_full,full,P22888__P23945,P23945,P22888,73_p23945_full::ZINC000742549914,ZINC000742549914,0.4583333333333333,428.5140000000003,2.7944000000000013,98.49000000000001,1,2,7,0.7248248420578679,3.619836137646816,-8.429,-6.851,-1.5810000000000004,-1.5680000000000005,0.01271045064329162,-1.0759999999999996,-0.5050000000000008,True,True,0.057008395344018935,0.5938559710979462,0.7829778790473938,0.011125821759924293,0.5813876748085022,0.6001453876495362,0.07635537646710873,0.7689333438873291,0.12598109170794486,0.15563241988420487,0.7346326470375061,0.9988364100456237,0.915258526802063,0.861728835105896,0.5639408230781555,-5.2762141859886835,4.0766766800379886,35.854453264806494,27.334497030938746,-1.4319315736064837,-7.33611582005894,True,True,True,dual_endpoint_improved,True
A6PX-P073-0144,C[C@@]1(C(=O)N2CC[C@@H]([C@H]3NS(=O)(=O)c4ccccc43)C2)Cc2ccccc2O1,73_p23945_full,full,P22888__P23945,P23945,P22888,73_p23945_full::ZINC000742549914,ZINC000742549914,0.2875,398.4840000000002,2.2619,75.71000000000001,2,1,4,0.8420559927860184,3.9472992634244566,-8.549,-7.301,-1.2479999999999993,-1.2410000000000005,0.02678722747048597,-1.0759999999999996,-0.1719999999999997,True,True,0.12261801734566688,0.7581012368202209,0.8821044921875,0.0707831472158432,0.3316222488880157,0.12309405244886876,0.21647381484508516,0.9006573557853699,0.17526062354445457,0.2608173727989197,0.6550727248191833,0.9996061086654663,0.9530650496482849,0.4260812222957611,0.563697224855423,-4.874455702792391,67.54204693494043,49.584598596681715,12.03594702110584,-3.6165076747580978,-2.3252775095080813,True,True,True,dual_endpoint_improved,False
A6PX-P073-0269,C[C@]1(C(=O)N2CCC(n3[nH+]c(N)c4cccnc43)CC2)CCc2[nH]cnc2C1,73_p23945_full,full,P22888__P23945,P23945,P22888,73_p23945_full::ZINC000742549914,ZINC000742549914,0.30120481927710846,379.46800000000025,2.0953,105.72000000000001,2,2,6,0.709185434341739,3.6356576241290304,-7.767,-6.579,-1.1820000000000004,-1.1670000000000007,0.013912424503139025,-1.0759999999999996,-0.10600000000000076,True,True,0.11670389417558909,0.8922099709510803,0.7152726769447326,0.015034259250387549,0.2795377016067505,0.31483209878206253,0.11912234127521515,0.7850863933563232,0.02966623567044735,0.39195498526096345,0.37911441922187805,0.9999711036682128,0.7863741993904114,0.12190586179494858,0.7706814885139466,-5.847849526853487,-4.573374243714878,15.291630292705742,-59.09400454327759,-1.814922946072778,-0.20543247281473623,False,False,False,not_evaluated_cross_domain_gate,False
A6PX-P073-0182,C[C@]1(C(=O)N2CCN(C3=NC(O)c4cccnc43)CC2)CCc2ccccc2O1,73_p23945_full,full,P22888__P23945,P23945,P22888,73_p23945_full::ZINC000742549914,ZINC000742549914,0.36363636363636365,392.4590000000003,1.760799999999999,78.26,1,1,6,0.8002267949012245,3.7046174280561424,-8.11,-6.978,-1.134999999999999,-1.1319999999999997,0.005557777333511085,-1.0759999999999996,-0.058999999999999275,True,True,0.05253416895866394,0.7061957776546478,0.8136141657829284,0.010379238240420818,0.5532796025276184,0.41942856311798093,0.04000166319310665,0.36806040108203886,0.06021139826625586,0.16877981573343276,0.5022493004798889,0.9998033165931701,0.9564537882804871,0.8852617383003235,0.7475157022476197,-4.974658452138767,11.616155930705359,68.24504175941779,1.5044688593840263,-2.1329158230682133,-4.768655509177174,True,True,True,dual_endpoint_improved,True
A6PX-P073-0178,O=C(O)c1ccccc1C(=O)N1CCN(C(=O)[C@@]2(O)CCc3ccccc3C2)CC1,73_p23945_full,full,P22888__P23945,P23945,P22888,73_p23945_full::ZINC000742549914,ZINC000742549914,0.36923076923076925,408.4540000000003,1.5891999999999995,98.15,3,2,4,0.8038222602629256,2.826940361576103,-8.032,-6.941,-1.0970000000000004,-1.045,0.025772509040103572,-1.0759999999999996,-0.021000000000000796,False,True,0.2157019555568695,0.30083468556404114,0.7986904621124268,0.0031806509010493754,0.12635532021522522,0.13787431307137013,0.007200664468109607,0.05091020911931991,0.23358882665634156,0.1605127453804016,0.8251583099365234,0.8461344361305236,0.2143482893705368,0.17323825657367706,0.2101127877831459,-5.0807014995692334,4.352267044047328,13.23610407860905,22.46988994647098,-1.4622120992859051,-2.9128579512642006,False,False,False,not_evaluated_cross_domain_gate,False
A6PX-P073-0019,O=C(N1CCN(C2=NS(=O)(=O)c3ccccc32)CC1)C1(Oc2ccccc2)CC1,73_p23945_partial,partial,P22888__P23945,P23945,P22888,73_p23945_partial::ZINC000742549914,ZINC000742549914,0.5833333333333334,411.48300000000023,1.8913000000000004,79.28000000000002,3,0,5,0.7707592507503946,2.651786515589807,-7.65,-6.497,-1.1130000000000004,-1.104,0.024553795814270495,-1.0759999999999996,-0.03700000000000081,True,True,0.06283750608563424,0.8822107076644897,0.8352051734924316,0.06816510893404484,0.8809067130088806,0.7548289179801941,0.07572993412613868,0.7877033710479736,0.29287447929382326,0.04415183998644352,0.8915678143501282,0.9997811436653137,0.9726873874664307,0.690055650472641,0.6865454316139221,-4.740418929584633,26.58625605145362,33.53832465737882,22.006028678673783,-2.580727296266016,1.0784004200853725,True,True,True,dual_endpoint_improved,True
A6PX-P074-0013,CC(=O)N1CCN(C)[C@H](c2nnc3ccc(C(=O)NCCC4CCCC4)cn23)C1,74_ednrb_partial,partial,P24530__P25101,P24530,P25101,74_ednrb_partial::ZINC000096156718,ZINC000096156718,0.7230769230769231,398.5110000000003,1.8743999999999992,82.84,5,1,6,0.8314708432096743,3.1118840258048106,-7.968,-6.488,-1.5019999999999998,-1.3659999999999997,0.11350183552113469,-1.3149999999999995,-0.18700000000000028,True,False,0.18921115547418593,0.8503009557724,0.7431048035621644,0.0124254135414958,0.10659653022885322,0.04857542589306831,0.0985230602324009,0.41206876039505,0.06900946851819753,0.4176323652267456,0.6278227746486664,0.996112072467804,0.8738580226898194,0.4580334722995758,0.3888077139854431,-5.130707963304459,39.751579089878405,55.585610133914614,-14.919337845364291,-2.0390500565200975,7.855742205914057,True,True,True,dual_endpoint_improved,True
A6PX-P074-0011,CC(=O)N1CCN(C)[C@H](c2nnc3ccc(C(=O)NCC4=CCCC=C4)cn23)C1,74_ednrb_partial,partial,P24530__P25101,P24530,P25101,74_ednrb_partial::ZINC000096156718,ZINC000096156718,0.6617647058823529,394.4790000000002,1.5704999999999996,82.84,4,1,6,0.8512202128355971,3.483197834887294,-8.172,-6.798,-1.366999999999999,-1.3390000000000004,0.06002406924633589,-1.3149999999999995,-0.0519999999999996,True,False,0.2631828933954239,0.8480640411376953,0.7053827404975891,0.014385964255779982,0.1046899015083909,0.0420302577316761,0.034899554401636126,0.260771669447422,0.10215452685952187,0.3395843684673309,0.7509661912918091,0.9969017505645752,0.9093825936317443,0.2513034015893936,0.2674070060253143,-5.090880220196703,37.34682116422774,40.338695471804094,-2.414488084131378,-2.105085217602609,2.31370539972725,True,True,False,not_dual_endpoint_improved,False
A6PX-P074-0005,CC(=O)N1CCN(C)[C@H](c2nnc3ccc(C(=O)N[C@@H]4CC[C@H](C)C4)cn23)C1,74_ednrb_partial,partial,P24530__P25101,P24530,P25101,74_ednrb_partial::ZINC000096156718,ZINC000096156718,0.6323529411764706,384.4840000000002,1.4826999999999997,82.84,3,1,6,0.8668050916897322,3.5993910964332203,-7.794,-6.445,-1.362,-1.2989999999999995,0.08349184923625155,-1.3149999999999995,-0.0470000000000006,True,True,0.2017807275056839,0.7858216643333436,0.8082250356674194,0.006123141827993095,0.0457751115784049,0.02522360454313457,0.019390877708792685,0.2892195075750351,0.051307210326194765,0.3146929979324341,0.7134795308113098,0.9975446820259094,0.8837625861167908,0.21549875736236573,0.24976395964622497,-5.0666369258314745,29.929107785163165,28.893553090071077,-9.889801012544648,-1.9421045492692772,6.5955183681992775,True,True,False,not_dual_endpoint_improved,False
A6PX-P075-0115,COc1ccc(Cc2nc3cc(N4CCn5c(CN6CCCC6)nnc5C4)ccc3n2C)cn1,75_p25021_full,full,P25021__P28566,P25021,P28566,75_p25021_full::ZINC001164679898,ZINC001164679898,0.37362637362637363,458.5700000000002,2.7752000000000008,77.13000000000001,6,0,9,0.4396989555874964,2.7982950924230163,-7.474,-5.677,-1.686,-1.5629999999999997,0.15965866368252307,-1.6029999999999998,-0.08300000000000018,False,True,0.4518862903118134,0.7606652975082397,0.8203095316886901,0.018547469563782216,0.08710495010018349,0.07276512980461121,0.23359547555446625,0.5832514584064483,0.09133621454238891,0.4444860577583313,0.6236570835113525,0.9959739089012146,0.8929320693016052,0.7896655678749085,0.843247938156128,-5.320973488059905,29.062084060093877,42.658985191560284,-56.84769696254963,-1.7191268745647672,4.901069646203936,False,False,False,not_evaluated_cross_domain_gate,False
A6PX-P075-0078,COc1ccc(CC2=Nc3cc([C@H]4CCn5c(C[C@H]6CCCN(C)C6)nnc5C4)ccc3C2=O)cc1,75_p25021_full,full,P25021__P28566,P25021,P28566,75_p25021_full::ZINC001164679898,ZINC001164679898,0.2523364485981308,483.61600000000027,2.9838000000000013,79.2,4,2,6,0.4666695178199189,3.8191942463167265,-8.146,-6.5,-1.654,-1.5090000000000003,0.13505143053255267,-1.6029999999999998,-0.051000000000000156,True,False,0.20278252214193343,0.4318463832139969,0.7877945065498352,0.02449088925495744,0.05005028285086155,0.023427650332450867,0.15567238181829451,0.28479942977428435,0.08707096204161643,0.45091175436973574,0.4695706725120544,0.9794978260993957,0.7132104277610779,0.6054932594299316,0.7486085414886474,-5.667319737474126,1.6857648057131143,16.907337648251907,-33.833652187824455,-3.5492790272182417,-0.6119584126352196,True,True,True,dual_endpoint_improved,True
A6PX-P075-0138,COc1ccc(Cc2cc3cc(N4CCn5c(CC6CCOCC6)nnc5C4)ccc3n2C)cc1,75_p25021_full,full,P25021__P28566,P25021,P28566,75_p25021_full::ZINC001164679898,ZINC001164679898,0.3956043956043956,471.6050000000003,4.358500000000004,57.339999999999996,6,0,7,0.4183081650405723,2.8414933010268193,-7.612,-6.04,-1.6509999999999998,-1.1989999999999998,0.24784807174288578,-1.6029999999999998,-0.04800000000000004,True,True,0.3923225522041321,0.7839381217956543,0.9277211546897888,0.03236349951475859,0.4457342028617859,0.3052703976631165,0.04839179534465075,0.831410813331604,0.18303160294890403,0.2169663280248642,0.8117191672325135,0.9990603804588318,0.9213245511054993,0.9770914196968079,0.7871466875076294,-5.221390757523745,34.10242848155063,48.66378701046094,-18.509104075193573,-3.675384162896487,2.155425555027443,True,True,True,dual_endpoint_improved,True
A6PX-P075-0038,COc1ccc(CN2Cc3cc(N4CCn5c(CN6CCCCC6)nnc5C4)ccc3C2=O)cc1,75_p25021_full,full,P25021__P28566,P25021,P28566,75_p25021_full::ZINC001164679898,ZINC001164679898,0.43023255813953487,472.59300000000036,3.448800000000002,66.73,6,0,7,0.5475945748610516,2.61898829729269,-7.667,-6.061,-1.6310000000000002,-1.0500000000000007,0.27847242033797287,-1.6029999999999998,-0.02800000000000047,False,False,0.2846684455871582,0.8961127638816834,0.7381157755851746,0.022263430804014207,0.3198564946651459,0.25830991864204406,0.2469457909464836,0.7190529823303222,0.11193159595131874,0.49681556820869444,0.6604943394660949,0.9966735601425171,0.9257332921028137,0.918841028213501,0.8323066234588623,-5.158374310797932,29.994302416008715,49.031232942115864,19.833570857688894,-3.212694629166927,3.1006118088111516,False,False,False,not_evaluated_cross_domain_gate,False
A6PX-P076-0073,Nc1cnccc1C1CCN(C(=O)c2ccc(C(=O)O)cc2C(F)(F)F)CC1,76_hrh2_full,full,P25021__Q13639,P25021,Q13639,76_hrh2_full::ZINC000024111314,ZINC000024111314,0.21951219512195122,393.3650000000001,3.4006000000000007,96.52,3,2,4,0.8332147685794717,2.4469192329743503,-9.124,-7.792,-1.4130000000000003,-1.1309999999999993,0.13893883546366767,-0.7990000000000013,-0.613999999999999,True,False,0.15169404819607735,0.7488922834396362,0.9089333772659302,0.008349561877548695,0.10273266881704331,0.22994667589664458,0.019311165809631346,0.18471055924892427,0.2160110130906105,0.4680122435092926,0.7677292346954345,0.9908535838127136,0.40255927443504336,0.05081598348915577,0.296030330657959,-5.30321187621408,13.743668320551345,-12.135370502737114,-17.15151058685389,-3.3719517445448814,0.786828686338815,True,False,False,seed_baseline_missing_or_failed,False
A6PX-P076-0089,Cc1nncn1[C@@H]1CCN(C(=O)Nc2c(C(F)(F)F)ncc(F)c2F)C1,76_hrh2_full,full,P25021__Q13639,P25021,Q13639,76_hrh2_full::ZINC000024111314,ZINC000024111314,0.1724137931034483,376.2890000000001,2.7574200000000006,75.94,2,1,5,0.8181996920235228,3.530691173600788,-9.009,-7.831,-1.1689999999999996,-1.126999999999999,0.07321809126772545,-0.7990000000000013,-0.36999999999999833,True,False,0.3216999351978302,0.9030337691307068,0.9727510571479797,0.004077449103351683,0.022988645918667318,0.006283910491038114,0.0016599359078099951,0.03370743365958333,0.21145268082618712,0.3662168800830841,0.7899937152862548,0.9993304491043091,0.835698413848877,0.028960256930440666,0.08790939450263976,-4.856783073752174,17.537000340388676,5.892919109278472,-11.901702829650144,-3.3452855525814336,2.3538844859242465,True,False,False,seed_baseline_missing_or_failed,False
A6PX-P077-0058,CC1=C(c2ccc(NC(=O)[C@@H]3CC(=O)N(c4ccc(C)cc4)C3)cc2)N=C(CCN(C)C)NC=C1,77_cxcr1_partial,partial,P25024__P25025,P25024,P25025,77_cxcr1_partial::ZINC000071001018,ZINC000071001018,0.4457831325301205,471.6050000000003,4.289320000000004,77.37,7,1,5,0.6544787222398226,3.670143492401168,-6.424,-5.068,-1.3560000000000008,-1.0780000000000003,0.14875707266098848,-1.1899999999999995,-0.16600000000000126,True,False,0.17725189924240112,0.6870988130569458,0.658353865146637,0.02233625322114676,0.3002908945083618,0.27859643250703814,0.22489759922027588,0.599547517299652,0.4394440233707428,0.42579310536384585,0.6097688734531402,0.9655530571937561,0.8059273362159729,0.9377929210662842,0.8780985713005066,-5.5304385920576,19.036055590168385,54.804303905894116,30.061549905214303,-3.055948021806401,-1.9371354183178133,True,True,False,not_dual_endpoint_improved,False
A6PX-P077-0117,Cc1ccc(N2C[C@H](C(=O)Nc3ccc(-n4cc(COC(C)(C)C)cn4)cc3)CC2=O)cc1,77_cxcr1_partial,partial,P25024__P25025,P25024,P25025,77_cxcr1_partial::ZINC000071001018,ZINC000071001018,0.4868421052631579,446.55100000000033,4.487420000000004,76.46000000000001,6,1,5,0.6054222555066189,2.8451386572604065,-6.452,-5.157,-1.3200000000000003,-1.0999999999999996,0.1098038655462045,-1.1899999999999995,-0.13000000000000078,True,False,0.22070634365081787,0.6056169927120209,0.8202132225036621,0.02830784935504198,0.5925409257411957,0.6773868680000306,0.01767158694565296,0.6659391760826111,0.4157287299633026,0.23073560893535613,0.9117392301559448,0.9959662318229675,0.8916239500045776,0.8227970361709595,0.7508337020874023,-4.983903758353671,47.99727937774562,67.35324401351373,46.32742336110442,-4.2470088532284205,-0.37579716412647146,True,True,False,not_dual_endpoint_improved,False
A6PX-P077-0061,Cc1ccc(N2C[C@H](C(=O)Nc3ccc(C4=CC=C5C=CC(F)=CC=C5N4)cc3)CC2=O)cc1,77_cxcr1_partial,partial,P25024__P25025,P25024,P25025,77_cxcr1_partial::ZINC000071001018,ZINC000071001018,0.4625,453.5170000000002,3.8667200000000026,62.300000000000004,4,1,3,0.6525608915539327,3.3282614003910407,-7.503,-6.244,-1.255,-1.1770000000000005,0.06697926710723406,-1.1899999999999995,-0.06500000000000039,True,False,0.42851526141166685,0.7399213552474976,0.8279155254364013,0.18468064069747925,0.6106101274490356,0.5685891568660736,0.07677673473954201,0.5166320502758026,0.4504255712032318,0.2120526671409607,0.9479769468307495,0.9990024328231811,0.8234670042991639,0.915136969089508,0.7866708755493164,-4.9015430145630985,54.48366070754764,66.30471621156832,33.816742477571836,-3.908208159366064,0.05426384242900317,True,True,False,not_dual_endpoint_improved,False
A6PX-P078-0030,CC(C)CNC(=O)c1sc2nc(N3CCOCC3)c3c(c2c1N)CCN(C)C3,78_p25024_partial,partial,P25024__P51684,P25024,P51684,78_p25024_partial::ZINC000031806909,ZINC000031806909,0.6619718309859155,403.5520000000002,2.0887999999999995,83.72,4,2,7,0.8133398424293709,2.7222330558603254,-6.218,-4.777,-1.468,-1.2530000000000001,0.10827844763489278,-1.2919999999999998,-0.17600000000000016,True,False,0.5982970476150513,0.9309563875198364,0.8421306014060974,0.19153486490249633,0.35699050426483153,0.4238994657993317,0.10604528337717056,0.38803080320358274,0.19010944962501525,0.6690034151077271,0.8807332158088684,0.9971168041229248,0.9473556041717529,0.2860637366771698,0.8666827440261841,-4.680993923763985,24.999671092258232,24.836212462266516,39.61958576501295,-2.603148160225694,4.878795955867377,True,True,False,not_dual_endpoint_improved,False
A6PX-P078-0032,COCC(=O)Nc1sc2nc(N3CCOCC3)c3c(c2c1N)CCN(C)C3,78_p25024_partial,partial,P25024__P51684,P25024,P51684,78_p25024_partial::ZINC000031806909,ZINC000031806909,0.5945945945945946,391.4970000000002,1.2879,92.95,4,2,8,0.8111182311608579,2.8512682195802803,-5.998,-4.619,-1.3790000000000004,-1.362,0.03348963355361676,-1.2919999999999998,-0.08700000000000063,True,True,0.7349795937538147,0.9567978382110596,0.8111355662345886,0.09118220210075378,0.04465164095163345,0.056140067800879476,0.02143226284533739,0.06403781585395336,0.07738510146737099,0.6168624281883239,0.8982853055000305,0.9939294934272767,0.8770854711532593,0.06399780437350273,0.7624969482421875,-4.772989364506421,35.56807386005604,16.57301660117819,47.410869014982865,-2.6575825831875126,2.5292265200974513,True,True,True,dual_endpoint_improved,True
A6PX-P079-0008,CNC(=O)c1cccc(NC(=O)N2CCN(C(=O)C3CCC(=O)CC3)CC2)c1C,79_p25025_partial,partial,P25024__P25025,P25025,P25024,79_p25025_partial::ZINC001465041897,ZINC001465041897,0.5396825396825397,400.47900000000027,1.7900199999999997,98.82,3,2,4,0.8080690618276857,2.301752101008404,-6.332,-5.007,-1.2690000000000001,-1.2400000000000002,0.06542680388546163,-1.061,-0.20800000000000018,True,True,0.07035899125039577,0.7324122071266175,0.7860838174819946,0.00667425551218912,0.049285048292949794,0.03421520120464265,0.0037185718421824275,0.02649698369204998,0.1615698903799057,0.15773066133260727,0.7187618851661682,0.9292688608169556,0.7536092758178711,0.031220894842408597,0.22239740192890167,-4.906241988776924,29.07010889484593,3.8724156846474322,-4.7161767842421165,-2.755745146785838,3.9151769183683767,True,True,False,not_dual_endpoint_improved,False
A6PX-P079-0015,CNC(=O)c1cccc(NC(=O)N2CCN(C(=O)[C@H]3C[C@H](C)C(C)(C)C3)CC2)c1C,79_p25025_partial,partial,P25024__P25025,P25025,P25024,79_p25025_partial::ZINC001465041897,ZINC001465041897,0.5074626865671642,414.55000000000024,3.1030200000000008,81.75,3,2,3,0.7973903392881375,3.261953931393183,-6.473,-5.327,-1.146,-1.0910000000000002,0.029473151624260632,-1.061,-0.08499999999999996,True,True,0.06984882205724716,0.8904842019081116,0.6823440790176392,0.010761682607699186,0.23923343196511268,0.15362833216786384,0.01128706056624651,0.2566346049308777,0.2463006928563118,0.17615233659744262,0.656884241104126,0.986337673664093,0.9432891488075257,0.14506552405655385,0.696082615852356,-4.7360016361391235,25.15429303212746,44.016598891486204,0.8671540149671522,-3.981879314096028,3.23251093773547,True,True,False,not_dual_endpoint_improved,False
A6PX-P079-0022,CNC(=O)c1cccc(NC(=O)N2CCN(C(=O)C3=C[C@@H](OC)CC=C3)CC2)c1C,79_p25025_partial,partial,P25024__P25025,P25025,P25024,79_p25025_partial::ZINC001465041897,ZINC001465041897,0.5522388059701493,412.4900000000002,1.9320199999999996,90.98,4,2,4,0.7907106971114615,3.14283644431689,-6.44,-5.301,-1.1390000000000002,-1.1369999999999996,0.02075786330258684,-1.061,-0.07800000000000029,True,False,0.28352383375167844,0.860282564163208,0.7719908118247986,0.016456678009126334,0.1441207490861416,0.1485664166510105,0.004599300940753892,0.11036708615720273,0.17457068860530853,0.2868985772132874,0.8492122411727905,0.9700591564178467,0.8868637323379517,0.08823561742901802,0.64429190158844,-4.814085245231062,13.509668410377566,16.74658645305678,10.447022440801453,-3.158811300806888,-1.8736147413959,True,True,False,not_dual_endpoint_improved,False
A6PX-P079-0034,CCC=C1CC[C@H](C(=O)N2CCN(C(=O)Nc3cccc(C(=O)NC)c3C)CC2)N1,79_p25025_partial,partial,P25024__P25025,P25025,P25024,79_p25025_partial::ZINC001465041897,ZINC001465041897,0.4788732394366197,413.5220000000003,2.43422,94.11,5,2,4,0.7762680365908816,3.1650397410201867,-6.287,-5.148,-1.1390000000000002,-1.0339999999999998,0.1085264944610302,-1.061,-0.07800000000000029,True,True,0.06060685478150844,0.6583192706108093,0.6402735590934754,0.013783440249972046,0.07660166332498193,0.07032573092728853,0.014313914626836777,0.08168948069214821,0.14029499664902687,0.26548443734645844,0.6441044569015503,0.92679443359375,0.7894997477531434,0.0797951366752386,0.61437509059906,-4.955787717945408,6.204586790380533,16.866073698419804,17.801764748055103,-3.5792770023304086,6.286518835542653,False,False,False,not_evaluated_cross_domain_gate,False
A6PX-P080-0008,Cn1cc(N2C[C@H]3CN(c4nc(Cl)nc5c4CN(CC4CCCC4)C5)C[C@@H]3C2=O)cn1,80_p25089_partial,partial,P21462__P25089,P25089,P21462,80_p25089_partial::ZINC001164981671,ZINC001164981671,0.7391304347826086,441.9670000000004,2.4685000000000006,70.39,4,0,7,0.6786716610074435,3.9591685178296228,-7.876,-5.752,-2.1240000000000006,-1.3580000000000005,0.4670862399552734,-1.8890000000000002,-0.23500000000000032,True,False,0.30983231365680697,0.974622905254364,0.7493119955062866,0.019369594217278064,0.24721209108829498,0.09230978051200509,0.1678401544690132,0.7170824468135834,0.110523671656847,0.419317889213562,0.5966990947723388,0.999496853351593,0.9634960055351257,0.5937011420726777,0.7610515356063843,-5.2131656160402375,47.46762977801948,87.22781007765721,20.97612050127281,-2.601176363433057,2.183279936601944,True,True,True,dual_endpoint_improved,True
A6PX-P080-0009,Cn1cc(N2C[C@H]3CN(c4nc(Cl)nc5c4CN(CC4CCCCC4)C5)C[C@@H]3C2=O)cn1,80_p25089_partial,partial,P21462__P25089,P25089,P21462,80_p25089_partial::ZINC001164981671,ZINC001164981671,0.7285714285714285,455.9940000000004,2.858600000000001,70.39,4,0,7,0.6600730272098277,3.946726655878745,-7.96,-5.907,-2.053,-2.0279999999999996,0.0712101740546176,-1.8890000000000002,-0.1639999999999997,True,False,0.28371982723474504,0.9736304163932801,0.745806872844696,0.01650376187171787,0.2656538739800453,0.10662317043170333,0.1721001461148262,0.7560169935226441,0.13458640575408937,0.41468837261199953,0.5999663591384887,0.9993546724319458,0.9648645997047425,0.7175015449523926,0.7877582669258117,-5.24008519456345,48.33222940147434,92.59851550620947,26.295711596939526,-2.857835362229823,3.0420876181992953,True,True,True,dual_endpoint_improved,True
A6PX-P081-0230,C[C@H]([C@H]1CCS(=O)(=O)C1)n1nnc(Cc2ccccc2)c1CN1CCCC1=O,81_p25089_full,full,P25089__P25090,P25089,P25090,81_p25089_full::ZINC001503426797,ZINC001503426797,0.25555555555555554,402.5200000000002,1.987,85.16,6,0,6,0.7376316079747272,3.6307346665821942,-6.792,-4.934,-1.8629999999999995,-1.7439999999999998,0.05756349151637303,-1.5340000000000007,-0.32899999999999885,True,False,0.25790995657444,0.8847827672958374,0.759400486946106,0.003833668096922338,0.13239463195204734,0.06663317158818245,0.019338720384985207,0.6774667382240296,0.13755935281515122,0.2056060403585434,0.5816078782081604,0.998269510269165,0.8995106458663941,0.3193843960762024,0.1657429039478302,-5.160337773706088,32.52884953165472,17.559274245501918,-17.586629050114944,-2.832157299206522,-0.2397276534004204,True,True,False,not_dual_endpoint_improved,False
A6PX-P081-0015,CN(c1nnc(Cc2ccc(F)cc2)n1C[C@H]1CCCCS1(=O)=O)C1CCNCC1,81_p25089_partial,partial,P25089__P25090,P25089,P25090,81_p25089_partial::ZINC001503426797,ZINC001503426797,0.7903225806451613,435.5690000000003,2.1635,80.11999999999999,6,1,7,0.7491371922248603,3.624086584874008,-7.038,-5.083,-1.9859999999999998,-1.6000000000000005,0.19819855364423464,-1.5340000000000007,-0.45199999999999907,True,False,0.22682031840085984,0.8958746314048767,0.7772669553756714,0.0015174745145486667,0.09872816652059554,0.04002601932734251,0.19153952598571777,0.5175290048122406,0.1810993045568466,0.4968531668186188,0.40520934462547303,0.9949946761131286,0.8871782660484314,0.33413597345352175,0.618632698059082,-5.492329527076636,10.921870386903551,-5.528049290669221,-0.15378959735787845,-2.5773642226048636,4.9649298901132415,True,True,True,dual_endpoint_improved,True
A6PX-P081-0042,CC[C@@](C)(CC(=O)O)c1nnc(Cc2ccc(F)cc2)n1C[C@H]1CCCCS1(=O)=O,81_p25089_partial,partial,P25089__P25090,P25089,P25090,81_p25089_partial::ZINC001503426797,ZINC001503426797,0.5405405405405406,437.53700000000026,3.117700000000001,102.15,8,1,6,0.6807727379732427,3.873631173193405,-6.537,-4.714,-1.8229999999999995,-1.7829999999999995,0.06570134448142352,-1.5340000000000007,-0.2889999999999988,True,False,0.18908752501010895,0.7902688264846802,0.8928540587425232,0.0008094013595837168,0.03745339505840093,0.029046041518449785,0.025145555939525367,0.5395944893360138,0.19260481297969817,0.23135246932506562,0.5806131809949875,0.965770709514618,0.636543071269989,0.1271088942885399,0.10511177480220794,-5.4365967286433845,-8.323550214350895,-8.272154222407787,-5.934239088343636,-3.650650275861037,-0.6171342403784429,True,True,False,not_dual_endpoint_improved,False
A6PX-P081-0030,CC(=O)N1CCC(c2nnc(Cc3ccc(F)cc3)n2C[C@H]2CCCCS2(=O)=O)CC1,81_p25089_partial,partial,P25089__P25090,P25089,P25090,81_p25089_partial::ZINC001503426797,ZINC001503426797,0.5633802816901409,448.5640000000003,2.701200000000001,85.16,5,0,6,0.7021665280849807,3.358627928367911,-7.618,-5.86,-1.766,-1.6470000000000002,0.058074664585055114,-1.5340000000000007,-0.23199999999999932,False,False,0.1892746537923813,0.9450135707855225,0.7947283506393432,0.0005245127249509096,0.0815307205542922,0.03456035945564508,0.02039710944518447,0.4188233196735382,0.09819197952747345,0.23759986311197281,0.4316213339567184,0.9980290532112122,0.9681020259857178,0.5369805335998535,0.37824012637138366,-5.182280599761766,17.13627297944033,5.4450183387588975,-22.255049475525745,-2.8058661794128077,-1.8741437801709733,False,False,False,not_evaluated_cross_domain_gate,False
A6PX-P083-0022,Cc1cc(S(=O)(=O)NCC2=NC(=O)C3=CC=C(C(F)(F)F)C3=N2)c2ccccc2n1,83_ada1d_full,full,P25100__P35368,P25100,P35368,83_ada1d_full::ZINC000769830839,ZINC000769830839,0.18681318681318682,434.39900000000017,2.629920000000001,100.85,4,1,5,0.7994803383818154,3.359539092979155,-9.587,-6.462,-3.274,-3.069,0.11032779442290241,-2.8500000000000005,-0.4239999999999995,True,False,0.41318472623825075,0.957446551322937,0.873222815990448,0.8014370203018188,0.895850145816803,0.8845718026161193,0.23849244117736818,0.7694677591323853,0.44050757884979247,0.21614242270588874,0.9721075654029846,0.9999290823936462,0.9607696056365966,0.8395923614501953,0.8225217819213867,-5.168693409302377,35.54391097309866,69.49983203083382,4.012552168985417,-4.905066608482727,-5.328729789978002,True,True,False,not_dual_endpoint_improved,False
A6PX-P086-0049,Cc1ccc(C(=O)N[C@H](c2ccccn2)[C@H](C)O)cc1S(=O)(=O)N1CCOCC1,85_p25103_partial,partial,P21452__P25103,P25103,P21452,85_p25103_partial::ZINC000675989290,ZINC000675989290,0.49333333333333335,419.5030000000003,1.2628199999999998,108.82999999999998,6,2,6,0.7297882057926596,3.0963080263467413,-6.617,-5.234,-1.2320000000000002,-1.0950000000000006,0.11803671745125174,-0.9009999999999998,-0.3310000000000004,False,False,0.07033634036779404,0.278986456990242,0.8580747008323669,0.0066922509111464025,0.1330282673239708,0.13173185512423516,0.011431193072348833,0.30723984986543657,0.21216604709625245,0.23530330061912536,0.9033771872520446,0.9974454283714295,0.835178279876709,0.07120075523853302,0.2998528480529785,-5.034261272559197,59.11859337976821,42.8319606766749,-24.075918597388554,-3.2037315106288125,-0.17236368569852506,False,False,False,not_evaluated_cross_domain_gate,False
A6PX-P085-0038,CN(C=C(O)N1CCC[C@H](CN2Cc3ccccc3C2=O)C1)Cc1ccccc1,87_p25103_full,full,P25103__P32247,P25103,P32247,87_p25103_full::ZINC000786084747,ZINC000786084747,0.2804878048780488,391.5150000000001,3.0130000000000017,43.86000000000001,6,0,3,0.7603636508237827,2.677417992440583,-8.313,-5.259,-3.167,-2.019000000000001,0.6667439955151865,-2.319000000000001,-0.847999999999999,True,False,0.10373735837638379,0.9872868418693542,0.620771849155426,0.11202263832092285,0.3279723793268204,0.09743032827973366,0.8830384612083435,0.8505404114723205,0.036884300969541074,0.5940493106842041,0.10641635805368424,0.9998872995376586,0.9858814001083374,0.7873830318450927,0.9505510449409484,-4.70495433773511,64.1684512654559,54.63971766335519,-2.1176929529878006,-3.0892353034973112,-1.656149814608971,True,True,False,not_dual_endpoint_improved,False
A6PX-P085-0032,CN(CC(=O)N1CCC[C@H](OC2=Cc3ccccc3C2)C1)Cc1ccccc1,87_p25103_full,full,P25103__P32247,P25103,P32247,87_p25103_full::ZINC000786084747,ZINC000786084747,0.2235294117647059,376.50000000000006,3.723200000000003,32.78,6,0,3,0.7702531706854394,2.976187913893467,-8.356,-4.957,-3.154,-2.3000000000000007,0.47106758184645475,-2.319000000000001,-0.8349999999999991,True,False,0.3187785118818283,0.9857662439346313,0.5387274563312531,0.3760517776012421,0.8622680187225342,0.32126168012619016,0.9380952954292298,0.8784736037254334,0.03165206341072917,0.4699239730834961,0.15341079533100127,0.9999714374542237,0.988064992427826,0.8895248055458069,0.9289468646049499,-4.971687166775776,89.43964122573284,79.90381092254343,19.9167825569374,-3.5497533981005462,1.5223026487400655,True,True,False,not_dual_endpoint_improved,False
A6PX-P085-0054,C[C@H](C=C(O)N1CCC[C@H](CN2C(=O)c3ccccc3C2O)C1)C(=O)c1cccc(F)c1,87_p25103_full,full,P25103__P32247,P25103,P32247,87_p25103_full::ZINC000786084747,ZINC000786084747,0.2391304347826087,438.4990000000001,3.4201000000000024,77.92000000000002,6,1,4,0.701401150423477,3.505315576542346,-8.55,-5.466,-2.992,-2.641000000000001,0.23105602976094056,-2.319000000000001,-0.6729999999999992,True,False,0.06470065712928771,0.9618083119392395,0.7803051233291626,0.03712661471217871,0.3184859246015549,0.2898421660065651,0.5469542682170868,0.8760971426963806,0.062181932106614116,0.3402629479765892,0.31396777629852296,0.9999307870864869,0.9659085988998413,0.9235878944396972,0.8849714636802674,-4.7463842708979005,81.14931549637856,48.065349310683544,-9.774262199156134,-3.996012052607115,1.6041937828769754,True,True,True,dual_endpoint_improved,True
A6PX-P085-0027,CN(CC(=O)N1CCC[C@@H](CN2C(=O)c3ccccc3C2O)C1)Cc1ccc(F)cc1,87_p25103_full,full,P25103__P32247,P25103,P32247,87_p25103_full::ZINC000786084747,ZINC000786084747,0.23333333333333334,425.5040000000001,2.6430000000000007,64.09,6,1,4,0.7730094293316109,3.159125790556894,-7.813,-4.87,-2.9429999999999996,-1.83,0.713696636456197,-2.319000000000001,-0.6239999999999988,False,False,0.12570118363946675,0.9647025823593139,0.7143661737442016,0.02419144567102194,0.1509230241179466,0.049444456864148376,0.8351449608802796,0.6147129535675049,0.07140761353075505,0.5800067007541656,0.08483334928750992,0.9997867465019226,0.9508973479270935,0.808379864692688,0.9557710886001587,-4.831585916621721,48.904704157850965,28.01371096252138,12.243945065098945,-2.477138734421478,3.5901890489856156,False,False,False,not_evaluated_cross_domain_gate,False
A6PX-P085-0048,CC[C@@H](Cc1ccccc1)NC(=O)N1CCC[C@@]2(CC[C@H]3Nc4ccccc4C(=O)N3C2)N1C,87_p25103_full,full,P25103__P32247,P25103,P32247,87_p25103_full::ZINC000786084747,ZINC000786084747,0.28888888888888886,461.6100000000001,4.086500000000003,67.92,4,2,4,0.7198835409584773,4.507627039874971,-8.955,-6.304,-2.7729999999999997,-2.2829999999999995,0.4041726803676315,-2.319000000000001,-0.45399999999999885,True,False,0.37761098742485044,0.9172386527061462,0.7087145686149597,0.06940250024199486,0.2814302802085876,0.1560554802417755,0.5227154552936554,0.9311717271804809,0.19914253056049347,0.8375048398971557,0.5658764898777008,0.9989944219589233,0.9491937160491943,0.7416826963424683,0.9420166492462159,-4.9405844916299415,9.095717575387956,24.003856184930477,112.3440078222557,-4.673236438935954,5.543258650730964,False,False,False,not_evaluated_cross_domain_gate,False
A6PX-P085-0082,CN(Cc1ccccc1F)[C@@H]1C[C@@H]2[C@@H](Cn3c(=O)[nH]c4cccc(F)c4c3=O)CCCN2C1=O,87_p25103_full,full,P25103__P32247,P25103,P32247,87_p25103_full::ZINC000786084747,ZINC000786084747,0.17708333333333334,468.50400000000013,2.4795,78.41,5,1,5,0.6242692704036119,3.837011272723273,-8.934,-5.949,-2.7650000000000006,-2.357000000000001,0.287462847841053,-2.319000000000001,-0.44599999999999973,True,False,0.33074849247932436,0.8996431350708007,0.7778672456741333,0.09670979529619217,0.29098539501428605,0.30172557607293127,0.4290917158126831,0.809752094745636,0.15039733648300171,0.8295685768127441,0.6918287754058838,0.997493040561676,0.8831807494163513,0.7056785583496094,0.9169042229652404,-4.984939549674784,49.22283492235249,24.085865383224323,20.240894198049865,-3.9358282357496392,-1.363640403083926,True,True,True,dual_endpoint_improved,True
A6PX-P085-0059,C[C@@H](Cc1ccccc1)OC(=O)N1CCN(C)[C@H](CN2C(=O)c3ccccc3S2(=O)=O)C1,87_p25103_full,full,P25103__P32247,P25103,P32247,87_p25103_full::ZINC000786084747,ZINC000786084747,0.3333333333333333,457.55200000000013,2.2149,87.22999999999999,5,0,6,0.6843228721445681,3.4207911720077764,-7.457,-4.475,-2.6430000000000002,-2.1550000000000002,0.33944300781656345,-2.319000000000001,-0.3239999999999994,False,False,0.35333784818649294,0.8549695134162902,0.5638691186904907,0.03851107731461525,0.46824517846107483,0.20837700366973877,0.45046345293521883,0.7545886278152466,0.23109071850776672,0.543606573343277,0.7059999108314514,0.9936093211174011,0.9590980887413025,0.6782083749771118,0.8827466011047364,-4.359584053649286,88.38349057390423,51.686905247642166,9.568137457785479,-3.057086066641776,-2.715420430101919,False,False,False,not_evaluated_cross_domain_gate,False
A6PX-P085-0053,CN(CC(=O)N1CCN[C@H](CN2C(=O)c3cc(F)ccc3C2O)C1)Cc1ccccc1F,87_p25103_full,full,P25103__P32247,P25103,P32247,87_p25103_full::ZINC000786084747,ZINC000786084747,0.19791666666666666,444.4820000000001,1.3439,76.12,6,2,5,0.7036250207140536,3.5330542489308536,-7.475,-4.704,-2.609,-2.1519999999999992,0.4810121273592453,-2.319000000000001,-0.28999999999999915,True,False,0.19971502497792243,0.7707538366317749,0.6517091155052185,0.006677355011925101,0.16855490803718567,0.0301984703168273,0.587160450220108,0.41509229242801665,0.22246895879507064,0.5296234041452408,0.3399622470140457,0.997270655632019,0.7969293355941772,0.4545176148414612,0.90540030002594,-5.187671318554421,31.274447325352504,19.95077587612024,35.598203689190576,-1.8316032060091452,7.072328921864437,False,False,False,not_evaluated_cross_domain_gate,False
A6PX-P085-0079,C[C@@H](Cc1ccccc1)NC(=O)c1cccc(CN2C(=O)c3ccccc3S2(=O)=O)c1,87_p25103_full,full,P25103__P32247,P25103,P32247,87_p25103_full::ZINC000786084747,ZINC000786084747,0.34210526315789475,434.5170000000001,3.3923000000000023,83.55000000000001,6,1,4,0.6446409542939463,2.649665515780498,-8.914,-6.407,-2.553000000000001,-2.0549999999999997,0.24162965233780595,-2.319000000000001,-0.23399999999999999,False,False,0.1270672246813774,0.5289418578147889,0.7235083937644958,0.2649475038051605,0.9077332258224488,0.9557072520256042,0.46399572491645813,0.9001113891601562,0.5198482513427735,0.07930878698825836,0.9065701723098755,0.9980698347091674,0.8649062752723694,0.7033533215522766,0.7910914421081543,-5.02090288654145,48.83228710771889,47.19662591551381,72.24652617664208,-4.506373659611376,-5.068903349976525,False,False,False,not_evaluated_cross_domain_gate,False
A6PX-P085-0074,CN(CC(=O)N1CCC[C@H](Cn2c(=O)c3cc(N)cnc3n2C)C1)Cc1ccccc1,87_p25103_full,full,P25103__P32247,P25103,P32247,87_p25103_full::ZINC000786084747,ZINC000786084747,0.20833333333333334,422.53300000000013,1.6878000000000004,89.39,6,1,7,0.6529896334280241,3.209507998297979,-7.363,-4.867,-2.5140000000000002,-1.5710000000000006,0.5822063399021193,-2.319000000000001,-0.1949999999999994,False,False,0.1659175708889961,0.973767364025116,0.7236761450767517,0.01700261957012117,0.20931567251682281,0.11954665333032607,0.532311224937439,0.8674125790596008,0.06942546926438808,0.7281624674797058,0.2947237491607666,0.9998179316520691,0.9649274945259094,0.5461656630039216,0.9033835768699646,-5.3705202325267045,42.90023386083642,45.08037480214017,-28.730958469074626,-1.7700719748211313,4.668827571170435,False,False,False,not_evaluated_cross_domain_gate,False
A6PX-P085-0067,C[C@@H](Cc1ccccc1)NC(=O)[C@@H]1CCN2CC3C(=O)c4ccccc4C(=O)N3C[C@H]2C1,87_p25103_full,full,P25103__P32247,P25103,P32247,87_p25103_full::ZINC000786084747,ZINC000786084747,0.3253012048192771,431.5360000000002,3.048700000000001,74.57000000000001,4,2,5,0.665965319088281,3.5243687203550556,-9.497,-7.005,-2.5039999999999996,-2.484000000000001,0.01020892855407512,-2.319000000000001,-0.18499999999999872,True,False,0.2486948698759079,0.7503429770469665,0.6770003914833069,0.10400946587324142,0.24964791536331177,0.25666932985186575,0.6252110958099365,0.5911171853542327,0.13843256682157518,0.6431990742683411,0.5014202296733856,0.9935608267784118,0.8661598443984986,0.6858997225761414,0.8802264332771301,-5.399099567419907,32.957843662999636,49.521774426520466,-2.717125692233934,-3.9010621124854103,-1.2059328114336085,False,False,False,not_evaluated_cross_domain_gate,False
A6PX-P085-0073,C[C@@H](Cc1ccccc1)NC(=O)C1C=CN(C)C([C@H]2CCCn3c4ccccc4c(=O)n32)=C1,87_p25103_full,full,P25103__P32247,P25103,P32247,87_p25103_full::ZINC000786084747,ZINC000786084747,0.3023255813953488,442.5630000000003,3.8445000000000027,59.27,5,1,5,0.6531409586429693,4.08225382691295,-8.122,-5.681,-2.394,-1.8389999999999995,0.28070189802627904,-2.319000000000001,-0.07499999999999929,False,False,0.30765572786331175,0.7055866718292236,0.7025634050369263,0.03469602563418448,0.3003221251070499,0.2133888433687389,0.3223368972539902,0.9013909816741943,0.3764131397008896,0.4348811566829681,0.6442469239234925,0.9943902492523193,0.8620110511779785,0.9445034742355347,0.7430212259292602,-5.056868755878394,42.991372402292114,69.05915131787665,78.86089515629205,-3.585137114482663,-2.2953238950483636,False,False,False,not_evaluated_cross_domain_gate,False
A6PX-P085-0004,C[C@@H](Cc1ccccc1)NC(=O)N1CCO[C@H](CN2Cc3ccccc3C2=O)C1,87_p25103_full,full,P25103__P32247,P25103,P32247,87_p25103_full::ZINC000786084747,ZINC000786084747,0.6212121212121212,393.48700000000014,2.684000000000001,61.88000000000001,5,1,3,0.8496549586062472,3.050192153330867,-8.307,-6.058,-2.3930000000000007,-1.939,0.21592797152960272,-2.319000000000001,-0.07399999999999984,True,False,0.44849195778369905,0.9564644694328308,0.7316641330718994,0.17253923639655114,0.5284953773021698,0.1987893119454384,0.4309807479381561,0.8996750235557556,0.12690780013799668,0.627905797958374,0.41214326322078704,0.9993188142776489,0.9205599665641785,0.48568164110183715,0.8889907479286194,-4.629436016945121,64.24376377994672,36.1535287713841,10.93337376872851,-3.438760559025237,-8.200998167594658,False,False,False,not_evaluated_cross_domain_gate,False
A6PX-P085-0017,CN(CC(=O)N1CCO[C@H](CN2Cc3ccccc3C2=O)C1)c1ccccc1,87_p25103_full,full,P25103__P32247,P25103,P32247,87_p25103_full::ZINC000786084747,ZINC000786084747,0.4,379.46000000000015,2.0061999999999998,53.09,5,0,4,0.7975403920904347,2.8432319831033883,-8.132,-5.688,-2.325,-2.218,0.1019880167252777,-2.319000000000001,-0.005999999999999339,True,False,0.4654528796672821,0.980956757068634,0.7420305252075196,0.07031704112887383,0.4543911278247833,0.07780995443463326,0.09089536294341087,0.7039687097072601,0.09105109572410583,0.4466047763824463,0.49642136693000793,0.9995150208473206,0.9773159503936768,0.4498823344707489,0.8090302228927613,-4.321265306454803,100.05159111391643,48.25702700634605,20.447981896403245,-2.584166121736291,-3.5386551834611053,True,True,True,dual_endpoint_improved,True
A6PX-P089-0063,CC(N)c1ccc(NC(=O)c2ccc(C(=O)Nc3ccc(C#N)cc3)cc2O)cc1,89_5ht1d_full,full,P28221__P28222,P28221,P28222,89_5ht1d_full::ZINC000004821857,ZINC000004821857,0.4,400.4380000000001,3.7881800000000014,128.24,5,4,5,0.5179326969451082,2.4792496311300773,-7.149,-5.69,-1.4589999999999996,-1.3580000000000005,0.10311913282973008,-1.0830000000000002,-0.37599999999999945,True,False,0.46373664140701293,0.14675284028053284,0.8247613310813904,0.20279629975557328,0.10864167064428329,0.31656304001808167,0.028622066602110863,0.3977412641048431,0.5755646139383316,0.21679852902889252,0.8683969616889954,0.9553737640380859,0.4589277863502502,0.22868530154228212,0.7835574269294738,-5.694288864906379,30.13575444176587,-24.309603699756355,49.242133438554646,-5.048689971302997,-4.680636147592293,True,True,True,dual_endpoint_improved,True
A6PX-P090-0108,Cc1ccccc1OCC(=O)N1CCCC(=O)[C@H]1c1[nH]nc(-c2ccccc2)c1C,90_5ht1d_full,full,P28221__P28566,P28221,P28566,90_5ht1d_full::ZINC000008735285,ZINC000008735285,0.21739130434782608,403.4820000000001,4.0051400000000035,75.29,5,1,4,0.6985590587809504,2.9387100195788367,-8.642,-5.48,-3.161999999999999,-2.732,0.23644167709324584,-2.6149999999999993,-0.5469999999999997,True,False,0.032963110320270064,0.8660219311714172,0.9137018322944641,0.17683020532131194,0.9357895135879517,0.8919734001159668,0.035208283364772795,0.9047857999801636,0.15501375757157804,0.10781488120555878,0.8689044713973999,0.9999847173690796,0.9780864953994751,0.9271593809127807,0.5228137910366059,-5.023694648536098,67.21562768558142,56.91329208988227,-7.193799439477752,-5.096705903030056,-0.13964626058331708,True,True,True,dual_endpoint_improved,True
A6PX-P091-0227,COC(=O)c1cc(C)cc2c1c(=O)n(CC(=O)N1CCC[C@H](N)C1)c(=O)n2-c1cccc(OC)c1,92_5ht1d_full,full,P28221__P47898,P28221,P47898,92_5ht1d_full::ZINC000020344994,ZINC000020344994,0.6025641025641025,480.5210000000003,1.2057199999999997,125.86000000000001,5,1,9,0.5441046372710678,3.0861360869204217,-9.01,-5.708,-3.2669999999999995,-3.1580000000000004,0.06197311244940541,-2.496999999999999,-0.7700000000000005,True,True,0.1214857716113329,0.6503633022308349,0.8582021713256835,0.03695503361523152,0.1076784923672676,0.20168982744216918,0.0696671687066555,0.8678404569625855,0.05347548071295023,0.501018476486206,0.8749470233917236,0.9966605544090271,0.927911376953125,0.5440502285957336,0.7760827898979187,-5.018482935952788,56.15543498773884,50.08530289879017,8.71249643369151,-3.061398504293193,3.9000236110496744,True,True,False,not_dual_endpoint_improved,False
A6PX-P091-0026,COC(=O)c1cc(C)nc2c1c(=O)n([C@H](C)CN1CCNCC1)c(=O)n2-c1cccc(OC)c1,92_5ht1d_partial,partial,P28221__P47898,P28221,P47898,92_5ht1d_partial::ZINC000020344994,ZINC000020344994,0.5844155844155844,467.5260000000003,1.1172200000000014,107.69000000000001,6,1,10,0.5376516107203202,3.179192503423347,-8.223,-5.352,-2.6340000000000003,-2.378,0.20131622443862363,-2.496999999999999,-0.13700000000000134,True,False,0.16790237724781037,0.5422766506671906,0.8096995711326599,0.05127741117030382,0.07293598502874374,0.12756418138742448,0.11862088106572628,0.8352468013763428,0.12377379946410656,0.6433287620544433,0.8480729699134827,0.9843732833862304,0.8850893616676331,0.5097439229488373,0.8321314573287963,-4.931641832562372,35.33981250009183,48.963383707160595,12.588874252164661,-2.419405798957429,3.6670766282396117,True,True,False,not_dual_endpoint_improved,False
A6PX-P096-0088,CNC(=O)c1ccc(-n2c(-c3ccc(F)cc3)cn3c4c(=O)n(C)c(=O)n(C)c4nc23)cc1,96_5ht2a_partial,partial,P28223__P41595,P28223,P41595,96_5ht2a_partial::ZINC000009086175,ZINC000009086175,0.6212121212121212,446.4420000000002,1.8412999999999997,95.32999999999998,3,1,8,0.45760291771839373,2.5441231524215304,-11.746,-5.414,-6.332000000000001,-5.977,0.17617857102635634,-5.965999999999999,-0.36600000000000144,True,False,0.27044196128845216,0.5360109686851502,0.9017051458358765,0.03995736613869667,0.012861615931615233,0.05279567316174507,0.01243334230966866,0.09006600826978683,0.3435442626476288,0.40177537202835084,0.9770485043525696,0.9679201722145081,0.7304058909416199,0.7719591856002808,0.8136356592178344,-4.759298460570202,0.7362238286711488,6.322558112912246,63.53858478001126,-4.88753680495239,-4.488387767132262,True,True,True,dual_endpoint_improved,True
A6PX-P097-0109,CC(C)CNC(=O)c1cc(N(C)C(=O)CCc2c(O)cccc2O)c2ncncc2c1,97_nmbr_full,full,P28336__P30550,P28336,P30550,97_nmbr_full::ZINC000766625359,ZINC000766625359,0.15053763440860216,422.48500000000007,3.022400000000001,115.65,7,3,6,0.5390384676454437,2.7634976213125952,-6.815,-5.744,-1.2080000000000002,-1.0099999999999998,0.09478396488858253,-0.242,-0.9660000000000002,False,False,0.17351816445589066,0.41384702920913696,0.7369821667671204,0.36007084548473356,0.6012982249259948,0.743156635761261,0.14500987976789476,0.8550322771072387,0.1488650031387806,0.14505235180258752,0.8237855672836304,0.9980226755142212,0.8060860395431518,0.1979190543293953,0.8276829481124878,-5.598362334372577,71.67338371569065,65.3771790246734,3.841872188669653,-3.77083314588251,-4.59301172265352,False,False,False,not_evaluated_cross_domain_gate,False
A6PX-P098-0011,Cc1ccc(-c2nnc3n(c2=O)CCC32CCN(C(=O)N3CC[C@H](CO)C3)CC2)cc1,98_p28336_partial,partial,P28336__P32247,P28336,P32247,98_p28336_partial::ZINC000306129509,ZINC000306129509,0.5757575757575758,423.5170000000002,1.7852199999999998,91.56,2,1,6,0.7951750993686901,3.7410794219320405,-9.269,-6.434,-2.835,-1.7059999999999995,0.6174306978654905,-2.822,-0.0129999999999999,False,False,0.17011472582817078,0.8304646611213684,0.7745246291160583,0.005314965895377099,0.012437406368553639,0.02290146155282855,0.0035584626253694295,0.041857586987316606,0.10844529494643211,0.39192078709602357,0.5343313157558441,0.9964319705963135,0.8682014465332031,0.5569086730480194,0.6295104146003723,-4.818321605348217,1.501363351460664,16.483588056665337,20.123347706344966,-2.5568689233382256,-10.083487861058156,False,False,False,not_evaluated_cross_domain_gate,False
A6PX-P099-0160,Cc1c(C(=O)N(CCO)Cc2ccc(F)cc2)c[nH]c2nc(=O)n(C)c(=O)c1-2,99_p28566_full,full,P18825__P28566,P28566,P18825,99_p28566_full::ZINC001128975210,ZINC001128975210,0.32926829268292684,386.38300000000015,0.7040199999999999,108.28999999999999,5,2,6,0.671244539263141,2.601364987220105,-8.607,-5.975,-2.6319999999999997,-2.303,0.28886252016410113,-0.5049999999999999,-2.127,True,False,0.09555096700787544,0.6128797173500061,0.9052895307540894,0.04963725721463561,0.048134931921958925,0.09894756712019444,0.011045504384674132,0.0679674431681633,0.34152326434850694,0.35557326674461365,0.7926438570022583,0.9872687578201294,0.4939000368118286,0.19093018472194673,0.5698232650756836,-4.971469002983581,15.305438874971617,-5.012433918619648,26.309252104926287,-3.24574899308537,1.0448382950492896,False,False,False,not_evaluated_cross_domain_gate,False
A6PX-P099-0072,Cc1c([C@H]2N[C@@H](CC(C)C)C3=CNCCN32)cnc2c1c(=O)n(C)c(=O)n2C,99_p28566_full,full,P18825__P28566,P28566,P18825,99_p28566_full::ZINC001128975210,ZINC001128975210,0.30952380952380953,384.4840000000002,0.7037200000000003,84.19,3,2,8,0.810718825752829,4.222018392855922,-9.116,-6.718,-2.3979999999999997,-2.2809999999999997,0.06596126809642809,-0.5049999999999999,-1.8929999999999998,True,True,0.493240550160408,0.5940889954566956,0.9163244962692261,0.05516089452430606,0.03092205369612202,0.053486632229760286,0.01321585979894735,0.45491190254688263,0.0803097888827324,0.5114836812019348,0.8672164797782898,0.9976213216781616,0.9151809096336365,0.24302895069122316,0.6951592087745666,-5.0958216863055394,4.5624874852137145,23.944229027975872,22.455585185036817,-2.688047012467211,-3.009108074957884,True,False,False,seed_baseline_missing_or_failed,False
A6PX-P099-0104,Cn1c(=O)c2c(N)c(C(=O)N3CCCC[C@@H]3c3ccccc3)cnc2n(C)c1=O,99_p28566_full,full,P18825__P28566,P28566,P18825,99_p28566_full::ZINC001128975210,ZINC001128975210,0.49295774647887325,393.44700000000023,1.5817999999999999,103.22,2,1,7,0.7120100507548148,2.9121406420132327,-8.913,-6.503,-2.3610000000000007,-2.311,0.09738697152197634,-0.5049999999999999,-1.8560000000000008,True,False,0.1666908659040928,0.933916199207306,0.8680752038955688,0.03143534734845162,0.1734837144613266,0.2797545626759529,0.006980496738106012,0.38448029160499575,0.09756114110350608,0.48000248074531554,0.8557269334793091,0.9994252800941468,0.9128470063209534,0.4396240681409836,0.6296406567096711,-4.9241194646526445,14.589630180187015,6.479825515971404,13.239528276919037,-3.7075854657455998,1.009602131031185,True,False,False,seed_baseline_missing_or_failed,False
A6PX-P099-0131,CCN(Cc1ccc(F)cc1)C(=O)c1cnc2c(c1C)c(=O)n(C)c(=O)n2C,99_p28566_full,full,P18825__P28566,P28566,P18825,99_p28566_full::ZINC001128975210,ZINC001128975210,0.5,384.41100000000023,1.7420200000000001,77.20000000000002,4,0,6,0.6866106724961286,2.4281113908165093,-8.182,-5.874,-2.268,-2.1900000000000004,0.1777663885240649,-0.5049999999999999,-1.763,True,False,0.34483665227890015,0.9500469088554382,0.9431925177574157,0.11073662489652633,0.24023847430944442,0.2853295236825943,0.01688767788000405,0.32688036262989045,0.3359406620264053,0.3309538662433624,0.7611282706260681,0.999008858203888,0.986389696598053,0.5422391891479492,0.6848131239414215,-4.340537591979894,21.661224716866094,25.624306416248412,28.354127016288608,-3.3471566467473557,-0.8395277703636248,True,False,False,seed_baseline_missing_or_failed,False
A6PX-P099-0066,CCC1=C(C)C2=CCNCC2=C(c2ccc3c(c2C)c(=O)n(C)c(=O)n3C)O1,99_p28566_full,full,P18825__P28566,P28566,P18825,99_p28566_full::ZINC001128975210,ZINC001128975210,0.2159090909090909,379.46000000000015,2.5005200000000007,65.25999999999999,2,1,6,0.8707949621468928,3.5588103418654615,-9.327,-7.077,-2.2560000000000002,-2.181000000000001,0.057602083295658316,-0.5049999999999999,-1.7510000000000003,True,True,0.45867663621902466,0.8514212489128112,0.8254711747169494,0.6264996528625488,0.4158796459436417,0.5317884147167206,0.1485649287700653,0.8216229319572449,0.1506857991218567,0.33732680678367616,0.8725238680839539,0.9994466066360473,0.9626589298248291,0.895333182811737,0.8062316656112671,-4.716991296351194,13.906864576624645,31.809826484573012,39.20832178729031,-4.403855054215194,-3.385837853884283,True,False,False,seed_baseline_missing_or_failed,False
A6PX-P099-0068,CN1C=C(O)N2CCc3c(C(=O)N4CCNC[C@@H]4c4ccc(F)cc4)ccc1c32,99_p28566_full,full,P18825__P28566,P28566,P18825,99_p28566_full::ZINC001128975210,ZINC001128975210,0.3253012048192771,394.4500000000002,1.9512999999999998,55.89000000000001,2,1,4,0.8461441516455288,3.231691625434097,-8.509,-6.664,-1.8229999999999995,-1.819,0.026449112566503594,-0.5049999999999999,-1.3179999999999996,True,True,0.16414482593536378,0.8125660657882691,0.7120817184448243,0.07419022023677826,0.4078687369823456,0.20537571609020233,0.04476884230971336,0.46812677979469297,0.2533836022019386,0.2940004736185074,0.8541250467300415,0.9968760848045349,0.9135931491851806,0.2576243609189987,0.7362226366996765,-4.811722322218599,24.933448250314022,3.852366426548424,16.227967900249418,-2.8035115773958337,3.62416358712863,True,False,False,seed_baseline_missing_or_failed,False
A6PX-P099-0147,Cc1c(C(=O)N(CCO)Cc2ccc(F)cc2)cnc2c1c(=O)n(C)c(=O)n2C,99_p28566_full,full,P18825__P28566,P28566,P18825,99_p28566_full::ZINC001128975210,ZINC001128975210,0.4861111111111111,400.4100000000002,0.7144199999999998,97.43,5,1,7,0.6805498502393231,2.505537365532909,-7.658,-5.881,-1.7770000000000001,-1.7270000000000003,0.12146421512344924,-0.5049999999999999,-1.2720000000000002,True,False,0.15842912048101426,0.803870415687561,0.896513831615448,0.04195990273728967,0.058353618159890173,0.1174876257777214,0.013310434576123954,0.13314200341701507,0.2815600082278252,0.28752836883068084,0.7247413516044616,0.9945006489753723,0.8997136116027832,0.4724853575229645,0.7007031083106995,-4.511648428812154,12.520067865947583,18.111791966656888,40.406477608483314,-2.7048066185327437,-1.0831459113116384,False,False,False,not_evaluated_cross_domain_gate,False
A6PX-P099-0188,Cc1c(C(=O)[C@@]2(O)CCCC[C@@H]2c2ccc(F)cc2)cnc2c1c(=O)n(C)c(=O)n2C,99_p28566_full,full,P18825__P28566,P28566,P18825,99_p28566_full::ZINC001128975210,ZINC001128975210,0.5277777777777778,425.4600000000002,2.3513200000000007,94.19000000000001,3,1,7,0.6504104987933896,3.5801284273318856,-9.051,-7.2,-1.7599999999999998,-1.3849999999999998,0.30945794903705776,-0.5049999999999999,-1.255,False,True,0.2052224576473236,0.9512513637542724,0.9709425568580627,0.058534099627286194,0.16629380136728286,0.34783264100551603,0.020636089937761427,0.502504152059555,0.15800071656703948,0.2849147170782089,0.8450583338737487,0.9999694585800171,0.9803190588951111,0.7451565623283386,0.5721595108509063,-4.400662693235205,49.9770211036864,7.63589002444383,12.716213755624796,-3.985724611512461,-1.6974559948835506,False,False,False,not_evaluated_cross_domain_gate,False
A6PX-P099-0085,Cc1c(N[C@H]2CCCC[C@@H]2c2ccc(F)cc2)cnc2c1c(=O)n(C)c(=O)n2C,99_p28566_full,full,P18825__P28566,P28566,P18825,99_p28566_full::ZINC001128975210,ZINC001128975210,0.4583333333333333,396.46600000000024,3.218020000000002,68.92,3,1,6,0.7381386870045114,3.2797729836116982,-9.149,-7.414,-1.626999999999999,-1.1600000000000001,0.2781034979203882,-0.5049999999999999,-1.121999999999999,True,False,0.4469008207321167,0.9275825977325439,0.9663831233978272,0.273393788933754,0.30270538181066514,0.3179339125752449,0.03763670902699232,0.7023689687252045,0.32034194469451904,0.38112072050571444,0.8438771367073059,0.9998898029327392,0.9691174030303955,0.6146307170391083,0.7579817056655884,-4.6029453038089745,38.73941476557776,21.835379352425996,41.96478589258752,-5.09670796228947,2.0772555021654995,True,False,False,seed_baseline_missing_or_failed,False
A6PX-P099-0267,Cc1cnc(C)c(C(=O)c2ccc3c(c2C)c(=O)n(C)c(=O)n3C)c1-c1ccc(F)cc1,99_p28566_full,full,P18825__P28566,P28566,P18825,99_p28566_full::ZINC001128975210,ZINC001128975210,0.37662337662337664,431.4670000000002,3.594560000000003,73.96000000000001,3,0,6,0.46484767378720004,2.6934322994251154,-9.867,-8.308,-1.5790000000000006,-1.4649999999999999,0.07180683966184721,-0.5049999999999999,-1.0740000000000007,True,True,0.1728479415178299,0.853017246723175,0.9442181825637818,0.0985326800495386,0.1544232338666916,0.2119306355714798,0.01217961055226624,0.41690600514411924,0.41989789009094236,0.18768149018287658,0.8985842585563659,0.9988960862159729,0.9696990728378296,0.9483357667922974,0.7764053225517273,-4.24706282732797,2.8951962398789193,0.1698156203724956,51.25990971591125,-5.117143144158755,0.34922403479915215,True,False,False,seed_baseline_missing_or_failed,False
A6PX-P099-0077,Cc1c(C(Nc2ccccc2)C2CCC2)cnc2c1c(=O)n(C)c(=O)n2C,99_p28566_full,full,P18825__P28566,P28566,P18825,99_p28566_full::ZINC001128975210,ZINC001128975210,0.34210526315789475,364.4490000000002,2.8939200000000014,68.92,4,1,6,0.77284629125628,2.9916148789112267,-8.159,-6.726,-1.399,-1.1909999999999998,0.13150158427436062,-0.5049999999999999,-0.8940000000000001,True,False,0.3886159032583237,0.9728448033332825,0.9607709765434265,0.45834921002388,0.5966635704040527,0.5227741658687591,0.04361002389341593,0.8041360020637512,0.2842262417078018,0.3351262718439102,0.7977068066596985,0.9999580383300781,0.9864829182624817,0.5379975259304046,0.7457096338272095,-4.614601561211076,49.00808967969279,34.3489295876935,25.058533712763243,-4.931279720766287,0.21855515150401547,True,False,False,seed_baseline_missing_or_failed,False
A6PX-P099-0084,Cc1c(C(=O)N2CCNC[C@@H]2c2ccc(F)cc2)ccc2c1n(C)c(=O)n2C,99_p28566_full,full,P18825__P28566,P28566,P18825,99_p28566_full::ZINC001128975210,ZINC001128975210,0.4383561643835616,382.43900000000014,2.11122,59.27,2,1,5,0.7386208091633649,3.002659136292081,-7.965,-6.569,-1.3780000000000001,-1.3529999999999998,0.10444456264768744,-0.5049999999999999,-0.8730000000000002,True,False,0.27944294512271883,0.8936539769172669,0.8824533462524414,0.06139102727174759,0.24439822733402253,0.33109903931617735,0.05218514204025269,0.6260071635246277,0.21415467262268068,0.5848293900489807,0.7346159934997558,0.9992463827133179,0.922553277015686,0.6376486420631409,0.9215611577033996,-4.712541727753701,1.8147164729470737,3.9995067356640477,-1.6290278804547462,-2.487302886771464,-5.829100995941517,False,False,False,not_evaluated_cross_domain_gate,False
A6PX-P099-0106,COc1c(O)n(C)c2ncc(C(=O)N3CCNC[C@@H]3c3ccc(F)cc3)c(C)c12,99_p28566_full,full,P18825__P28566,P28566,P18825,99_p28566_full::ZINC001128975210,ZINC001128975210,0.527027027027027,398.43800000000016,2.52172,79.62,3,2,6,0.7088443365465299,3.3501474796200714,-7.267,-6.042,-1.2250000000000005,-1.08,0.5722907186619981,-0.5049999999999999,-0.7200000000000006,True,False,0.2307142958045006,0.6895544171333313,0.8999084949493408,0.11045696437358857,0.17551405280828475,0.22091730386018754,0.048078042641282084,0.6239883899688721,0.07945200800895691,0.33658079206943514,0.8406665563583374,0.999626100063324,0.9586353421211242,0.4247156858444214,0.8312236785888671,-4.8073138364863315,13.719839634170734,25.449837839927845,1.887766237472728,-2.938788638956886,3.033078312490514,False,False,False,not_evaluated_cross_domain_gate,False
A6PX-P099-0122,Cn1c(=O)c2cc(C(=O)N[C@H](CCO)c3ccc(F)cc3)ccc2n(C)c1=O,99_p28566_full,full,P18825__P28566,P28566,P18825,99_p28566_full::ZINC001128975210,ZINC001128975210,0.25301204819277107,385.3950000000002,1.2298,93.33000000000001,5,2,6,0.6909081053565976,2.679583342854748,-7.772,-6.643,-1.1740000000000004,-1.1290000000000004,0.19250454540088152,-0.5049999999999999,-0.6690000000000005,True,True,0.19845672994852065,0.6386593103408813,0.9370986461639405,0.04404815752059221,0.027781819738447667,0.07825337760150433,0.00658420892432332,0.06258457191288472,0.4213578015565872,0.2634564459323883,0.8717615604400635,0.9865473508834839,0.5894849538803101,0.33335617184638977,0.571550989151001,-4.818214965231768,7.237564989303811,-0.3140544737184328,63.56932592415819,-3.4605229814026117,-2.6635962810894114,False,False,False,not_evaluated_cross_domain_gate,False
A6PX-P099-0013,Cc1c(C(=O)N2CCOC[C@@H]2[C@@H]2CCCO2)cnc2c1c(=O)n(C)c(=O)n2C,99_p28566_partial,partial,P18825__P28566,P28566,P18825,99_p28566_partial::ZINC001128975210,ZINC001128975210,0.6268656716417911,388.42400000000015,-0.03937999999999864,95.66,2,0,8,0.7164827648103904,3.5705204062271667,-8.71,-6.111,-2.631000000000001,-2.500000000000001,0.06296559907335632,-0.5049999999999999,-2.1260000000000012,True,True,0.3744365096092224,0.8575730204582215,0.9447252154350281,0.020080722402781248,0.014565801387652755,0.021750450320541858,0.00042446373554412277,0.10739452689886093,0.03917100131511688,0.33923410773277285,0.9268713474273682,0.9987686276435852,0.9589611291885376,0.13553051203489302,0.3641002237796783,-4.328687192781873,14.44524918755351,16.14853222465031,18.646814579440495,-1.9986303261106595,2.6225844968470047,True,False,False,seed_baseline_missing_or_failed,False
A6PX-P099-0003,Cc1c(C(=O)N2CCOC[C@@H]2CC(C)C)cnc2c1c(=O)n(C)c(=O)n2C,99_p28566_partial,partial,P18825__P28566,P28566,P18825,99_p28566_partial::ZINC001128975210,ZINC001128975210,0.6363636363636364,374.44100000000014,0.8277200000000005,86.43,3,0,7,0.7941959010017607,3.2258239748016377,-8.086,-6.224,-2.019,-1.8500000000000005,0.08342794629032994,-0.5049999999999999,-1.5140000000000002,True,True,0.30671574771404264,0.9210506677627563,0.9495517373085022,0.03299350626766682,0.09718600921332836,0.17227913066744804,0.0005383991141570732,0.23191664963960648,0.07722838260233403,0.29728962779045104,0.901762330532074,0.9997698068618774,0.9921718597412109,0.34979050904512404,0.4663242042064667,-4.193771745170936,25.2724765563866,39.44821209192331,3.1716249373106615,-2.174057071215146,-0.6491113854125657,True,False,False,seed_baseline_missing_or_failed,False
A6PX-P099-0005,CC[C@H](C)C[C@H]1COCCN1C(=O)c1cnc2c(c1C)c(=O)n(C)c(=O)n2C,99_p28566_partial,partial,P18825__P28566,P28566,P18825,99_p28566_partial::ZINC001128975210,ZINC001128975210,0.6086956521739131,388.4680000000002,1.21782,86.43,4,0,7,0.786014651439443,3.598898715165191,-7.912,-6.177,-1.7620000000000005,-1.6360000000000001,0.2513921239816394,-0.5049999999999999,-1.2570000000000006,True,False,0.2506100296974182,0.9174437284469604,0.9459397912025451,0.024665729701519014,0.06934454869478941,0.15788376629352568,0.0012546661775559187,0.45445223301649096,0.06559167355298996,0.4173708915710449,0.8608317732810974,0.9997019052505494,0.9905311226844787,0.5290254652500153,0.5820476353168488,-4.272415296618247,30.40347491039114,43.96165490119764,5.284889421418116,-2.34127101407461,-0.3732858674831766,True,False,False,seed_baseline_missing_or_failed,False
A6PX-P099-0011,Cc1c(C(=O)N2CCOC[C@@H]2C2=CCCO2)cnc2c1c(=O)n(C)c(=O)n2C,99_p28566_partial,partial,P18825__P28566,P28566,P18825,99_p28566_partial::ZINC001128975210,ZINC001128975210,0.703125,386.4080000000002,0.08582000000000067,95.66,2,0,8,0.7257461781973997,3.6138194913216664,-7.55,-6.047,-1.4959999999999996,-1.359,0.45248278051950963,-0.5049999999999999,-0.9909999999999997,False,True,0.23806127309799194,0.788627278804779,0.9593475937843323,0.017097954638302326,0.019662259984761475,0.026565597951412202,0.00023682677128817887,0.07224410064518452,0.05587424896657467,0.19883995205163957,0.9539523243904113,0.9989439010620117,0.9697213172912598,0.19683579057455064,0.23699355199933053,-4.403635886159223,17.32394994718981,26.468978130617337,-15.423552972777491,-2.201694327194116,2.6658238100705,False,False,False,not_evaluated_cross_domain_gate,False
A6PX-P099-0001,CCC[C@H]1COCCN1C(=O)c1cnc2c(c1C)c(=O)n(C)c(=O)n2C,99_p28566_partial,partial,P18825__P28566,P28566,P18825,99_p28566_partial::ZINC001128975210,ZINC001128975210,0.6461538461538462,360.4140000000001,0.5817200000000005,86.43,3,0,7,0.799226927068085,3.2071787142291743,-7.34,-5.871,-1.4689999999999994,-1.367,0.08989376446055054,-0.5049999999999999,-0.9639999999999995,True,False,0.26756825149059293,0.9271843314170838,0.9619174361228943,0.06987810079008341,0.05429084282368422,0.08885482847690582,0.0004355797442258336,0.1446997657418251,0.05760616846382618,0.25571192502975465,0.9188274264335632,0.9998209714889527,0.9884364128112793,0.20036033689975738,0.3787505507469177,-4.205954699223914,18.767914385347762,32.63994947625524,5.517542180087999,-2.027559250743166,1.662773186099661,True,False,False,seed_baseline_missing_or_failed,False
A6PX-P099-0008,Cc1c(C(=O)N2CCOC[C@@H]2C(C)(C)C)cnc2c1c(=O)n(C)c(=O)n2C,99_p28566_partial,partial,P18825__P28566,P28566,P18825,99_p28566_partial::ZINC001128975210,ZINC001128975210,0.6666666666666666,374.44100000000014,0.8277200000000005,86.43,1,0,7,0.7378865827498288,3.3375617250650738,-7.256,-5.948,-1.3260000000000005,-1.2780000000000005,0.06209848808322288,-0.5049999999999999,-0.8210000000000006,True,True,0.3844029247760773,0.9101862430572509,0.939053750038147,0.017319792043417694,0.14084021225571633,0.14553709030151368,0.00044513273460324856,0.18755274936556815,0.11894679963588714,0.2623459607362747,0.8581529259681702,0.9994345664978027,0.9920112729072571,0.2569008648395538,0.4658702313899994,-4.2122700471825185,20.093424161624824,41.32113188403521,7.503731813425648,-2.792437960396523,0.39564658923729434,True,False,False,seed_baseline_missing_or_failed,False
A6PX-P099-0009,CO[C@@H](C)[C@H]1COCCN1C(=O)c1cnc2c(c1C)c(=O)n(C)c(=O)n2C,99_p28566_partial,partial,P18825__P28566,P28566,P18825,99_p28566_partial::ZINC001128975210,ZINC001128975210,0.6268656716417911,376.4130000000002,-0.1834799999999983,95.66,3,0,8,0.7372588683081776,3.666792904621621,-6.961,-5.725,-1.2860000000000005,-1.2220000000000004,0.030652170486860152,-0.5049999999999999,-0.7810000000000006,True,True,0.35090288817882537,0.902005958557129,0.9698611617088317,0.015769297396764158,0.014467810932546853,0.01825334466993809,0.00012991329494980164,0.06957657979801297,0.03753533624112606,0.2663681149482727,0.9299875974655152,0.9996646642684937,0.9836021780967712,0.10765107423067093,0.34985666871070864,-4.168805972576125,11.459310969874355,18.49167284867661,3.7365731723081765,-1.7393793978481444,7.4642720605328545,True,False,False,seed_baseline_missing_or_failed,False
